gene_name,baseMean,log2FoldChange,lfcSE,stat,pvalue,padj
PGK1,3338.0850546547995,3.369115851196992,0.28446177532384237,11.843826283378352,2.3163863595529596e-32,8.42536462305195e-30
TUBA1B,8330.038799593043,2.892458246408263,0.25688062182205235,11.259931659663847,2.0691911646349853e-29,5.9206456524089046e-27
ATP5F1B,3204.6550430773013,2.7038415666669473,0.24872474951619408,10.870818332016873,1.587703267851162e-27,3.9163347273661995e-25
TMBIM6,7337.844223678129,2.7734925647912645,0.26392484601919564,10.508645194357882,7.881765265669012e-26,1.6263719480890095e-23
TUBA1C,2068.928171411806,2.7563320382723457,0.2641532353341792,10.434595036420133,1.7234705186346555e-25,3.244357660517518e-23
GANAB,3079.943648989727,2.835672299224043,0.27913966479338653,10.158614689614067,3.033559459688535e-24,5.04652604689271e-22
PSMB4,1059.215742800928,3.8056373386309916,0.37796859176897246,10.068660257773825,7.600633734030765e-24,1.2082192587577794e-21
CDC20,379.258542204445,2.731458769691882,0.2725344441196568,10.022435066932784,1.2147259295053286e-23,1.8487956345520815e-21
ELOVL1,463.9663794196359,2.8780857303052043,0.2938959417492266,9.792873331884916,1.2081292008386139e-22,1.7284301766664435e-20
PEF1,314.935130572948,2.7105713698535805,0.30789041723435423,8.803688644165884,1.3239135052095358e-18,1.1887524611630392e-16
LAPTM4B,856.2811746523107,2.46163739071423,0.27981031932579387,8.797521823518064,1.398706081420596e-18,1.2506763544702495e-16
PPP2R1A,1388.5772514256262,2.3899823451406257,0.27279405412044105,8.761123305442085,1.933141995536551e-18,1.7142655877774538e-16
RPL10,5913.520746830337,2.7638601323884933,0.3178468645205993,8.69557148709696,3.450884623037129e-18,3.035081311900688e-16
RPL7A,6038.79679549213,2.5606458658169853,0.3035794859701316,8.434844856641336,3.3164245008243e-17,2.6755815709657698e-15
SNRPD2,611.867504027165,2.4645267386355183,0.294429080842957,8.370527570101173,5.736083937740665e-17,4.576072910926196e-15
RPS29,1357.0107594001038,3.3917035180942148,0.40857545111804294,8.301290517609454,1.0298651386282516e-16,7.978666380852809e-15
SDHC,721.6233672857031,2.585413804555656,0.3183884556188837,8.120312652448805,4.649842433004048e-16,3.405652512364058e-14
MED28,587.6443293374846,1.9699480992582232,0.24507116581692678,8.038269588719446,9.111599476118262e-16,6.567118174204829e-14
ATP6V0B,489.11503261180894,2.9766973756618405,0.3707319756437605,8.02924368876715,9.807537885753518e-16,7.039122509306706e-14
EIF6,408.9711217397367,2.5598784026892054,0.3192201389093622,8.019163237743108,1.064679398094172e-15,7.590704280099979e-14
TSPAN13,2669.2162615753705,2.658694455723756,0.33257527945373533,7.9942636148144866,1.3035059174133678e-15,9.232091415079497e-14
RAB25,454.91154870935225,2.527065277577033,0.31932480464621915,7.913776946882581,2.4969549389491375e-15,1.7397614607093665e-13
ORMDL2,206.4497153438913,2.720956034035368,0.349983722448031,7.774521669188207,7.573302662475373e-15,5.078846098022547e-13
GABARAP,557.2974973795339,2.7239748974963436,0.3507675938146965,7.765754150411525,8.116084508360372e-15,5.409042656814087e-13
PPIA,7306.294998068248,2.599982298317424,0.33685464404360205,7.718410134137517,1.1778966301941602e-14,7.801747433323049e-13
E2F1,191.45802581146026,3.03978012802648,0.39466066802050453,7.702262663449778,1.3367774876930415e-14,8.799768369905727e-13
SLC35A4,243.92346697183996,2.6209851188870177,0.3424912210843796,7.652707449226225,1.9679127470267076e-14,1.2720303479275044e-12
COX8A,396.5144332921024,3.1367469199887807,0.4108914053047402,7.634004701710401,2.2757160885576643e-14,1.4578169331476858e-12
MMADHC,539.6963536325677,2.156797342674409,0.28303214359662976,7.62032649460558,2.5303487387264434e-14,1.6065468619251324e-12
B4GALT2,268.4522169187822,2.630920384101545,0.3467349928418133,7.587697920359073,3.2563898755042016e-14,2.06141966750207e-12
MTCH1,1401.0597202711892,2.2621185533823778,0.29915644563501576,7.561657408318935,3.9796542931253286e-14,2.4971748868558347e-12
APEH,528.929159426243,2.242575478638941,0.29825880309214137,7.518891162270708,5.524274748321865e-14,3.416296756420186e-12
CAPNS1,1670.4729554989424,2.0979897856808085,0.2792117937563104,7.513972663747455,5.735956683583267e-14,3.516960869419912e-12
RNF185,198.9410029406876,2.4829369859916826,0.33092485768024693,7.503023506293375,6.236236369847858e-14,3.812810042647722e-12
VPS25,308.61413403151903,2.0974784730473055,0.27967069162618446,7.499815089136522,6.39079223746871e-14,3.8962045856840495e-12
TBRG4,315.5751144122465,2.552146786762539,0.3417093854120497,7.468764089359258,8.095151763742719e-14,4.893576249293485e-12
HADHB,792.6667890688941,2.0640623784503247,0.27842636812997296,7.4133150258483935,1.231808100749289e-13,7.302376199469541e-12
SLC25A3,1569.4207283132403,2.0870543082109436,0.28266880720821574,7.383390933098626,1.5430808058219792e-13,9.097393981576834e-12
BLOC1S5-TXNDC5,87.45146131690043,8.511057431766824,1.159941264821138,7.337490000477931,2.1763665286379612e-13,1.255506067327168e-11
SPG21,432.00834295045547,2.236354090886292,0.3051764593201078,7.328068802779181,2.334928476238363e-13,1.3397744679164513e-11
GLO1,1285.3474801257655,2.6394548134020086,0.360634664674537,7.318915988800037,2.499820276966362e-13,1.4292908833772085e-11
TMEM128,123.40772871220099,2.8407078135266115,0.38872723633291395,7.307714891101099,2.717235638604908e-13,1.5385719473472646e-11
TRIM28,1559.4472590252217,2.3482129845569952,0.32308281998971106,7.268145624802262,3.644557869126461e-13,2.031486022635165e-11
CYB5B,273.10307551055297,2.0427704489630174,0.2814953102809017,7.256854286220807,3.9619610562397936e-13,2.1800944683822044e-11
BANF1,767.1566705456828,2.2454907183707067,0.3097861828245061,7.248517987139463,4.2135648319230866e-13,2.3042404373281146e-11
RPS13,999.9227159137665,2.165335268984952,0.29924607034961936,7.235968935047725,4.622171247526078e-13,2.5175582480180113e-11
UBE2Z,899.6086504022094,1.9842668085819932,0.27457172967692656,7.2267702538668885,4.946158025887729e-13,2.6804179604937034e-11
ESYT1,869.3333269684152,2.159932146972949,0.29893359634079003,7.225458006100408,4.994157849702878e-13,2.6996127822323363e-11
ICMT,398.3141355340482,2.153143145810702,0.3004968729277476,7.165276379859069,7.762977810753656e-13,4.093206482033746e-11
SNN,303.2497072165506,2.535056717954829,0.3558906284730763,7.123134230399129,1.054999817415327e-12,5.4163387755341916e-11
NDUFC2,501.97867974520284,3.01996599218316,0.4275915967133171,7.062734664095668,1.6325728344374674e-12,8.166669703269942e-11
HSPD1,3867.131153628887,1.7554934560034572,0.2496786167030022,7.03101242382984,2.0504024304937407e-12,1.0000371854180835e-10
POLA2,237.53986600344493,2.1173715942959537,0.3018216092775613,7.01530814630564,2.294427076408896e-12,1.1089730869309665e-10
ZFAND5,1005.1952300227326,2.332470147934194,0.33258809064151074,7.013089805576687,2.3311171229228976e-12,1.1241746844477615e-10
PTP4A1,822.9890725480992,2.846593889274532,0.4071997912231879,6.990656553933011,2.7360279570915745e-12,1.3076873042134785e-10
YIPF6,434.0188102177576,2.1639546001020262,0.3100949537584112,6.978361220892102,2.9864301238442513e-12,1.414763586262641e-10
MKKS,148.83252885433222,2.7059788274886776,0.38793532588035096,6.9753349256037325,3.0514298224075363e-12,1.4423718940278796e-10
SLC35B2,598.2062890817016,2.848494512227728,0.408867371913094,6.966793410047853,3.2424626119407433e-12,1.525948413426499e-10
KPTN,71.2184048081557,3.131827319111429,0.4496163146921814,6.965555334119841,3.2711081763486008e-12,1.536060863554507e-10
UBA1,3472.9096309744873,1.7485569672160408,0.25165683739619743,6.948179852006921,3.700290879599331e-12,1.7300270648409944e-10
SURF1,223.5319762755669,2.272849610857585,0.32779326909401224,6.9337897545593705,4.097134400924159e-12,1.9031277974855507e-10
NOL6,305.99375451210665,2.170520506841129,0.31465240894194674,6.898153152997437,5.268293364915274e-12,2.4365856812733144e-10
AK2,920.3590499708461,2.1007674929894447,0.30564817738493233,6.873155635879172,6.279698767176938e-12,2.8795370842653224e-10
PPP1CC,988.8352159142817,1.7695769944271373,0.25766682617357844,6.8676943039421525,6.524785032567201e-12,2.979189080827492e-10
EIF3F,401.43691456749315,1.9776657601696415,0.28940463840686714,6.833566217377926,8.282923612672638e-12,3.757960691922935e-10
ZDHHC18,145.97559795932116,2.386321846167691,0.3495970253662357,6.8259214839365265,8.736270391894986e-12,3.9469550023171873e-10
RIC8A,348.45554092591897,2.4514896386917937,0.36049401777812684,6.800361497817175,1.0435695635056074e-11,4.675365935872721e-10
SRD5A3,232.66959934440857,2.2044420627284733,0.32440127592606055,6.795417362140471,1.0799940964565385e-11,4.818435199575325e-10
HNRNPL,1700.0813259402319,1.7333926825065085,0.2559015372471775,6.773670456040322,1.2555548742832687e-11,5.555506722086381e-10
FAM220A,79.46584505642545,2.9245913536721235,0.43353467539862023,6.745922574666173,1.5205769392718318e-11,6.680195477688214e-10
PSMB1,506.922381011429,1.784675642551155,0.26487229619781105,6.737872054457252,1.6072299466078162e-11,7.024675082322553e-10
APH1A,965.7334554449446,3.21229913973225,0.47679633376948677,6.737256375979763,1.614052468555357e-11,7.040155686015845e-10
SRSF2,1115.6081037162462,2.0531727994659432,0.3051438619384986,6.728540388860117,1.7137343188505055e-11,7.459784682055142e-10
GPX8,320.8542613406975,2.172734810823564,0.32323651561965994,6.721811137761855,1.7947949536994628e-11,7.781070647755651e-10
SDHD,209.13334681333407,2.295267359026364,0.34217676085635607,6.707841155787622,1.975247700005241e-11,8.528936748915991e-10
TRAPPC3,271.97128531491643,1.9034568854925284,0.28386066205354066,6.705602924062462,2.0057645727634176e-11,8.643314805522679e-10
GLB1,254.61099408307638,2.1780228978847935,0.3252538083198054,6.696379387949412,2.13646626188578e-11,9.169713196013768e-10
DDX39B,1768.1372027115294,1.895863166925331,0.28362746130207356,6.684342758003139,2.3196331470200657e-11,9.935993480050022e-10
MPDU1,172.50005027834425,3.0479269286272643,0.45820452736299977,6.65189177891433,2.8934943711183454e-11,1.2271618419802312e-9
TRUB2,306.48946963522343,2.1148616005651206,0.3184917522671677,6.640239772335025,3.131732836991276e-11,1.322178893826561e-9
RPS19,1799.1459779492761,2.851115624454693,0.4302436541633682,6.626746488565508,3.431662318137747e-11,1.4355452894198062e-9
ANAPC16,689.7142326981533,1.9592070863334512,0.29586040117452395,6.622065942436623,3.542129641077488e-11,1.4788735816638694e-9
PMF1,247.48622990746782,2.8205825188262414,0.42844433139612065,6.583311557968673,4.600836157348209e-11,1.906060693758544e-9
GTF2H2B,39.665987487130366,7.3702688958082625,1.1222067874373718,6.56765667283008,5.111322187168876e-11,2.105354589954781e-9
PRDX3,757.3479616924179,1.7999106321395884,0.27404601815316515,6.567913828011224,5.102505310572227e-11,2.105354589954781e-9
ILF2,1405.9194642258344,2.2348356649175614,0.34079709671151176,6.557672252734514,5.465416346761891e-11,2.2425972237382444e-9
SLC50A1,517.9061194037598,2.0989827599076825,0.3207989881190867,6.542984353580629,6.0303141658425e-11,2.4509572348291675e-9
SHMT2,447.62714800063696,2.22292076739982,0.3406862626325236,6.524832408043237,6.807761078231474e-11,2.7461382093768314e-9
PSMA1,508.2191781624389,2.6186991200273395,0.40154958541703156,6.5214838095466465,6.961523720055494e-11,2.802894916179942e-9
ODC1,350.0012216945862,2.1968805620927783,0.33691850444795496,6.520510251262078,7.006861813321276e-11,2.8158661893984e-9
SPR,160.1204793635582,2.4241608558383363,0.3725563723920376,6.506829665196048,7.675335679261403e-11,3.0615744177871695e-9
SULT1A1,63.24205187864589,4.0491860584193065,0.6223845282534857,6.505923387559126,7.721757459739056e-11,3.0743769032653093e-9
EIF1,2148.49239968305,1.7124938936679883,0.2633368417067769,6.503054728570164,7.870514526406795e-11,3.1278007729016634e-9
FAM168B,1118.3915146368145,1.7502348888954635,0.2694238936146158,6.496212586842804,8.236724578314687e-11,3.267284832728894e-9
ZNF263,437.3763503918493,1.6774577715567371,0.25851059295081885,6.488932435646342,8.644671990306443e-11,3.4164762598890652e-9
FMC1-LUC7L2,55.78547310893378,7.86252614198355,1.211769694069397,6.48846573772563,8.671487060314192e-11,3.4188261454583908e-9
TMEM109,392.02356653797256,2.1656316743240205,0.3343430418709839,6.47727454474645,9.339416977764432e-11,3.644070697142267e-9
NCOA4,967.9669232569078,1.9688599858954436,0.3050957652360006,6.453252421817366,1.0947478464153898e-10,4.225411651811919e-9
GTF2IRD1,385.79848278557125,1.8038559178181217,0.2806560598968417,6.4272829828835665,1.2990485788305182e-10,4.9692660430842995e-9
FANCG,218.31844549246074,2.278391731640531,0.35453460569307466,6.426429733668834,1.3063576475204243e-10,4.98833365049614e-9
CCT8,1512.236217550775,1.7732781312203485,0.27779370286895366,6.383435307951794,1.731587655326122e-10,6.588629624698329e-9
SF3B5,202.95567952628866,2.6514760347263726,0.4154792670925344,6.381728872492314,1.7509977640317349e-10,6.650692392233811e-9
PIGM,203.82237086508061,2.063963627125801,0.323681789517594,6.376520687808457,1.8115628945966455e-10,6.856462031401061e-9
PSENEN,236.176680336314,2.136380437578843,0.33567491075084893,6.3644328758444155,1.9601261761217557e-10,7.353899954470783e-9
RAB5IF,330.7684242126536,1.8814024854063915,0.29565829443511715,6.363435495699477,1.9729026916473756e-10,7.376043861106739e-9
GCH1,177.17957671706185,2.6659494114665376,0.41924203455059234,6.358974510569555,2.0310510343124925e-10,7.56540186660138e-9
GOT1,254.70182397970441,2.7302921529941147,0.4293761485958976,6.358742007264352,2.0341271561178921e-10,7.56540186660138e-9
BTF3,1193.1812074705356,1.6873812675991866,0.26547767147383905,6.356019541046284,2.0704869922891828e-10,7.68730983642316e-9
VMA22,153.0849468831902,2.0657467448973312,0.32787499741996684,6.300409488837504,2.968603218316706e-10,1.081599746435934e-8
EBP,323.34404423988383,2.1426208387173133,0.3401968634909642,6.298179285754122,3.011620647130595e-10,1.0946851833264573e-8
EIF3I,1208.7204288916125,1.9496908851420567,0.3095720476549954,6.29801979833432,3.0147201460668045e-10,1.0946851833264573e-8
NEURL1B,434.01970765687315,2.7792921132760533,0.4415653275328136,6.294181041806365,3.0902699086542365e-10,1.1202228418871608e-8
RPS12,2772.9636585206977,2.045849683272504,0.32531446995255564,6.288837024590003,3.1985303901284967e-10,1.1536212129774376e-8
RPL30,2597.0611300405644,1.9120220656628395,0.3042631132153236,6.2841073485951044,3.297428082367415e-10,1.1853066440134793e-8
TYRO3,144.97499239312307,2.4072008327984,0.38385778154082595,6.271074727561247,3.5856446823133855e-10,1.2782048983794894e-8
RHOB,2293.5302003425727,1.7459412231770135,0.27844882795028636,6.270240877037306,3.604899955021793e-10,1.2829378612730958e-8
ATP5MC2,1144.7592268324538,2.3303790410741536,0.3717490193509881,6.268689141783367,3.6410017104793676e-10,1.2936406739550865e-8
TXNIP,1915.0524846023318,2.1656322656017615,0.3459154943114979,6.2605818508135505,3.835436948848418e-10,1.3515349248322997e-8
PRDX6,1359.731682385458,1.97689958884321,0.3167399004899321,6.241397391946354,4.3367888619449295e-10,1.518229836498176e-8
RPS3,4539.045506640546,1.8044679821900578,0.2895201753819935,6.2326156711159735,4.587105959266886e-10,1.603245828760055e-8
MCRS1,256.92639325287325,1.9959407321504603,0.3203738233919463,6.23003687073591,4.663254113004672e-10,1.6219357093205877e-8
SLC71A2,434.70697850186986,2.0395756136442804,0.32743479805628944,6.2289519188295195,4.695658599470252e-10,1.6305636495895082e-8
SMIM13,125.57456124232873,2.5513386740589814,0.4096549435588449,6.228018761093003,4.723705134749183e-10,1.63765286254794e-8
CMTM4,715.7339300967162,1.748398211081252,0.28074950152274064,6.2276093157715975,4.736062769650894e-10,1.6392888231727125e-8
ATP5MC3,658.7292262536082,2.9496114119251753,0.4737257212790862,6.226411780979631,4.772387426163301e-10,1.645609847859471e-8
AAR2,277.8041246389379,1.7340765253906933,0.2797145731201704,6.199450053843648,5.666079438491789e-10,1.9362112221342958e-8
SNHG29,665.759019560121,3.1329001625840265,0.5058527177249725,6.1933049933466116,5.891556807474406e-10,2.0068699855301705e-8
SLC1A5,1674.5147200809572,2.167087170484751,0.3505238802797014,6.182423773112173,6.312479466772868e-10,2.133319832392846e-8
RPN2,2669.257856374269,1.7948836447202083,0.2911700187138999,6.164383450769494,7.07582902846763e-10,2.3689124953340927e-8
GNAS,11712.711165695735,2.160578738769249,0.35165886149691666,6.14396216143182,8.048802383370044e-10,2.673797200419832e-8
TMEM125,147.28916782578273,2.603748364685067,0.42386916913812045,6.142811400931638,8.107352557336373e-10,2.689084789496732e-8
TMEM203,234.9631274063364,2.6427337312975876,0.43073136296614073,6.135456942580078,8.491476312161895e-10,2.8078132767179397e-8
CFL1,3339.1088024079445,1.6678064122952625,0.2720882830649244,6.129651720053299,8.807165332581206e-10,2.903252965241055e-8
EXT2,552.2454618487899,1.6909601178278846,0.2759054881166965,6.128765793570148,8.856338075924948e-10,2.9149848943151746e-8
TXN2,225.25325404769916,2.265904446514723,0.3710634091073724,6.1065154658217775,1.0182977322204012e-9,3.316034800220002e-8
POLR2D,448.59964586648454,1.6738081593502845,0.2746365694790389,6.094629577282258,1.0969115102096162e-9,3.561228594417302e-8
UQCRC2,1015.2510598720296,1.618600378652667,0.2659669788198302,6.085719309347533,1.1596946024896004e-9,3.753702287998013e-8
PHB1,819.9303804707239,1.7962992657721917,0.2951830042607842,6.085374970251411,1.1621898908662978e-9,3.7561137135528245e-8
ABT1,144.69756646467647,2.5449160000488775,0.4187187050914084,6.077865567274597,1.2179279084211706e-9,3.912684568071605e-8
MAD2L1BP,159.45459109111547,2.789329600869534,0.4614549312615066,6.044641441460337,1.4974263937787088e-9,4.7748544443523167e-08
SRXN1,517.7300611500054,2.0089592585415854,0.3326153480922616,6.039887425712946,1.5422178701306766e-9,4.910385087982837e-8
SLC25A11,163.10198666447135,2.4634030769601885,0.40788880687721357,6.039398569967978,1.5468971453664752e-9,4.917987072528083e-8
SLC39A1,772.7268321386471,2.7537522005337833,0.45626736158003645,6.035391598026307,1.5857765368846934e-9,5.034136757625077e-8
NIT2,503.4389601920481,2.455765151843609,0.4070935860440155,6.032433907170644,1.61508407290447e-9,5.119601802737065e-8
TCF19,304.0241062964629,2.10561908079665,0.35031432171597754,6.01065657402329,1.847734550038743e-9,5.8312328593869746e-8
IARS1,1815.1233898017497,1.4349010095616748,0.2387416684042358,6.010266323229802,1.8521880291264395e-9,5.83670412702693e-8
PDXP,42.43093022504138,3.3281409769594967,0.5542095745491767,6.005202958947041,1.9109271143861404e-9,6.004172163210332e-8
CCT7,1937.950332258497,1.6141258075858307,0.2697948869798666,5.982788723888176,2.1934921368780976e-9,6.802361453382077e-8
URM1,312.24348698127665,2.9409783920939363,0.49189885518489884,5.978827478645906,2.247494233713475e-9,6.959772908440284e-8
MAZ,1186.9738610512009,2.107033642049633,0.35257683060143735,5.97609785775028,2.2854574623926397e-9,7.0569664953879207e-08
AKIRIN1,419.832589338086,2.254244132439799,0.37894653321435573,5.9487129050067296,2.7025918909259127e-9,8.285374568467155e-8
HILPDA,179.08176068024468,2.0077304499952158,0.3381010702474968,5.938255233932021,2.88071327154586e-9,8.788208580697042e-8
MGST2,112.13741656256809,2.472562825495068,0.41660229784691377,5.935067661109361,2.937243423971551e-9,8.928221512525423e-8
RNF26,145.65122185334297,1.939636387616411,0.32698587585721145,5.9318659637256435,2.9951109282822364e-9,9.065596688425499e-8
YWHAQ,2106.293667234785,1.7149737883115668,0.2892685031976002,5.92865717958952,3.054219744046817e-9,9.205555576860209e-8
RPSA,1949.909177932415,2.2019403252901255,0.37155270831008014,5.926320212561851,3.097982147390273e-9,9.324361414164833e-8
SLC25A40,194.64447586562915,1.7962703761749261,0.3034600828268891,5.919297060231876,3.2332051949086297e-9,9.677068826044517e-8
ARLN,511.23057499734364,1.7990360053996215,0.304821131112172,5.901939930593556,3.5925197787205615e-9,1.0670936278605098e-7
LRATD2,1685.0989589895917,1.7661231031467617,0.29972784917302986,5.892422435951878,3.805747488665356e-9,1.121859081136793e-7
C6orf62,2013.6397552862138,2.1740598702205345,0.36914532602272493,5.889441683156235,3.87502515511008e-9,1.1407138522450249e-7
PPIF,524.6812300271185,1.8013054071784298,0.30634705659019257,5.879950103741578,4.103901726087734e-9,1.201497012849151e-7
COPG1,2311.006097156796,1.4551395136586818,0.2475958327587449,5.877075948513869,4.1757665660853506e-9,1.2142540719267158e-7
GTF2H4,172.5104033258149,2.5407142079138336,0.4325203940079498,5.87420672669399,4.2487291141542955e-9,1.2337987386975802e-7
TOMM6,751.656758261215,2.46440414966068,0.41957002818793027,5.873642024203036,4.263234570727199e-9,1.2346695531417773e-7
CDIPT,193.33213503982512,2.111709511589613,0.36003554834638263,5.865280584899305,4.4837382764826314e-9,1.291116600508832e-7
FAM83D,183.2669618488932,2.280835115444507,0.389747059648271,5.8520906289911645,4.8543196823392755e-9,1.3908371212683693e-7
TMX2,930.2259244023378,1.685513318621453,0.28930086996046644,5.826160560290682,5.671705200300906e-9,1.6142545570087192e-7
ANAPC13,315.63659099137,1.7422963949868977,0.2995403240337424,5.816567103635211,6.006843551446236e-9,1.7028647637257096e-7
PAQR4,349.2312924207807,2.4671257901165067,0.4241450930715354,5.8167024219242975,6.0019850553298505e-9,1.7028647637257096e-7
BAK1,230.6729362760555,3.0152997191518787,0.519247745356119,5.8070540433139035,6.358161844258044e-9,1.7906319314668978e-7
CNIH1,807.9754537453359,2.0270192172836747,0.349142467496853,5.805708001711207,6.409457948255177e-9,1.8027125500597128e-7
PHF13,145.50356057781002,2.1203030791367494,0.3655253637032754,5.800700278785469,6.603854623110099e-9,1.847701697678523e-7
PTPA,1481.0498105289382,2.2173152081934875,0.3835443569197136,5.781118058941049,7.420579058372791e-9,2.068125020684157e-7
BTG1,331.2660564750122,2.8104141488692207,0.4861654646872511,5.780777025528032,7.435638762520312e-9,2.0696343429790647e-7
GLA,94.77955251981523,2.1687585286235898,0.3757547613856598,5.77173931376391,7.845743026139988e-9,2.172511552786634e-7
MRPS16,465.38877952298145,2.0455649392976456,0.3544059573317765,5.771813077573901,7.842308471656945e-9,2.172511552786634e-7
MCM6,1068.1200585722954,2.0934987330883374,0.3629159903529602,5.768549164924558,7.995688763986314e-9,2.2083330871962202e-7
PCLAF,226.31507262822458,2.053747590023599,0.35629196045353356,5.76422658375263,8.203314632571042e-9,2.2627651929945318e-7
CYC1,373.9642759390995,2.4643907314439355,0.4282042584168468,5.755175673766675,8.655174027580342e-9,2.3782334780009495e-7
YRDC,109.74500240667855,2.7748584715689266,0.48222792938749076,5.75424670050417,8.702898766255431e-9,2.388289098770352e-7
RNF167,329.29284801113585,1.8172293332841556,0.31601044983521326,5.750535573212113,8.896118234927917e-9,2.43508542501981e-7
PSMB5,581.2244068505361,2.008127267699113,0.3493506921181572,5.74817028563357,9.021435922694814e-9,2.463104515280289e-7
PSMD3,920.2832661088762,1.6380605393694665,0.28513266984559127,5.744906538617726,9.19717717619441e-9,2.507896088959746e-7
DPAGT1,147.1502093263776,2.1341497753661938,0.3718775986529073,5.738850049309119,9.53215706062441e-9,2.589368234443036e-7
MARS2,69.39609394212268,2.4731468870853046,0.43093972107292805,5.738962472356484,9.525832341344573e-9,2.589368234443036e-7
TRIB3,465.8203688222219,3.2929340944007746,0.5742659251482948,5.734162432762188,9.799538439720644e-9,2.651930579021501e-7
DONSON,267.24539498779603,2.478974696099314,0.43317112724901,5.722853025414749,1.0474988023776932e-8,2.8204923838174775e-7
CD81,610.8857163872335,2.4206084524330698,0.4231373856542658,5.720620617557258,1.0613564965503313e-8,2.8542243629035227e-7
EXT1,233.85874302471245,1.5743643942385521,0.2752696179167323,5.719354014269709,1.0692980015597252e-8,2.871981866517109e-7
IPO13,260.4581189870198,1.672038422491981,0.29301942358454414,5.706237497971025,1.155008104617549e-8,3.098309240636575e-7
UBQLN2,263.5869760302902,1.8483619158000708,0.3240928979431911,5.703185498758021,1.1758889416414302e-8,3.146455946087917e-7
DDR1,2040.3327818107769,1.654309530588135,0.29059231502467553,5.6928880946065625,1.249082585726968e-8,3.325721127754433e-7
MRM2,233.5166970988685,1.7981792209671112,0.31590263161173354,5.6921944961104325,1.254168703379774e-8,3.3309975711051917e-7
SLC37A4,112.9775459974953,2.5176571082725223,0.4443893552533746,5.6654307276038285,1.4665566509155916e-8,3.87331371303352e-7
MAGED2,3703.948920925018,1.756690405520844,0.31024365186576125,5.662292830026844,1.493636504236379e-8,3.9329373473512506e-7
TPRG1L,187.817487202135,2.0858527131312745,0.36948090668480593,5.645359950658177,1.6483600780047532e-8,4.308624515710354e-7
RPL9,1580.7202838873327,2.7730893988473517,0.49180280384748964,5.638620555134736,1.71417792078952e-8,4.4621708339307786e-7
PNP,263.67328388103095,2.019003906676984,0.3581738581294975,5.636938209898654,1.7310018735835514e-8,4.4809771058025346e-7
ZBTB2,296.44037262210156,1.6406284838620633,0.2913022837690942,5.632048134447638,1.780819611631785e-8,4.5988577434287983e-7
MEPCE,356.0144415689396,1.9516259980223385,0.3466752582461598,5.629550859486399,1.8067949095034122e-8,4.654720139008791e-7
NAGA,139.19210042109214,2.0689392069766064,0.36760112713535753,5.628217799818619,1.8208109029580887e-8,4.6852040740384393e-7
FUS,2641.988865841126,1.5680575067372249,0.27875585447563683,5.625200265970639,1.8529288073620288e-8,4.762137988741214e-7
TIAL1,346.6038003312836,1.480095948701103,0.26336684391516413,5.619902363935653,1.9106540436054043e-8,4.89291596369594e-7
SAMM50,185.2538427009619,1.7102836027222335,0.30447934287062445,5.6170759782838395,1.9421603592800587e-8,4.967671193104893e-7
NUDT16L1,199.1130916574313,2.625286114456155,0.4683794715742628,5.605040941765333,2.082057429758508e-8,5.306526418363133e-7
DCLRE1A,121.3598562919277,2.156502483131756,0.3852867419122093,5.597136492236561,2.1792113846103273e-8,5.51484390492189e-7
PREB,305.1420129930061,1.7415211765918324,0.3112623191897822,5.595027310485326,2.2058704368439156e-8,5.569174067608286e-7
PSMB3,446.26948032000394,1.9743138896800765,0.35383898679664516,5.579695746796649,2.4093966068308188e-8,6.03333152655652e-7
PSMB2,715.8731035795055,1.7238185641295438,0.3089869700319815,5.578936108377389,2.4199410001820474e-8,6.052672944511275e-7
DGCR2,386.0706815817672,1.8510079847678313,0.3320388097554672,5.574673593520655,2.4799440465671365e-8,6.195529597128143e-7
MYL6B,114.38589648281483,2.3731861864373207,0.42587415010150736,5.572505835049323,2.5110107866917084e-8,6.26584784679117e-7
ASF1B,193.6994684778817,2.427892550315356,0.4363850885710151,5.563646911643391,2.641942445264145e-8,6.569650622870053e-7
HDHD3,97.11269702848766,2.3640956342464583,0.4250221760480646,5.562287728673972,2.6626080922400287e-8,6.610572388645115e-7
MOGS,343.9806851702137,1.8104178067081118,0.3254882705756371,5.562159900589739,2.6645596999897595e-8,6.610572388645115e-7
CDK4,567.429348536309,2.267131370185183,0.40922024223995185,5.540125184852952,3.022555018138948e-8,7.481433758853728e-7
ZDHHC5,1115.533542617426,1.5710609628797512,0.28385279943319686,5.534773537611319,3.1163073450069454e-8,7.704603182471089e-7
WDCP,78.5197959476496,2.6063493302670135,0.4723459821084095,5.517881868356452,3.431099367091989e-8,8.44396702038923e-7
PPP2R5A,655.2892463646837,1.664547857669035,0.3016982744260086,5.51726011968711,3.4432560091522314e-8,8.458529024234222e-7
ASS1,1050.085103977601,3.262640208840027,0.5924120853066916,5.507382934551307,3.6420744589842024e-8,8.881695214750112e-7
DPH2,114.71155180585961,1.9057250787844824,0.34639825331778357,5.501543557253974,3.7648057536252485e-8,9.161264060667493e-7
HINT2,113.9102111182249,2.1735580463369053,0.396378952446978,5.483535472604725,4.169086324032113e-8,1.0097438047987204e-6
TMEM41A,175.98866403436827,1.8102804949381186,0.33014154876207163,5.483346466768902,4.1735449900114865e-8,1.0097438047987204e-6
HADHA,1291.336864738916,1.5049286422647692,0.274620474418361,5.480030742253172,4.2525194000356324e-8,1.0265361791312112e-6
ATP6V0E1,666.7497491801527,2.1368056047266655,0.39105474486502134,5.4642109136515336,4.6497043902519005e-8,1.1103834667598652e-6
PPP1CA,982.4422144705499,1.746800051878053,0.319684447610721,5.464138355598479,4.651606414804841e-8,1.1103834667598652e-6
SRPRB,384.03929630057934,1.730951913373811,0.31696288753054663,5.461055478323134,4.7331209715512864e-8,1.1285864005498956e-6
ARF1,3567.871149316097,1.6319269436492458,0.2992923643054602,5.452618036000705,4.96336051799179e-8,1.1782490787179626e-6
TMEM141,432.37013356997613,2.1358878915253783,0.3917735495642239,5.451843019778035,4.9850452827319207e-8,1.180439747329001e-6
INTS15,102.58287816455513,2.1015523814568136,0.38570783348298743,5.448560280665152,5.077918140347589e-8,1.1988132375342052e-6
LIPA,280.59412901641457,1.6458087934423171,0.3035092138494247,5.422599111797728,5.873862646332005e-8,1.3716332142577239e-6
TSPAN17,333.0824891636362,2.0901757201787996,0.38545318787578936,5.422644787808448,5.872361404069931e-8,1.3716332142577239e-6
NIF3L1,228.72331169998193,1.7944563839441698,0.33104152150614763,5.420638401430395,5.938657475823743e-8,1.3845438444459076e-6
WSB2,464.36332014832135,2.186373211962069,0.403349989526332,5.420536181318868,5.942054430264123e-8,1.3845438444459076e-6
RETREG2,420.3702650042383,2.7122214176875716,0.5008628153359702,5.415098375526759,6.125501820543277e-8,1.4221465051983653e-6
TMEM267,112.61327427046763,2.570967303054884,0.4747969090650552,5.414877927738611,6.133053324227614e-8,1.4221465051983653e-6
TOR3A,328.49858307038255,1.796228720136583,0.33233949298209,5.404800687450598,6.488049766617662e-8,1.4959067162084742e-6
PDZD11,275.9681646392548,1.9844490675656299,0.3678264748579404,5.395068607641827,6.849737434152416e-8,1.5755130261190873e-6
CCND3,249.1410190881832,2.13171790339679,0.39540372522431755,5.391243853829246,6.997164494672811e-8,1.6023230071912262e-6
KIF20A,727.9331310060818,2.126219880813953,0.3943995501982726,5.391030186888042,7.00549041377725e-8,1.6023230071912262e-6
SUPT4H1,436.5239488538861,2.392661089142631,0.44421277012606253,5.386295149650067,7.192481789844523e-8,1.64202828946876e-6
ATP5F1C,1009.4318763007998,1.500119953307767,0.278655184698612,5.383427388692829,7.308073600517812e-8,1.6648753658929115e-6
DNAJC22,264.63111640283995,1.6611626297309898,0.30856032057932214,5.383591210341486,7.301422207676969e-8,1.6648753658929115e-6
ATP5MF-PTCD1,18.52710429869039,6.27166183687274,1.1656147567619004,5.380561459513033,7.425388244520182e-8,1.6898073353913374e-6
NAXE,422.6991124752946,1.7834491315297298,0.3319001477188585,5.373450851972593,7.72438666253564e-8,1.7541305584975113e-6
INTS5,157.34448113320036,2.2518048808182254,0.41923349550942723,5.371242767904239,7.819585252513077e-8,1.773872087937956e-6
ERAL1,331.7360614877166,1.6026358460465053,0.298481815107742,5.36929141049349,7.904660381974971e-8,1.7893883100968658e-6
ERG28,158.4186615982127,2.3863605821147122,0.44612713151177413,5.349059524867144,8.841246181144191e-8,1.9784477898577094e-6
PARK7,648.0242054427781,1.7075948099737823,0.31973913548083194,5.340587436711047,9.264587954445216e-8,2.062427982389983e-6
GNB2,825.3190465495893,2.295120698721394,0.43008706165082045,5.336409539761415,9.480513647441714e-8,2.101775029691107e-6
BRK1,791.679753174248,1.7750670895732659,0.3328930757689873,5.332243950922794,9.700649743110817e-8,2.1439335065618756e-6
ATP2A2,2267.9128300117586,1.3625271133946697,0.2555369828709273,5.3320153430898385,9.712872981201202e-8,2.1444264832981253e-6
YARS2,109.13778371591658,1.9487930481628228,0.36577787699322056,5.327804579605404,9.940699287207938e-8,2.1902197813499215e-6
SPINT2,4068.104648730592,2.106374719974655,0.3955111529721785,5.325702459072815,1.0056363296462199e-7,2.213431347098244e-6
PAICS,1470.5622419319732,1.8756980954471696,0.352620907741874,5.3193048235818745,1.0416448960742515e-7,2.2879938044783453e-6
KLHDC8B,41.427206970768545,4.093186453117228,0.7707112124055411,5.310921117057048,1.0907253702778723e-7,2.378756752658856e-6
MSMO1,319.8399240655438,1.7820864851639586,0.3356105931342086,5.309982824205174,1.0963556665244546e-7,2.388608386153786e-6
KAT2A,259.8238305497672,1.6573003222607365,0.312226472477925,5.3080070664985355,1.1083034649455864e-7,2.412189894293335e-6
APEX2,174.1929763051527,2.3439659861750277,0.4422670660905678,5.299888157837709,1.1587363993881397e-7,2.516850519318773e-6
DDOST,1077.8870765710494,2.2489182112724286,0.424927460615176,5.292475586342725,1.2067158316066995e-7,2.6184147367320295e-6
TMEM147,290.0075389506148,1.744355611599483,0.32970036858931395,5.290729940833981,1.218291463956443e-7,2.6408621026772998e-6
ARF5,430.712058668379,2.3452501610020797,0.4437212285198284,5.285413476441951,1.254211431857684e-7,2.710511311950241e-6
ACO2,466.60700020929926,1.4845236265568564,0.28097343209717307,5.283501772663838,1.2673763698173343e-7,2.733456974500502e-6
ATXN10,425.4367359748531,2.0471520750209824,0.38823711175700126,5.272942779108404,1.342534315452067e-7,2.8839626035637e-6
COPZ1,811.2468570894206,1.683529634266244,0.31936821859709347,5.271437595329862,1.3535931226883567e-7,2.9019089323568566e-6
PIGV,83.84051003121554,2.5094870328087158,0.4766418612186518,5.264932094702292,1.4024118386969846e-7,2.997585463987778e-6
SNX17,491.1509719875095,1.8876029533402836,0.3590210595926195,5.257638522604059,1.4591697647431898e-7,3.106526106288577e-6
TK1,329.71291219384665,1.9644414652295434,0.3747925431344656,5.241410218038287,1.5935400827074568e-7,3.3658828912305142e-6
ENO1,3161.5335777271707,1.7654164122580325,0.3368612717221034,5.24078177118095,1.5989772451353037e-7,3.373635889094041e-6
DOLK,156.67240314583927,2.349950963140796,0.44878550286795504,5.236245262209853,1.6387615628347825e-7,3.4343577283627377e-6
FITM2,168.7635086189978,2.00179938089204,0.382277001716683,5.236515332867536,1.6363665384573467e-7,3.4343577283627377e-6
NIT1,115.77530603657374,2.061917300679666,0.39464234110617064,5.2247746526644185,1.743673327615722e-7,3.640002880411809e-6
NEU1,382.1510307836231,2.2143885320126717,0.42392136653433926,5.223583208640411,1.7549354955770153e-7,3.6599529382976434e-6
NRM,103.98302938710043,2.5045795644281794,0.4798108895038116,5.21993064187903,1.7899015021602922e-7,3.7292510909087256e-6
SREBF2,905.2609917201091,2.105944282227243,0.4038050014059094,5.21525061575531,1.8356887644605657e-7,3.8209389801477925e-6
BAG6,1189.7388394096856,1.9159457516604423,0.3678486981132589,5.208515787843108,1.90357156851733e-7,3.943112534785898e-6
MAT2A,1457.2485029930365,1.5504362983434359,0.2980850726131341,5.20132150446745,1.978764576187723e-7,4.083104596633513e-6
ATP1A1,3580.862808245516,1.4951300491787567,0.287602166144979,5.198604966087314,2.0078972948826043e-7,4.139238803859816e-6
YTHDF2,934.2902636866428,1.3053520243446308,0.2513735408890492,5.1928775786342,2.0706835152779432e-7,4.2645746869351876e-6
SLC35D1,220.39944265687294,1.653201358195988,0.3187419077266733,5.1866457410226605,2.1411547402947183e-7,4.405482332380121e-6
PPIH,233.66590540969858,1.7612636201204002,0.3396715001481669,5.185196931011656,2.1578672754964528e-7,4.431371457622381e-6
ATP5MF,537.4724183798058,1.598188200365612,0.3083999835575941,5.182192884479023,2.1929226100995578e-7,4.499055374066588e-6
WDR5,484.60642452502674,1.7801998648258306,0.3440232060135746,5.174650528533202,2.2833795917455848e-7,4.662352620253116e-6
POMGNT1,705.6201093652847,1.6345203361725744,0.31606635183220333,5.171446839239395,2.3228835952718852e-7,4.738505889214321e-6
TIMM23,407.0847490687626,1.3884684980055912,0.2685572880867874,5.170101723535767,2.339666032532104e-7,4.76820826762953e-6
EARS2,338.6742206567654,1.6530725027368398,0.32007301232159807,5.164673181117473,2.408593860264023e-7,4.899376705333264e-6
EIF3K,662.5658164894417,1.6621445873875063,0.3222282054770941,5.158283971220085,2.492234370816022e-7,5.055137013016241e-6
SLC35B1,228.8278227861459,1.6637303721977554,0.32270753796029217,5.15553613254138,2.5290626636346746e-7,5.120158939773596e-6
MTPN,1081.24727079369,1.4610473320488904,0.2834879436246336,5.153825285718193,2.552257490561261e-7,5.162247478552749e-6
EIF3E,1554.260047468376,1.6105563813194619,0.3125481591997524,5.152986296393896,2.563707060018902e-7,5.180522929190738e-6
EIF5A,1007.9647606146226,1.3932239052478848,0.27044971237028426,5.151508178867509,2.583999535706539e-7,5.2128416493949106e-6
RER1,415.5832359480424,1.9239799756411577,0.3734819140801468,5.151467589480877,2.5845589538472436e-7,5.2128416493949106e-6
GLB1L2,72.65483551221952,2.6191864919254533,0.5087486307625033,5.148291972795806,2.628690991097311e-7,5.2968740534223745e-6
RAB1B,1729.4034339188463,1.5410560493399061,0.29985221981550764,5.139385162091124,2.756388860513049e-7,5.543777408304596e-6
MTA2,1127.06312819749,1.602837689302717,0.31204526267975574,5.136555112351343,2.7982031651074187e-7,5.617347046137064e-6
PCNX4,783.1557028869977,1.5914925854956288,0.3099111141608173,5.1353194925102965,2.816651104260497e-7,5.643821913859035e-6
PGAM1,1068.6582227985189,2.457587304838861,0.47866754431207326,5.134225902804487,2.833076453507367e-7,5.671438497413069e-6
FARSB,464.81730134134955,1.612263198376065,0.31422475980080444,5.130923481008059,2.883241094093658e-7,5.761113024138725e-6
SRSF3,1908.6539236955994,1.5140229270780003,0.2953957026472644,5.125406068909247,2.968971566622278e-7,5.904923986998525e-6
COMMD4,175.6601765905201,1.9888465203653423,0.38847580695569445,5.119614876280235,3.06160230635774e-7,6.066665327279511e-6
DYNLL2,1258.8965575151826,1.7028122597138813,0.33259500364072697,5.119777029342506,3.0589710894537056e-7,6.066665327279511e-6
VAT1,400.5260502102676,2.088495694219231,0.40799168872199176,5.118966272968236,3.0721488982854e-7,6.081947911181245e-6
C2orf72,136.76643631151154,2.783058240785019,0.5437138314063089,5.11860850327584,3.07798140253428e-7,6.087878423814345e-6
PTGES2,186.8881825926483,1.8304705445582963,0.3583383975851353,5.108217698393337,3.2521183289540447e-7,6.396925695632796e-6
KLHDC9,58.671823620733214,2.5521793689368026,0.5001850385706107,5.102470430203629,3.3524814110337414e-7,6.575908295408167e-6
RPL37A,2051.1202816424693,1.291471743057859,0.2534597564007609,5.0953719888211095,3.4805714273007476e-7,6.802646887966671e-6
DYNLT1,283.33573326885386,2.136175806626845,0.4193127267994462,5.094469282942991,3.497195278905763e-7,6.828918169728632e-6
CCT2,1188.7260633759595,1.7523030216163706,0.3440178894563113,5.093639241801421,3.5125485812799247e-7,6.852662959478834e-6
RMI1,253.57641256225236,1.7795641912853644,0.3498423164293433,5.086760828273837,3.6423068488926794e-7,7.086482772188296e-6
LAPTM4A,1077.5509607559768,1.9442334291214944,0.3824502453470827,5.083624478674491,3.702997028623964e-7,7.181535386803003e-6
GCLM,137.30274797407662,1.9580154038289406,0.38520771501286133,5.083011911543792,3.7149639466180215e-7,7.193514794775764e-6
TMEM219,180.75278886683915,2.00266467038344,0.39400150489680846,5.0828858405196975,3.717431457318883e-7,7.193514794775764e-6
CYB561A3,271.6235506636647,2.238789309566256,0.44077851787829486,5.079170646388936,3.790860937919814e-7,7.315816162568275e-6
ANXA7,942.9207703713998,1.3746682590993222,0.2709566637602279,5.073387899091417,3.9079473307348824e-7,7.5080169845631665e-6
PRCC,596.3373309477931,1.8358339607381842,0.3619351040860221,5.072273841395215,3.930901692886597e-7,7.545362283483575e-6
CCAR2,642.294249608636,1.9512438955957256,0.38474163123635124,5.071569430439551,3.9454826580148947e-7,7.566582470151889e-6
CREB3L4,1118.5846239857988,1.7008214915212398,0.335569165110025,5.068467750794629,4.0103091101770464e-7,7.656693372277528e-6
TSEN54,195.9255909467443,1.8728758780278711,0.369890490952433,5.0633252917786375,4.120059550559963e-7,7.852262695827424e-6
AGBL5,326.99714788717085,1.7447689869389518,0.3446105795514899,5.0630163160102795,4.126745195468531e-7,7.858025900155694e-6
RAB5B,1153.3701433600452,1.3630223456123807,0.2693460746521372,5.060487134897866,4.1818667690707416e-7,7.955927381583166e-6
VARS1,441.97789643282294,1.9669675996407838,0.3892841274044402,5.052781403535716,4.354221441588122e-7,8.232739395284677e-6
C14orf119,248.72294138223864,2.2083486424962424,0.4373121115670367,5.049822733203031,4.422202349695308e-7,8.346566616047607e-6
GMPS,1335.221266808722,1.6225589300430445,0.32132818235730093,5.049538195310985,4.4287938378248283e-7,8.351662193297084e-6
RPS14,2304.1041897518944,2.551222554845238,0.505501256774326,5.046916344234126,4.489978259771272e-7,8.459607853792055e-6
TXNDC5,2304.295339935594,1.9453168997653256,0.38603796251060285,5.039185491276382,4.6751720998908364e-7,8.76237495752466e-6
POLR2G,258.7938973266345,2.3953324044608446,0.47587651272063947,5.03351676418418,4.81562682195017e-7,9.002034111415562e-6
TPT1,4074.7514052303536,1.765323690151526,0.3508326164088488,5.0318117745765,4.858661722894849e-7,9.073959257807479e-6
ETHE1,93.68880868943555,2.026600264626988,0.40302995607434755,5.0284110004297995,4.945609599501742e-7,9.212915104627377e-6
PRORP,357.4975817015627,2.0226664617147323,0.40252012474799076,5.025007042768559,5.034140618988425e-7,9.369701446963712e-6
CTSF,409.11830500853483,1.5941028057844193,0.31761273672977963,5.019014105661195,5.193733657656251e-7,9.63332102794323e-6
COMMD7,245.7532076198769,2.027980439560305,0.4045167246806136,5.013341391907833,5.349286377830461e-7,9.896179798986353e-6
SSR2,1217.9222657798698,1.841435090217818,0.36743476562578875,5.011597329614733,5.398006876217682e-7,9.96912457518343e-6
CDK2,386.36288854072757,2.0785985897954684,0.41481430621375315,5.010913458525632,5.417227399143329e-7,9.987431270241911e-6
HDHD5,123.16053657406658,2.18382242107135,0.4359992682364197,5.008775427318325,5.477744357314394e-7,1.0090334241027201e-5
FPGS,182.18165444461624,1.9244834004163995,0.3843621384098087,5.00695362029781,5.529824459537315e-7,1.0160105556649895e-5
C11orf68,91.63265808965458,2.318066963639047,0.46310844888966884,5.005451680263567,5.57311922339996e-7,1.0222148592663516e-5
SRSF7,853.75405925778,1.3365816072385874,0.26720715988480237,5.0020426391823145,5.672603953164126e-7,1.0395737048241004e-5
POC1A,78.83062961973657,2.1081015642328356,0.4221945605456555,4.993199252752733,5.93872326488877e-7,1.0816165826140936e-5
STARD7,1085.3465431536147,1.2990125270846686,0.260264962455716,4.991115649328692,6.003153913355018e-7,1.0908355883200567e-5
SLC61A1,108.23485095447336,2.2519414402405626,0.45157341320154504,4.986877824083683,6.136284190933844e-7,1.1131416630383797e-5
GTF3C2,607.5429203286454,1.774129772752069,0.3559218562403161,4.984604742997823,6.208860429739476e-7,1.1244062854194867e-5
RPS25,829.1695628274639,1.8743879761690116,0.3764629687819093,4.978943831404764,6.393219166323493e-7,1.155650643934671e-5
DMAC2L,152.0823770012898,1.6883545730809426,0.3395089352664972,4.972931188852718,6.594807442445928e-7,1.1882835240544887e-5
MCMBP,367.30744312245076,1.7677061012421342,0.35565089427884905,4.970340661806855,6.683536762759491e-7,1.2022522961342723e-05
TMBIM4,381.53356372199835,1.5052731003033646,0.30287198098458457,4.96999786975996,6.695363724947144e-7,1.2033710681521415e-5
SEC22B,958.4547400273636,1.4330773743131122,0.2883681703164314,4.969610108981763,6.70876650188776e-7,1.2038406895623463e-5
RBM3,980.1769128201427,1.6324363940683542,0.3287023981928173,4.9663050925194785,6.824057017891569e-7,1.2183382995337195e-5
SYPL1,438.2168013268217,2.0805852165527043,0.41910570316181256,4.964344796208633,6.893338511636219e-7,1.2286631599643958e-5
DERPC,201.1370354517974,3.0559842441020266,0.6172530856413994,4.950942028789529,7.385510327360485e-7,1.3066203761348394e-5
SLC46A1,232.66202059659966,1.7657431825548233,0.3576075887391678,4.937655794107666,7.906723641877607e-7,1.3919465902764024e-5
CNPPD1,270.97581934820863,2.3551683964019205,0.47701388430144626,4.937316237347894,7.9204979644156e-7,1.3932285763635965e-5
TXNDC12,241.45198432396387,1.6540175205575298,0.33511245324425304,4.935708907696032,7.9860145172174e-7,1.4036025515109367e-5
TMEM60,72.25045663181108,2.266727821234127,0.45944317430792747,4.933641303189593,8.071060318794245e-7,1.4162302080239125e-5
RHOA,2033.5153219463677,1.8537994781516076,0.3760124144719918,4.930154981065638,8.216440727577865e-7,1.440562238675008e-5
TMUB2,165.52191269503388,1.8217064465249473,0.36952809948249776,4.929818460561292,8.230606429381879e-7,1.4418678691798786e-5
SLC35A2,210.83765950307026,1.9229375530042006,0.39025867339250747,4.927340976917078,8.335621578636517e-7,1.4590737282017918e-5
PSMD8,1035.7166447301845,1.1990664438804903,0.24357321084274622,4.922817413835473,8.530703886706161e-7,1.4907891319927868e-5
TADA1,178.3316570186331,1.646955907245287,0.33464389309866527,4.92151789173605,8.587554972126284e-7,1.4982839813156915e-5
TMEM19,229.45636174387485,1.732112517772694,0.3524413379652743,4.9146122522760285,8.895834440223245e-7,1.5432870419336367e-5
TUBB,9042.877732681052,2.134051927225372,0.43435931719144377,4.91310268425712,8.964629533002049e-7,1.5539656686447816e-5
ZFAND3,648.2799700297047,1.5730440302455566,0.3203051809794334,4.911078944884632,9.057660938943372e-7,1.5675597076590706e-5
TMEM138,195.09389451987715,1.7743983903975054,0.3616633325372132,4.906215894073059,9.285031994987803e-7,1.600456117368982e-5
MTX2,144.70029414906648,1.673943324651039,0.34127326585733636,4.904994009553632,9.343019068574706e-7,1.60786839784774e-5
MCM2,635.1365059450391,1.7984770995590398,0.36693039149215945,4.901412205855588,9.515017052825192e-7,1.634846004432575e-5
JAGN1,167.31883569196793,2.1639868851001767,0.44183335596574264,4.897744490952287,9.694297625376984e-7,1.662930740956775e-5
SEC61A1,1500.099602301191,1.188687933981241,0.24269512331123885,4.897864933432697,9.688359011026655e-7,1.662930740956775e-5
PCNA,1214.3791519694446,1.8272659547494223,0.3733204696588494,4.894631029525995,9.849033772736731e-7,1.6868337171822047e-5
MRPL27,257.8579366747935,1.619492518678929,0.33095746600906295,4.893355445967129,9.913113286572228e-7,1.6964546342092503e-5
TROAP,170.73814507717222,1.6160251564267663,0.3303221437139969,4.892270128356793,9.96795053131305e-7,1.701767847271106e-5
RHBDD2,256.5955981959523,1.8374409546458044,0.37597057022190095,4.887193573585644,1.0228351582778362e-6,1.742066864812886e-5
KARS1,391.4869445845028,1.5515210201395553,0.3175317402090971,4.886191909879204,1.0280499518791454e-6,1.749560029129775e-5
PIGS,367.74616632260967,1.774355408351662,0.3632550528239859,4.88459938700817,1.0363935601641868e-6,1.7595732437597667e-5
PELO,117.90183452206591,1.872254246916038,0.3833140171569744,4.884387638110594,1.0375078604473532e-6,1.760072623335984e-5
CHAF1B,251.82801770526476,1.707104881907467,0.34961873917627256,4.882761392966326,1.046104277234482e-6,1.7704572389157717e-5
C17orf75,86.95321804420699,1.9325277640671963,0.39612533858983867,4.878576490326966,1.0685422478102288e-6,1.8070068272661553e-5
CERS2,2276.1909607149905,1.8827314227724417,0.3867442963155842,4.868155628172803,1.1264460782877093e-6,1.8929939577176385e-5
SLC35A1,518.8048196368454,2.3324623361760364,0.47941203817332406,4.86525608548188,1.1430870401054839e-6,1.9194560157013838e-5
SRA1,248.1615887021013,1.6119932998378217,0.33152100943718865,4.862416721565988,1.159611712981055e-6,1.9441615125448e-5
CD24,17632.18706474776,1.6734361420390103,0.3442068700029086,4.861716275520211,1.1637234123359244e-6,1.9495319616494094e-5
RPL41,4550.457561368604,2.5062666519567127,0.515660835326417,4.860300570180452,1.1720766359990512e-6,1.9595344398674053e-5
UQCRFS1,589.5883814276006,1.6088970471815411,0.3310880755566165,4.859423114156878,1.1772829021437696e-6,1.96457939968937e-5
SELENOF,418.76295524224673,2.023687901032216,0.4167936658498572,4.855371054897977,1.2016152500646802e-6,2.0036257394240896e-5
ZWINT,585.2612177559474,1.6569976035333864,0.34144279155858054,4.852928937142606,1.2165129124770817e-6,2.023749387733192e-5
NAIF1,55.1963436279318,2.5006606669411133,0.5153960588437624,4.851920429021297,1.2227168218635042e-6,2.032494422710364e-5
TIMM50,328.77995205077684,1.655664928467906,0.3412614849327179,4.8516020751487146,1.224681510874824e-6,2.034184614812208e-5
PEX11B,161.64109275501116,2.1157090716197122,0.43625228179309267,4.849737548474666,1.2362493745870037e-6,2.0486418207441777e-5
SIGMAR1,323.4435812586345,2.0952518443447636,0.4323970650094588,4.845666203351611,1.2618752205042284e-6,2.0862744400632313e-5
IMMT,857.0129176361716,1.5698277956130458,0.3247507003790164,4.8339473749583926,1.3385198430563775e-6,2.2011215196927094e-5
ZNF174,100.78048477683254,1.7963639537712615,0.371787346413046,4.831697396649826,1.3537390522109106e-6,2.2227421622376544e-5
DRAM2,198.61941509056246,2.1161390395345134,0.43812247913901636,4.830017039283351,1.365213671661302e-6,2.239868913903023e-5
ADAMTS15,99.43103083559127,2.490674823289757,0.5160852240521023,4.826092101095122,1.392381368796749e-6,2.2757428921841762e-5
LCMT2,194.9276677872991,3.3423165390888916,0.6926147828318472,4.825650017782451,1.3954737664240604e-6,2.2773282910616226e-5
WDR5B,92.86189043782818,1.902144382202751,0.3942193400309909,4.8250914885434515,1.399390154160343e-6,2.281984248349617e-5
RETSAT,484.53304827942924,1.6042500856552895,0.3330711523478523,4.816538671532398,1.4606986652745642e-6,2.3657806307012942e-5
SLC25A44,412.30208408389177,1.7431382164573757,0.3619941842778455,4.815376302066348,1.469227542807193e-6,2.3760077670416247e-5
RFC2,353.21978944667393,1.6686241362376144,0.34705677508740723,4.807928431356416,1.5250233839951278e-6,2.4551440727547433e-5
RNPEP,891.2766517550294,1.9885790097036364,0.4138989234961572,4.80450394242714,1.551356445184302e-6,2.488199500273178e-5
TMEM218,59.161656058628864,2.092529814007519,0.43618001814364904,4.79739952993073,1.6073878793447613e-6,2.56846938873705e-5
ARF4,714.8745924832224,1.297472949959852,0.27046198447094766,4.797247023450807,1.6086117465962887e-6,2.568512506097943e-5
MAD2L1,318.14607214549017,1.5036706710621806,0.31386884569394125,4.790761146547291,1.6614981975640401e-06,2.6392117927257068e-5
PPP2R5D,495.87435421746886,1.733761215153538,0.3619181120754243,4.790479275025118,1.6638340908206968e-6,2.6409674252227924e-5
DCTN5,665.2237562086676,1.4290990238088566,0.2989493313972378,4.780405485871112,1.7494198869041563e-6,2.7645471850488363e-5
HDAC3,538.9533445155396,1.4881464599744427,0.31140733155994516,4.778777855099979,1.7636391669169535e-6,2.7829188619145457e-5
HSD17B12,611.6408433121189,1.3246779559333821,0.2771959836579446,4.778849745413387,1.7630087823393417e-6,2.7829188619145457e-5
IFNAR2-IL10RB,38.32549003177948,3.5319251105934337,0.7392528111245109,4.777695880818989,1.7731528767377532e-6,2.7958751458333712e-5
TMEM87A,553.2715215116532,1.3296005254581433,0.2785520001881767,4.773257864096927,1.8126945451637345e-6,2.8489136784030298e-5
RBM15B,308.23141150181294,1.3778534471978399,0.28887038749313,4.769798175420831,1.844105881157098e-6,2.8928736995344535e-5
SUCLG1,418.62117923566666,1.3648127003357016,0.28619399496048187,4.768837656863336,1.8529189998535886e-6,2.90457572950022e-5
RPS7,2291.5477481364137,1.9843785702916859,0.4161984346195076,4.767866491631144,1.8618709432630307e-6,2.9164781344835502e-5
SEC24D,773.9470267188154,1.4624572545596815,0.3067786604583103,4.767141405386057,1.8685816754200363e-6,2.9248550513868692e-5
PIGU,171.1777672498586,1.8927290273680188,0.3972026800199642,4.765146668378185,1.8871632510361326e-6,2.9447783697018103e-5
TEX264,116.40317095435562,1.6291030502094779,0.3422785187521967,4.7595830908363785,1.9399325143690767e-6,3.0167356346637962e-5
PSMB7,885.7175762833241,1.545850737522299,0.32511694732827573,4.754752867316476,1.986893134755329e-6,3.083060496879925e-5
PRPF19,847.1994352525486,1.6461905837164945,0.34628184509575455,4.753903812835716,1.9952599134516993e-6,3.093806195279875e-5
UBE2I,1011.6951679935808,1.2731518971228124,0.26797597494774855,4.750992686456533,2.0242045442701485e-6,3.131898307140403e-5
THNSL2,241.4845884122564,2.089686425871803,0.44023946048800167,4.746704040467893,2.0675814162139904e-6,3.194405845352933e-5
ATP2C1,679.1873608928292,1.2355012059786272,0.2605273183290308,4.7423096123004695,2.1129536992623793e-6,3.2574702863628346e-5
WDR77,138.99862480791435,2.123101045232306,0.448146896015647,4.737511436781609,2.1635865025580167e-6,3.328356010386741e-5
STK16,99.6912778343174,2.1477867607275223,0.4535110279537407,4.7359085630583655,2.180758994256301e-6,3.3499705094302225e-5
AIG1,210.81856669802596,1.4181072559871974,0.29952141330357485,4.734577205503164,2.1951220213350287e-6,3.367213622433861e-5
CIAPIN1,139.7341924679781,2.082545481373394,0.4401394776226655,4.731558033880283,2.2280309919720643e-6,3.4152532205514645e-5
TMEM43,202.23369563918178,1.392231339869465,0.29425658695518814,4.731351485706879,2.2302995980103326e-6,3.416290462048661e-5
PAFAH1B3,238.6749392888457,2.116400081728564,0.4473920155958638,4.730527161755031,2.239375608179846e-6,3.425561280076358e-5
UBE2B,377.57495005350984,1.5328719007290903,0.3240492398255084,4.730367216891173,2.241140744281084e-6,3.425561280076358e-5
ZBTB9,208.57865670636937,2.2664094775380024,0.479149577196821,4.730066737817502,2.244460415652473e-6,3.4281936313097556e-5
TTC9C,119.20770891518318,1.6165895738038865,0.34186410446082127,4.728749092723635,2.2590734991892807e-6,3.4480595513941655e-5
TRIM32,305.26318357355586,1.3295717503621862,0.2811835286990271,4.728483764727669,2.262027097239679e-6,3.450113824219155e-5
MFSD2A,93.9663046809284,2.717712073927797,0.574915985259317,4.727146476370748,2.2769701551589883e-6,3.4679758360334915e-5
RPP25L,42.74656724327356,2.7185822638670314,0.5754283225588801,4.724449870277033,2.307391225190473e-6,3.506842471146428e-5
MECR,127.93348134329254,1.942554846436055,0.4115226032940371,4.720408626128562,2.35371323863585e-6,3.574712392153244e-5
VDAC1,2438.158839019345,1.7942751486518913,0.38041807315878884,4.71658755261859,2.3983318665706734e-6,3.629633417250116e-5
TMEM183A,688.4564854126655,1.6736787969808635,0.3551331334941613,4.712820739967312,2.4431110490819476e-6,3.68959627820539e-5
BAHD1,343.56655007780324,1.8048690012244284,0.3831293443774746,4.710860777727842,2.4667270889817714e-6,3.7200255326457354e-5
LPCAT3,259.13697187471365,1.6135365829746273,0.3426354492647708,4.709193361156774,2.48699055633924e-6,3.7453205150203576e-5
TMEM9B,131.19556225094078,1.613039832847362,0.34290250429849006,4.704077143289807,2.5501681712919587e-6,3.83239558514884e-5
ABHD16A,269.23954392215956,1.5703680700142084,0.33393187295780397,4.702660024946591,2.5679381141695493e-6,3.85639971519094e-5
IAH1,185.76790161654932,1.8377542305124892,0.3908816716259582,4.70156153105861,2.5817943785366485e-6,3.871789473333087e-5
PREP,762.9544354789751,1.6932802517830112,0.3601928983621727,4.701037303851626,2.588432182983046e-6,3.879033145727386e-5
HIGD2A,185.21975131598046,2.431155210416299,0.517175275160809,4.700834179786268,2.5910085557102486e-6,3.8801844804983906e-5
C2CD2L,119.16310279113415,1.6093825297144633,0.3426276949707087,4.697175836448509,2.637833559657423e-6,3.944801964477234e-5
TMEM177,66.49667234972331,1.8888702312393797,0.4024615784549541,4.693293303899302,2.68841608909181e-6,4.009270970945813e-5
COX7A2L,542.7363122609127,1.4969194588743409,0.31899228740854574,4.692650944745815,2.696874135148172e-6,4.0190915930749844e-5
MRPL37,341.67816580456616,2.0345499124198345,0.43398194814581,4.6880980213865096,2.7575593730226683e-6,4.098145716417345e-5
TMEM258,265.5001448357156,1.458760803054627,0.311547121175998,4.682311932616285,2.836573933185281e-6,4.201026680894143e-5
TMT1A,284.17697499827347,2.451623124748788,0.5236296372447129,4.681979304397255,2.841181710669654e-6,4.204948931791088e-5
MAGEH1,81.26583820543809,2.067011514661027,0.44197494827087436,4.676761709566878,2.914405859792338e-6,4.2979925254861216e-5
MRPS21,281.4753460158446,1.4032450531155758,0.3001536644728365,4.675088860168048,2.9382636644377566e-6,4.327737696556915e-5
SLC25A5,2097.8546485866,1.9610211705041105,0.41959394138049966,4.67361650659727,2.959416982451235e-6,4.355904557160735e-5
MRPL52,85.96775886064202,2.1541534759058285,0.46109901864911906,4.671780656174129,2.9859973780057703e-6,4.389007104931769e-5
CHPT1,169.16700012083544,2.3679719437480142,0.5069271630727893,4.671227182608084,2.994055687149552e-6,4.394831398510902e-5
NCAPH,251.30262737043503,1.558432019865743,0.3336156241999514,4.671340029721456,2.9924109960315503e-6,4.394831398510902e-5
SLC1A4,659.5841961833645,1.4690151127347435,0.3145201081286113,4.670655626679501,3.002399161747963e-6,4.404066029467621e-5
PHGDH,386.5591557479754,1.9534016402004055,0.4184128199588288,4.668598921975233,3.032607514749437e-6,4.4392740290943324e-5
BACC1,78.76332382089097,2.359227538048886,0.5057162905947347,4.665120704880551,3.0843593168231075e-6,4.50887949175912e-5
PSMD10,331.48419521391156,1.6794047147560782,0.3600176036742603,4.6647849927793645,3.089398910372594e-6,4.513172267977935e-5
RFXANK,177.1721669240226,2.0713904131234497,0.4448404431071127,4.656479520286517,3.2166226010316904e-6,4.686267550450786e-5
SLC16A14,208.09854294438907,2.0707366399215044,0.4450523902708121,4.6527929861503985,3.2746896489184182e-6,4.761168012587348e-5
SLC25A39,678.179465579177,2.210673987863445,0.4754520494909601,4.649625530545698,3.3253823869190564e-6,4.8218044610326316e-5
MRPL3,646.0923192425764,1.3299226724973694,0.2860852009093021,4.648694403870951,3.340426936955937e-6,4.834120228414239e-5
AARS1,711.4805703744335,1.55150070711432,0.3341521791107382,4.643096182234239,3.432264695883851e-6,4.960026961189727e-5
PIH1D1,228.44822440829398,1.701291206531415,0.3665686810485452,4.6411253729177995,3.4651679174923314e-6,5.00084085469976e-5
FDPS,1013.0154829278987,1.7380558105099173,0.37455275115271863,4.640349871041928,3.4781978863938637e-6,5.0162719517481395e-5
FBXO45,440.0858273901621,1.6685321142833351,0.35976957983245406,4.6377798674929,3.521715714775593e-6,5.0756225143777184e-5
ARPC1A,875.0744047021027,1.34237091543059,0.28945989789552307,4.6375022073527505,3.526448456330814e-6,5.075626014276276e-5
CDKN2C,197.1067357280009,2.571085362045277,0.554395873880016,4.637634374965999,3.524194887677017e-6,5.075626014276276e-5
BCAT2,145.83012824040256,1.7414533441972375,0.3755480989353107,4.637098015232419,3.5333488482862013e-6,5.08214921476018e-5
PKM,6215.970655132511,1.47023027473277,0.3175115695599819,4.630477802022345,3.6482289481834975e-6,5.2368557343155755e-5
GNA11,347.6601624002469,1.7127297154555352,0.37003153826464213,4.62860469539386,3.6813773484049106e-6,5.277378617018663e-5
HNRNPA0,992.2282891679563,1.5665738203815855,0.3387439812539698,4.624654332107713,3.752236185687809e-6,5.371780423272874e-5
ASNS,187.85442794330055,1.9930172083136715,0.43098287144926833,4.624353635242492,3.7576830937553696e-6,5.3724103392398554e-5
TMEM185B,365.17252955602834,1.3221004145773116,0.2860841205009301,4.621369449874844,3.812151952770827e-6,5.435799395778202e-5
HMCES,404.06253142882713,1.462030053668517,0.3164096627452433,4.620687121194741,3.824712046087803e-6,5.45008768320347e-5
POLRMT,88.24220708205378,1.966940662097351,0.4257136475223872,4.620337340709554,3.831166065906733e-6,5.4556618297517254e-5
SERINC1,1890.8468922203856,1.3902745098040425,0.3009306749537315,4.619916231596527,3.83895006549931e-6,5.4631212470567107e-5
ATP6V0D1,256.5189303187841,1.9825061739196814,0.42924614827958696,4.618576501770699,3.863815289463748e-6,5.4879818485978233e-5
FANCE,74.69477343482552,2.4523942646465673,0.5310761100301985,4.61778306033596,3.878614176023335e-6,5.504964300096612e-5
RUSC1,530.7941137367663,2.178356737549219,0.47271201976188865,4.6082110174530495,4.0614836122025004e-6,5.7455134026279276e-5
MRPL14,312.6228895149279,2.0239036984418877,0.4392745636607281,4.607377403270364,4.077794803489583e-6,5.7647876470939695e-5
RHOC,908.3388655475107,2.4381768083889668,0.530184443622543,4.598733210144489,4.250677059321421e-6,5.985533444425045e-5
FEN1,489.8319449989038,1.4874968861287852,0.3235221735541047,4.5978205134679015,4.269335398271103e-6,6.0039277619199126e-5
PRMT5,408.4666304191096,1.6129065410584862,0.3508521380643305,4.597111905764564,4.283875618769372e-6,6.0204303064041075e-5
CRLS1,204.74585150915104,1.6418856424975985,0.35782621560122835,4.588500145912625,4.464419958073013e-6,6.245531440694058e-5
SEPHS1,548.0740890683287,1.726434389748784,0.3765485402704892,4.584891999604142,4.54221158445164e-6,6.337832288838244e-5
SNHG15,124.50331286874685,2.0335163653606343,0.4440711102723707,4.579258407765771,4.6662741850106976e-6,6.495021882982415e-5
NR2C2AP,125.88598187318125,2.472949066192741,0.5402145495665786,4.577716516848392,4.700791358869417e-6,6.533612860190265e-5
UBB,4376.751911723131,1.6062404341504755,0.351772394336433,4.566135546765722,4.967975969142199e-6,6.856126321401388e-5
LRR1,157.11088542174875,1.7777213300921035,0.38999450020490545,4.558324102411901,5.156342364479239e-6,7.102381716413638e-5
ELOF1,137.44731536929567,2.4109836197959487,0.5296008902858592,4.552453864823732,5.3023791107443235e-6,7.298848987592892e-5
CYBC1,351.2496278324092,1.5482322665177854,0.34025461034641385,4.550216865368928,5.359065376335511e-6,7.372150190779493e-5
NPTXR,167.6199610156705,1.6554397612295,0.364447313195474,4.5423294432180175,5.563600507163448e-6,7.624193287594356e-5
C6orf47,203.9020674536901,1.5367706507308918,0.3386040218835917,4.538548131183204,5.664286807881632e-6,7.73254420465266e-5
RNF5,269.0540025067913,2.2180460106831874,0.48877616168667626,4.537958649679478,5.6801394413422355e-6,7.749255715906191e-5
OGDH,832.072972098799,1.3029379682864517,0.2874795125409888,4.5322811242094305,5.835012340106419e-6,7.935320964428629e-5
FIRRM,178.6858995752626,1.520012903115109,0.33543293248121964,4.531495735590042,5.856751966792493e-6,7.952550071495333e-5
ATRAID,409.5830221540802,1.7713167361150548,0.3910160864657243,4.530035457429512,5.897378827173815e-6,7.999857751652976e-5
IMMP1L,56.3183252134107,2.392086197197307,0.5286438820732939,4.52494822755871,6.041029215895324e-6,8.189544344479701e-5
AGR2,4884.242415596793,2.6676179853097164,0.589819850119383,4.522767392060093,6.103630536929082e-6,8.258410833678068e-5
FAM3C2P,25.504705148608085,4.643647153303131,1.026755200780699,4.522642933556419,6.107221804774974e-6,8.258410833678068e-5
CTDSPL,217.61250901714314,1.6269505824941164,0.35978786808632335,4.521971769497699,6.126623219871106e-6,8.27942911199206e-5
SELENOW,621.6607897855854,1.7808435873053563,0.39412840470777344,4.518435022783407,6.229838536532076e-6,8.408322955596122e-5
DNASE2,179.93860651582074,2.011638755468332,0.4452809777591717,4.517684015139578,6.251968871803271e-6,8.432888245688133e-5
ESD,165.12103269965175,1.7037195702119075,0.37715467061941693,4.517296756298463,6.263409806245452e-6,8.443013469976595e-5
CCT6A,1895.7735541437387,1.5526048505351806,0.34375654402671285,4.516582673156412,6.2845587834742275e-6,8.460892816396294e-5
LYSET,70.26746302257276,2.0936800250350114,0.4635441033787466,4.516679232405928,6.281695001394793e-6,8.460892816396294e-5
MFSD1,279.32470565294653,1.2799529813605046,0.2834544048482073,4.515551564795518,6.315217691437495e-6,8.49683834847954e-5
SLC27A3,139.57950492191762,1.9188971358746179,0.4251075254533525,4.513910060350556,6.3643215389411885e-6,8.557540114390846e-5
PTDSS1,475.19102914006294,1.6686455204703852,0.36988785877871955,4.511220038364736,6.445581446089533e-6,8.634343185585603e-5
NCS1,224.03210723760085,2.899127078443441,0.643072092071589,4.508245831511998,6.536581323545489e-6,8.739877582759263e-5
CTPS1,383.20559884827503,1.6525697769769054,0.3668539037677271,4.504708168577176,6.646421692348154e-6,8.870162283444739e-5
DALRD3,203.01702922424982,1.801998194494938,0.4001212453144676,4.5036303760343745,6.680235347844261e-6,8.904214320791171e-5
CYB5R1,348.88000037676403,1.480784847072016,0.3289018864690542,4.502208433551628,6.725097886973423e-6,8.949376290934268e-5
SUV39H1,100.57552342609887,1.713203781094591,0.3806675662852293,4.500524690908154,6.778592988876056e-6,9.010074136206e-5
TSPAN14,449.30169231530766,1.479758788808685,0.32884761084919106,4.499831350416287,6.800739598312004e-6,9.031180184392055e-5
RN7SK,10.399515742595483,5.439532546713884,1.2095095721024303,4.4973042563512875,6.882047096019402e-6,9.122219313191869e-5
PARL,261.45506246441164,1.4605477985334523,0.3251271982919909,4.492235058174864,7.047957064777663e-6,9.324855647973405e-5
ANAPC5,488.70623931443794,1.4993432220200136,0.33385111724950706,4.49105348028374,7.08717510854992e-6,9.369294815280616e-5
LRRC20,60.66644420323108,2.5789514677975105,0.5757985325730519,4.478912886896455,7.502414076087978e-6,9.847205264394373e-5
HNRNPC,3314.956976181471,1.4693364287588748,0.32813793009356684,4.477801235413112,7.541576821992915e-6,9.884622307610343e-5
ADPRS,152.95599307246988,1.9964612645928417,0.4461019314401338,4.475347726354248,7.628705293044392e-6,9.982439974922724e-5
STT3A,822.237581712614,1.3020748746484445,0.2910307094712785,4.474011959129505,7.676544551020957e-6,1.003891810267579e-4
VDAC2,1188.1050554426774,1.0906902022360236,0.2439935371416768,4.470160214131843,7.816102547295707e-6,1.0196569037383944e-4
PSMG1,224.68880304059797,1.5268637427361895,0.3417155300096653,4.46823046846306,7.886930721791958e-6,1.0282717696819892e-4
TM2D2,85.5463423014501,1.5688488927530475,0.3518087598601497,4.459379844255991,8.219713755374364e-6,1.0632613453305235e-4
TMSB4X,1626.2401476883304,1.7053447623897569,0.3824786672228216,4.458666348040451,8.247118001615877e-6,1.0661635681607031e-4
DCAF12,508.9497815180733,1.8084672017650703,0.4056988975212818,4.45765865476675,8.285970694559649e-6,1.0705414274849492e-4
HGH1,121.03187787881453,2.209540196440246,0.4960718540173758,4.454072889938345,8.425647498206905e-6,1.0859136391950895e-4
POLR2C,265.9423638598392,1.897866530340654,0.4261080891154357,4.4539556483906795,8.430252203630098e-6,1.0859136391950895e-4
KLHDC3,677.6327599093754,2.1713317871653226,0.4880578684080746,4.448922817795513,8.630201938272851e-6,1.1090067879960203e-4
C1orf216,200.7355494565315,1.5619182474847695,0.3514376852888408,4.4443675589345375,8.815079001231522e-6,0.00011314090631963426
LSM2,193.1553207526104,1.968000537603565,0.44356295841025917,4.436800910195316,9.130566782970255e-6,1.1684076515357285e-4
SLC25A33,88.3069749666697,2.256102798138784,0.5085469388176164,4.436370816397551,9.148819616472561e-6,1.1700457030363597e-4
MDH2,1058.8074685357797,1.5365270563588476,0.34657145411338897,4.433507255494091,9.271238591034689e-6,1.1838851456881915e-4
WDR83OS,227.0810099772083,2.7417154649812683,0.618415399617105,4.4334527676361475,9.273583084351584e-6,1.1838851456881915e-4
FBXO7,322.8364440992625,1.3839610328768768,0.3126782416137503,4.426150747599752,9.592949729363313e-6,1.2181343265806905e-4
ALDH9A1,790.9910048927175,1.5419452161564278,0.3484874275273197,4.4246796135437245,9.65855163146724e-6,1.225014881863398e-4
G6PC3,285.34081965090724,1.504654911649002,0.3400818497808185,4.424390518396517,9.671493459888691e-6,1.2259317758370428e-4
NRAV,278.30488240114994,1.2066262441611415,0.2728212602362948,4.422772049055354,9.744253463006023e-6,1.233657444047995e-4
DDX56,432.75569946344626,1.5949246980337288,0.3608178229437994,4.4203046429947355,9.856185363956835e-6,1.2449307705150893e-4
MICOS10-NBL1,14.991842551242357,5.9691033718442394,1.3504679989166348,4.420025781160858,9.868912675192374e-6,1.2453642176063525e-4
SAE1,1005.5220730611638,1.1243317083782496,0.25442101819742713,4.419177772120164,9.90771250446899e-6,1.2492333157808726e-4
GGCX,355.30322754447445,1.636123920500037,0.3705423494012456,4.415484284438278,1.0078410212763415e-5,1.2677765718986103e-4
RNF103,695.7703133772471,1.0489184900152342,0.23785764433773918,4.409858228167148,1.0343831538139041e-5,1.296604116871868e-4
ACTR1B,262.2937648269825,1.8189023699460218,0.4125582256326531,4.408837969856878,1.0392674022567296e-5,1.3019660509299135e-4
RABEPK,150.46823808369706,1.5432468592234958,0.35032550409763763,4.405179871783998,1.056961372719683e-5,1.3210478193689224e-4
EMC3,434.00603600191323,1.4976141351303167,0.3400689691246397,4.403854132840394,1.06344461310755e-5,1.3280817282044753e-4
PI4K2A,105.05596018842716,1.9693317282150997,0.44727479995355873,4.402957037641241,1.0678531861456598e-5,1.331558941004408e-4
HMOX2,297.53820270220376,1.446045040986461,0.3289170502035338,4.396382127626551,1.1007008902146649e-5,1.369335716174302e-4
AMMECR1L,313.65580775568196,1.6471434647460372,0.37486240806297805,4.393994781331373,1.1128648820603907e-5,1.3828651053280825e-4
HSD17B8,50.81662251802114,2.867611844053135,0.6528466318625482,4.392473981020536,1.1206804562076835e-5,1.390966026039149e-4
RPA3,221.93427434462328,1.9080701652271237,0.43460766967217546,4.39032787126463,1.131798766904075e-5,1.401523458612894e-4
TOE1,101.80500805586517,1.8879809212273029,0.4301375265103211,4.389249495491301,1.137425160404244e-5,1.406867086010091e-4
SURF4,1921.3493815969969,1.9593336989703578,0.4464194629140461,4.388997034718464,1.1387462188197709e-5,1.407689738241491e-4
VPS28,186.23507123118057,1.6999072300128035,0.38747540327979,4.3871358430081475,1.1485306277983663e-5,1.41733566834692e-4
C1orf226,111.97218304663885,2.4503071557890648,0.5595823351294005,4.378814344134798,1.1932673061791123e-5,1.4666389685340063e-4
EMC8,152.1469828394771,2.2018405282257554,0.503097763222035,4.376565926519543,1.2056373677602529e-5,1.4801474778109282e-4
RMI2,218.11888076461605,1.7243601404790359,0.39406311748323225,4.375847583737417,1.2096151852892564e-5,1.4840287141529602e-4
OXA1L,393.8662754176815,1.63661671481263,0.3741584685056345,4.374127148181825,1.2191930685367102e-5,1.491669512588244e-4
ALG1,189.95812514222385,1.7840930201096565,0.40789659334957384,4.373885561188447,1.2205437951926224e-5,1.492471216229839e-4
CDC25A,86.03727660582416,1.7940747858163735,0.41098343457953135,4.365321409248171,1.269359750325364e-5,1.543368852236958e-4
MED27,127.21855793776294,2.2432775128773716,0.5139571605197538,4.364716916500965,1.2728748667047174e-5,1.5458910378881286e-4
B4GALT3,350.4322026788156,1.8851218935884764,0.4323725072859532,4.359948567085314,1.3009301769886793e-5,1.5763953471585013e-4
DTL,486.81980736024536,1.7911275147117947,0.41081285235538634,4.359959783250219,1.3008634979966981e-5,1.5763953471585013e-4
SLC25A1,268.13058869268224,1.5453391092058413,0.35454337218274606,4.358674369490993,1.3085264196181785e-5,1.5847052463321734e-4
NECTIN2,1439.994061810051,1.4965309130652518,0.34394228633329565,4.351110557005036,1.3544972978452708e-5,1.6320893886445542e-4
ERGIC3,1124.4875157446027,1.2842727654520862,0.29551006776938665,4.345952661262022,1.3867247642157433e-5,1.667177223533325e-4
DEXI,146.4496783454657,1.7059391632342558,0.3925773934690844,4.3454849708981,1.389682870940078e-5,1.669798119281863e-4
PARS2,33.285744398483644,2.384351553233427,0.5487983249526078,4.34467716977695,1.3948063333201665e-5,1.6740796371952332e-4
PSKH1,110.91781700362172,1.78486182573054,0.4109414357842663,4.343348395433034,1.4032732708006487e-5,1.6833004131571784e-4
GPN2,170.18320059029327,2.057856229045127,0.4741731003649126,4.339883952635543,1.4255797982967852e-5,1.7052922224887964e-4
NUDT5,363.099849640727,1.5545657264375907,0.358202439081195,4.3399082664683135,1.4254220768582e-5,1.7052922224887964e-4
TGIF1,309.36181579906207,1.6055200358144917,0.37024698838747244,4.336348670402353,1.44869082757536e-5,1.728121465245538e-4
HTRA2,133.17050032729904,1.8906678770162486,0.4361609326398918,4.334794190696679,1.4589655524592235e-5,1.738445350126315e-4
ATP13A3,1203.5703410197889,1.547250909341378,0.3569873896245139,4.334189257970165,1.4629827603485144e-5,1.740333150614142e-4
SMYD5,195.61258605894344,1.5926339175531359,0.36745387654593614,4.33424170816725,1.4626340344299832e-5,1.740333150614142e-4
SFXN4,59.873751762843625,2.0988070091185103,0.48441857929539855,4.332631114544138,1.4733786342853836e-5,1.751728836108827e-4
NDUFS3,378.7627250975643,1.2685780076551765,0.2928721216276691,4.331508238493012,1.4809140537644652e-5,1.7567946707454629e-4
MAL2,2256.2031853313515,1.7548009917994112,0.40519146058002836,4.3307946058079,1.4857221983696187e-5,1.7605520914970745e-4
AMBRA1,284.56317934766105,1.1888536094765896,0.27464750319646114,4.328652529661548,1.500244128640166e-5,1.7767791942945895e-4
SRSF1,1838.724291085105,1.1962285886463353,0.27667122945344763,4.323646484708347,1.5347115305151566e-5,1.815595890014072e-4
COLGALT1,308.40885670538233,2.094171667532475,0.48488060534489447,4.318942940691339,1.5677830567507453e-5,1.850639405823487e-4
OAZ1,914.7483273562937,1.788827918455891,0.41432273743226955,4.317474656452606,1.5782452343246924e-5,1.8578794694793142e-4
PPP1R3D,168.62333767127126,1.7563990083538497,0.406791318439589,4.317690493226899,1.5767031396512895e-5,1.8578794694793142e-4
WDTC1,363.9219171777734,1.5872200825843834,0.36761965075316355,4.317560498554836,1.5776317438794607e-5,1.8578794694793142e-4
ACTR1A,579.4133629259009,2.0093956395371855,0.4658341097821579,4.31354337808551,1.6065859951232737e-5,1.8881344718151948e-4
SNX11,117.3358606194654,1.7338842247023292,0.40231700815591775,4.309746268620001,1.6344196041591677e-5,1.916647251653319e-4
DNAJC14,484.14392178544324,1.8511047167503418,0.4298220741094503,4.306676711719963,1.657255441231865e-5,1.9381308865850584e-4
FH,778.6754974365354,1.7035655698418446,0.39571909496395313,4.304987026206117,1.6699552201101133e-5,1.950856778637073e-4
C1orf210,80.35570166073478,1.6641057978981615,0.3868658118341161,4.301506483627228,1.6964080947084744e-5,1.9796040082894977e-4
NAAA,203.97938369250082,1.5793494891595694,0.3672887971731138,4.300020859103896,1.707820339473356e-5,1.9918382872335987e-4
OVCA2,105.94791138595046,2.332444614694705,0.5426098344034757,4.298566791106735,1.7190609942723302e-5,2.0027713863780787e-4
NRSN2,204.3323217707646,2.3195998376542106,0.5397274855891722,4.297724128542594,1.725607416996815e-5,2.008217742340111e-4
DRG1,224.81066458145892,1.4789490994976766,0.34484116005538634,4.288783564178176,1.7965433126141654e-5,2.083484897244229e-4
METTL25B,104.87203731307662,2.576094179124417,0.6006677388847781,4.288717392925561,1.7970785390489598e-5,2.083484897244229e-4
CDC42,1542.570175405942,1.6500781468104955,0.3849984945929981,4.285934023079437,1.8197299292629104e-5,2.1051969963332645e-4
RPS11,3367.7316371699035,1.50070879695935,0.350423718753199,4.282554851877161,1.8475956599304898e-5,2.132835011409807e-4
GSK3A,491.2837776904856,1.111529690593985,0.2596958501696832,4.280121110397877,1.867916372947674e-5,2.152056293116242e-4
PPP1R18,92.46806735828827,1.554229174816517,0.36318729394379184,4.2794150586585635,1.8738513329236285e-5,2.157341716981817e-4
MTX1,274.93862569365814,1.763427395272354,0.4127729630413376,4.27214850090788,1.9359857411670453e-5,2.2205373599917043e-4
NDUFB4,594.6536228551761,1.4607628229317378,0.34195849047660154,4.271754799524974,1.939407607810596e-5,2.223273892287147e-4
CHTOP,534.2505374879463,1.393653428737318,0.32644501691904954,4.269182730649279,1.9619049620265406e-5,2.2442686825740703e-4
ACY1,99.69715703671704,2.1512796592494072,0.5043335764539236,4.265588808057379,1.9937568600369593e-5,2.275852245552827e-4
PLEKHF2,1527.8330461590688,1.5366449805327265,0.36100405136252955,4.256586525090235,2.0757172599145067e-5,2.3631242651334385e-4
ZDHHC3,329.1745245294066,1.1610648653110496,0.2729310732338852,4.254058915146272,2.099300283422562e-5,2.3861750043563653e-4
MEST,295.6660529292468,1.752004596064684,0.4119689273804764,4.252759078712287,2.1115270765843923e-5,2.3975328605027016e-4
CLUH,387.78619488565647,1.5205812869550799,0.35762619578689714,4.251873338331083,2.1198975187229626e-5,2.4019535771802945e-4
ADO,172.41258064409482,1.4195555394751997,0.3341601054286532,4.2481299126184595,2.1556238620398067e-5,2.4360025318259217e-4
CD99,366.97970680127463,2.114997570430925,0.4984561185244677,4.243096818014295,2.204562669136989e-5,2.4851196523220756e-4
PGM1,267.9203622884604,1.255418175212198,0.29612919930465575,4.239427176246244,2.2409087371023727e-5,2.5230798267689885e-4
KLHL12,383.0849062033295,1.4888215188176817,0.3517804439945032,4.232246403216619,2.3136872601873452e-5,2.5982066249932197e-4
KLHL21,56.56037429930884,2.2564835905485063,0.5331828245299559,4.232101048149442,2.3151834340847055e-5,2.598527013360762e-4
DMAC2,151.03380502341713,1.7193044236113044,0.40634211240641727,4.231174596768552,2.3247412732806956e-5,2.6078906285731174e-4
TMEM129,180.550475061109,2.2142262900096923,0.5233609086539012,4.230782722585728,2.3287953767004603e-5,2.6097101192685054e-4
KAT5,260.510814038502,1.3724049424425449,0.32459320837009037,4.228076580326272,2.3569757506765272e-5,2.6371584780770737e-4
PYCR2,301.93471665000027,1.8201714133525355,0.4305282934962894,4.227762590400398,2.360266409498946e-5,2.639464155698144e-4
UBL4A,434.40400219866495,2.2959158470803964,0.5430800750524059,4.227582547304551,2.3621552580761774e-5,2.640200616578894e-4
LDAF1,233.47200167222718,2.042544059680884,0.48422621921985687,4.218160807094778,2.463031413099207e-5,2.7472273453798846e-4
ERF,170.20035021561583,1.424530738543314,0.33776151909047825,4.217563748467498,2.4695601487132697e-5,2.753078482669443e-4
GMPPA,236.30553476974228,2.567142008806211,0.6087527581533647,4.217051954875027,2.4751696266887618e-5,2.757899282904508e-4
TMEM115,93.42906339192926,1.6780792673684601,0.3982642916598553,4.213481606334051,2.5146407450781224e-5,2.797521533923095e-4
TBCD,677.8183757453053,1.4313522738001214,0.3400506104481997,4.209233066553077,2.5623896787024152e-5,2.846215450566968e-4
ARHGEF39,83.2094293133941,1.7903809679046032,0.4255217173214744,4.207496104251715,2.582158534402106e-5,2.8652079704379106e-4
ECHS1,379.1494505251352,1.4032223848512406,0.33365146822745523,4.205653259390553,2.6032910250165777e-5,2.8856727994243673e-4
LRRC47,153.95495260188213,1.1985275784993896,0.2851827794155959,4.202664624264635,2.6379127341744323e-5,2.9195259038361694e-4
POLR2H,491.3128197903714,1.9307946057529877,0.4594933515582598,4.202007709589633,2.6455812158719217e-5,2.9234898502889515e-4
WDR75,256.40308409502774,1.538938789625353,0.36636666747621915,4.2005425881852245,2.6627607237687367e-5,2.9409596053565153e-4
NUDT19,166.54731404512444,1.3740737699554715,0.3276743583614743,4.1934125600382215,2.747890264819907e-5,3.031862472135486e-4
EFNA4,94.29201457071339,1.574225300493301,0.3754988315010246,4.1923573881720735,2.7607062897867956e-5,3.03819266558075e-4
CDC23,516.593351257423,1.5131926360998476,0.3610129518655778,4.191518969832641,2.7709301442028116e-5,3.0478811324752606e-4
CHST14,120.12914244621957,1.9252045411941459,0.4595588283723064,4.189245037491617,2.7988404960313445e-5,3.0754284201143194e-4
ELF4,256.27015861746924,1.9472535747540014,0.46535417922150396,4.184454898442264,2.8585119070690517e-5,3.1361792191054116e-4
LYPLA2,130.86351385435722,1.7277136779272748,0.4129056567027266,4.184281929494491,2.860689067401235e-5,3.1369640974159685e-4
GSTO1,143.30941059145013,1.9701244778595859,0.4710325359760968,4.182565592368258,2.882378201410027e-5,3.157520990416497e-4
ANAPC7,414.0859936305666,1.1995262447982047,0.28700987258798905,4.179390186065687,2.9229181784539235e-5,3.1872878104482317e-4
SLC17A5,150.52246729822616,2.1807096248663242,0.5218573337438821,4.178746726086207,2.931198918734389e-5,3.194694199900457e-4
CNIH2,71.02018091258155,2.25452570159128,0.5396870394620701,4.177468674879547,2.9477124426573614e-5,3.2094322181342957e-4
CDCA4,124.3150919523323,1.668144445459077,0.3996106160903726,4.174424748219961,2.987399429079751e-5,3.247804130800179e-4
MUL1,156.83933366920897,1.7031439426293349,0.4080088338437156,4.174282028613405,2.989272628059488e-5,3.247804130800179e-4
SLC7A1,477.3300736233035,1.7356740947769356,0.4162361881978208,4.169925979506706,3.0469858704730168e-5,3.2991078093012584e-4
NANOS1,31.807581072106963,3.0972659382580074,0.7429202763238176,4.169042139466386,3.0588243689298266e-5,3.310255721494406e-4
ZNHIT3,205.43873813041105,2.001820719338276,0.48044935392381266,4.16655929077535,3.0923149247549746e-5,3.34013039534724e-4
WDR82,559.2146830518286,1.1448331945890906,0.2750234495847367,4.162674842155084,3.145411253173805e-5,3.3919862056839124e-4
GPR157,130.3581016160363,1.4592848516748997,0.35066309936415474,4.161501037095065,3.1616256201688035e-5,3.4077592068720505e-4
BOK,97.4402741689873,1.837170016400898,0.4414811410740648,4.161378245809794,3.163326379718498e-5,3.4078807283513535e-4
NECTIN1,257.9530651045948,1.4851625036486824,0.35698414947320506,4.1603037721431315,3.1782458467935594e-5,3.420519351664483e-4
GPI,1469.2209188025395,1.155524789168745,0.2779421822837849,4.157428641000341,3.218497615714954e-5,3.460368679020186e-4
RNF187,841.0851995376577,1.9017781312550788,0.4576196481001929,4.155805239460996,3.241438653950268e-5,3.481545220909547e-4
SNX33,204.91059784732724,1.5035252868923117,0.3618501030391799,4.155105316439595,3.251377443538548e-5,3.4904732335336286e-4
PCBD1,322.3480046740045,1.234882190875627,0.29720704050152397,4.154956049465776,3.253500751716109e-5,3.491006306591385e-4
CS,1124.7980017782247,1.3186077420168525,0.31745368007867397,4.153701231909059,3.2714025673624046e-5,3.5084607244176513e-4
UNG,449.3482747864781,1.5900249817843082,0.38311191314071097,4.150288537752458,3.320564189704086e-5,3.5594059695829016e-4
ST6GALNAC2,635.3642544014118,1.4921386540241848,0.35970177527420927,4.148266026451195,3.350029859562819e-5,3.5820448822231245e-4
TKT,777.6301340053282,1.7167652252681396,0.41399489725063804,4.146827018084687,3.3711455983196856e-5,3.6028279153356804e-4
PIM2,41.33551276818278,1.8893303501353007,0.4560920064946352,4.142432498775933,3.4364152623748016e-5,3.6634610795113385e-4
RBM4,815.6578862089953,1.45594310049327,0.3516659482339431,4.140131018669782,3.471075142111882e-5,3.6839402843581097e-4
ORC1,84.6186763717694,2.215397634767434,0.5353066643483853,4.13855791887848,3.4949564850173566e-5,3.7051669010307987e-4
KTI12,34.857391695880516,2.1939082201431748,0.5304128809872364,4.136227265182061,3.530625337007515e-5,3.737899345445549e-4
BRF2,45.413642352709836,1.8367255939024192,0.4441084660058189,4.1357590194606955,3.537833056097745e-5,3.7418382150743027e-4
MLF2,775.8078030776859,1.8095646294377261,0.4375369081498401,4.135798822297335,3.537219826965571e-5,3.7418382150743027e-4
UBE2M,304.458453182401,1.2907691376561439,0.3121141519109631,4.135567483093051,3.5407854055974523e-5,3.743116000203021e-4
CD47,338.5835366368085,1.8649082054108088,0.45130889107504546,4.132221284115372,3.5927428652049494e-5,3.7953696898504594e-4
RANGRF,37.960579495766396,2.271754683563829,0.5503961266756715,4.1274903173555435,3.667438689337497e-5,3.8653585467542237e-4
ZNF816-ZNF321P,8.51086887444239,5.15021490779537,1.2489905542156725,4.12350188751391,3.731554007922523e-5,3.92352518422427e-4
TSG101,304.6953052311374,1.7243459861206833,0.4182065374277904,4.12319232675414,3.736574548451662e-5,3.926880010272902e-4
DARS2,421.14522483857246,1.7327061285038219,0.4203717846380403,4.121842121244561,3.7585476271043295e-5,3.9461072445038606e-4
ALG2,297.9081557705516,1.5587443886935395,0.379124550237934,4.111430894452206,3.9321457148489465e-5,4.116285221495531e-4
SDF2,244.97385091300018,1.3709831396045542,0.3335214297744075,4.1106298342864545,3.9458133410806186e-5,4.126566973664234e-4
ASB6,167.9240503682607,2.113830580863208,0.5143284555900669,4.109884564792552,3.958569547966739e-5,0.00041337387782958693
PIK3R4,359.2573503380812,1.4023428893548606,0.3412220086559435,4.109766819785803,3.960588475726517e-5,0.00041337387782958693
SLC20A1,492.6415572313191,1.3134858369332079,0.3196088306065371,4.109666915149192,3.9623022679192e-5,0.00041337387782958693
NPRL2,69.28109957068064,1.6613624557845446,0.4042815111717563,4.109419822265198,3.966543992123822e-5,4.136153259036794e-4
COXFA4,613.476876297489,1.2791500919996002,0.31190395082457084,4.101102562561168,4.111862496521783e-5,4.275221374775071e-4
CDCA5,281.17258716933065,1.8979605523728758,0.46294622581643524,4.099743008004226,4.1360917066559136e-5,4.2920951656110206e-4
BFAR,400.3353821492878,1.6033819734770545,0.39117834568736154,4.098851562602888,4.152052007342124e-5,4.3044944965005787e-4
SPNS1,116.380277153317,1.5591181891337265,0.380810766722922,4.094207216226481,4.2361533408932024e-5,4.3811012383406325e-4
TMEM276-ZFTRAF1,7.9610538101247315,5.051704132504348,1.2339246363601202,4.094013510748975,4.2396958946670035e-5,4.382652885334966e-4
SLC44A2,1310.6265426933614,1.8821448350689773,0.4597557568981861,4.0937928602942595,4.243734651845723e-5,4.3847157259802223e-4
PPP2R1B,135.79649437587338,1.6272543694000425,0.39772896381024103,4.091365018556747,4.288415255353693e-5,4.42023973966812e-4
MPC2,346.55296007780487,1.5491418076083088,0.3789947409207525,4.0875021216514265,4.3604268988957164e-5,4.4815498683094864e-4
CLN3,426.93832515556426,1.9805212190958297,0.48499224821204656,4.083614174035032,4.434062801892621e-5,4.550692861244173e-4
FUNDC2,447.52327879726874,1.4474714534667241,0.3545481936187946,4.082580251482048,4.4538424445232954e-5,4.5677010023242203e-4
NIPA2,345.9886970108739,1.8036028011698406,0.4420359563408458,4.080217401543497,4.4993599986158224e-5,4.6066920596515056e-4
RTN3,1544.3738344681503,1.2315700730044836,0.3019513214213263,4.078704034833543,4.528744650920029e-5,4.6279498689754143e-4
RNF11,769.4962728877716,2.6096744577683006,0.6401503776649804,4.076658467792174,4.5687522605267036e-5,4.6637948237349385e-4
CLN6,202.02398038168695,1.818885944140075,0.44665036863651614,4.0722813006794665,4.6554905905458574e-5,4.7371658640642055e-4
ATP6V1C1,477.95600883698324,1.523032345896312,0.37403805981571636,4.0718646296226915,4.663828286445184e-5,4.7434007121854816e-4
SIAH2,410.9419594007204,1.9865450049192561,0.48859089061890976,4.0658658257071725,4.7854463391017154e-5,4.8473024596924134e-4
SLC41A3,129.3524706725263,1.6447791394401934,0.4049909752925975,4.061273558631461,4.8805742332232317e-5,4.933449036503559e-4
IFT52,197.26588737948913,1.2590730018185898,0.31035929353948377,4.056823907090158,4.974455828110122e-5,5.02125221407541e-4
BCKDK,206.21883700383677,1.4444880175949275,0.3561229185851613,4.056150116183832,4.9888202654477706e-5,5.031018933106633e-4
ARHGAP11A,438.21397097876775,1.8561641571659206,0.4580356700623787,4.052444555056453,5.068523821307729e-5,5.108995829274959e-4
ALDH18A1,869.343918024775,1.7027238179785986,0.42035316112386634,4.050698259116585,5.106502221292615e-5,5.142446629232263e-4
WNT5B,39.09845615559682,2.014559519557448,0.4973803708598311,4.0503398155316015,5.114330932999907e-5,5.147914719614353e-4
CNP,246.69298130448047,1.2016949419204217,0.29674851732200824,4.04953983516095,5.131844225083645e-5,5.160701830847938e-4
ADAM15,665.7489809004682,1.5867739723490462,0.39209716996342,4.046889633243416,5.1902697684662456e-5,5.202390902909183e-4
CCNG1,955.2402978516815,1.960291153891232,0.48448454651022904,4.046137628147947,5.206962710772796e-5,5.216686263920831e-4
LANCL2,265.9363482085548,1.4475710262345463,0.3582193862035015,4.041018107859168,5.321964838449452e-5,5.319486047187949e-4
RNF139,447.62568342862704,1.5554981758336648,0.3852322413490501,4.037819291517357,5.395038630105372e-5,5.382497861555614e-4
ELAC2,308.78006559816606,1.3899961348214085,0.3442546876912718,4.037697043846674,5.397850029619184e-5,5.38280026187861e-4
UBL3,954.2232999193762,1.449010284565,0.35930311645374313,4.032835280880583,5.510790829447684e-5,5.490323639737572e-4
SLC29A1,426.7625328057105,1.626952136987742,0.40382401179790234,4.02886428111156,5.604696149962366e-5,5.573530091667857e-4
TOMM22,214.68614816414114,1.4193961703044433,0.35264660844857276,4.024981770132172,5.697972934042929e-5,5.655804771718837e-4
AHCY,814.9539309033371,2.2291987735649426,0.5539365779077244,4.024285202441146,5.714862681306292e-5,5.669946978309433e-4
SLC35F5,787.189243027944,1.2551678633437175,0.31197998414017075,4.023232024974327,5.7404892557460966e-5,5.692740269330463e-4
NFS1,175.61007208456252,1.4906768870479674,0.37061797111801636,4.022138706742014,5.76720768105439e-5,5.716594772998948e-4
DBR1,132.39697825442644,1.4501167665383998,0.3605964978272904,4.021438852778156,5.7843724392328126e-5,5.730961798057994e-4
MGST3,273.9675041207829,1.6764107122318923,0.4177355600270258,4.013090750817181,5.9928859897351945e-5,5.90754861459427e-4
OSER1,374.65467324225125,1.1992781957190448,0.29896699137746113,4.011406711468339,6.035802698765042e-5,5.947122401997145e-4
STIL,221.15067117038566,1.6434190050490165,0.40991266241757907,4.009193068973462,6.092658822598123e-5,5.989393418825273e-4
BLOC1S4,49.116834013836225,1.8311384845406968,0.4568011894139088,4.008611463753211,6.107680919696511e-5,5.99592097606071e-4
IGSF8,199.73686286430203,1.6752401621330808,0.4181454791686053,4.0063572263508505,6.166236924777004e-5,6.045109383541091e-4
RNASE4,47.473241955988634,2.2239358215562723,0.5551485901383769,4.006019038978252,6.175067386703854e-5,6.051002105875101e-4
RAB27A,73.9531743137711,1.920624458917366,0.4795572465545219,4.004995175688594,6.201874685337003e-5,6.06895717042098e-4
INTS14,292.2762806218822,1.2096792132682088,0.30225934361230966,4.002123470564382,6.277652201088631e-5,6.137513268125832e-4
COPS7A,189.07751358917577,2.039947591464147,0.5101613421761269,3.998632242032719,6.370958155349389e-5,6.208935604622974e-4
CDCA3,96.58663812669263,1.6645964496235974,0.416776177128244,3.9939817604099606,6.497286391378118e-5,6.317705752558877e-4
TATDN2,446.2310598416438,1.5919817336073043,0.39885160041530027,3.9914136785452765,6.568059559158605e-5,6.377853309481613e-4
ABHD4,127.16302242815729,2.0034013080435047,0.5020093769072553,3.990764715165125,6.58605932765971e-5,6.392439311242758e-4
TEX261,719.2297300769724,1.3420613003653856,0.3364967276743836,3.9883338825929164,6.653897143942785e-5,6.452446123317314e-4
EML3,127.78992422092674,2.0152353251140465,0.5055817811897111,3.985972992088224,6.720415649368864e-5,6.502632741387535e-4
CTNNB1,1216.368777922079,1.8462416382611655,0.46368727434168944,3.9816525930808204,6.843776185461848e-5,6.60375166097173e-4
AJUBA,324.00204173665253,1.511794787814781,0.3798843336537856,3.9796186730684777,6.902589697266815e-5,6.648544654548736e-4
HSD17B10,503.79602061870884,1.7816560867693227,0.4476931353099361,3.9796368231911567,6.902062753981078e-5,6.648544654548736e-4
ADCK2,88.87967432729502,1.9149295777387798,0.48127422586573043,3.9788741528681437,6.924237807271009e-5,6.666403918530096e-4
DLAT,261.9411241121395,1.0498355478407746,0.2639203258202731,3.9778503022753213,6.954112817827122e-5,6.692164173568164e-4
TLCD3A,47.63725743656944,2.566213557286694,0.645448621917563,3.9758603088542217,7.012528175490947e-5,6.73931279203026e-4
PPP1R15B,683.5947652949861,1.3926030154301638,0.3503538584342205,3.9748470921767436,7.042448749049482e-5,0.00067589870373256655
UBE2D2,682.290603311443,1.7245505705971136,0.43434219027521415,3.970488267567051,7.172548829397942e-5,6.871557941021422e-4
ABITRAM,157.46802951214167,1.436418566605823,0.36184188154509056,3.9697410384674474,7.195078786011925e-5,6.890042135747396e-4
NLE1,83.57389477503654,1.9136548377768423,0.48207317787279497,3.9696355773641483,7.198263964746349e-5,6.890042135747396e-4
LSM10,89.98294655871399,1.478774248998823,0.3725716513606358,3.969100288758747,7.214451542880973e-5,6.902457873839753e-4
HSPE1-MOB4,55.41352621651109,3.1652667142471382,0.7979976308821668,3.966511417769516,7.293228336334995e-5,6.968507573363714e-4
SLC35D2,93.3633506909419,1.8046396683245287,0.4551039901477152,3.9653347529183134,7.3293013860758e-5,6.996744116778766e-4
TMSB10,4877.29169906954,1.737197468371253,0.4386367205664743,3.960446964239021,7.48096071669158e-5,7.128837343703433e-4
STYK1,44.117286816824894,2.3401715320645002,0.5910470404539333,3.95936595887057,7.51490080086427e-5,7.154825695942645e-4
RRN3,783.2199398040665,1.1767153739202354,0.29730482313386614,3.9579424293106773,7.5598172119069e-5,7.194398109424483e-4
PRR15L,292.1231568471704,1.7474850560768194,0.4416871180022443,3.956386738152368,7.609193965622043e-5,7.231767161304209e-4
MMUT,610.8959508788766,1.5508193870015847,0.39285218902121943,3.9475900360016043,7.8941833792174e-5,7.480246102564967e-4
PIGP,80.86221284013106,1.6209338955985846,0.4107597906711924,3.946184442615319,7.940645409459483e-5,7.520134619902935e-4
TWSG1,311.2069290715332,1.2354131658540541,0.31312105925914047,3.9454809228644705,7.963997285027439e-5,7.535598842005681e-4
MTCH2,618.5139145846686,1.121338751066847,0.2842911369196855,3.9443324305380445,8.002258649650115e-5,7.568464989929108e-4
CREB3,383.3294705281896,1.1647679797989472,0.29545274682027556,3.942315623511457,8.069868248519444e-5,7.622331541075144e-4
DDB1,2512.4890568734895,1.0402293322586844,0.26387764046748496,3.9420897140652644,8.077474969239365e-5,7.626159825775484e-4
LIPT2,35.33376633140267,2.032285953504355,0.5157634449046278,3.940345081804226,8.136448131374769e-5,7.671712517544047e-4
NDUFS2,848.7219604726282,1.2406204337221858,0.3150322061734115,3.9380749314223396,8.21379465003656e-5,7.73444638831876e-4
EEF1AKMT4,35.41146336470252,2.6590372083404197,0.675294773719698,3.937594827950105,8.230241086915654e-5,7.740351602921704e-4
ATP6V1B2,372.47404260460877,1.6997598756355827,0.4319957232224282,3.9346682947608755,8.33116752955158e-5,7.81752755505802e-4
ALG8,391.439196751601,1.4865898950733576,0.3783406926262463,3.929236066980308,8.521615157510123e-5,7.971833534444954e-4
NOMO1,1970.5886325300696,1.3190022318993848,0.3358423699054933,3.9274443908627568,8.585326278158579e-5,8.020944794483374e-4
KBTBD4,156.7959885421585,1.6150408664246845,0.4113228484361745,3.9264555143604976,8.620682730685243e-5,8.04347180002197e-4
B4GALT5,690.7133771952296,1.8241584050090067,0.46476939068805295,3.9248677764869364,8.677738901244423e-5,8.093188910069766e-4
MRPL2,127.8745069464975,1.3489213082174556,0.34399867642904625,3.9212979602719096,8.807327689714154e-5,8.203352960992436e-4
MCM7,765.8980373925069,1.3232298792007342,0.337819170598718,3.916976875100278,8.96663463304094e-5,8.330042390695176e-4
AP1S1,275.37622962643064,1.6011337585772514,0.40900647392934114,3.914690501583256,9.052024500208223e-5,8.404643018379405e-4
SCOC,668.4185675431618,1.3746785375904627,0.3511654945856653,3.9146173493281977,9.054769179167372e-5,8.404643018379405e-4
ZNF599,41.67204322400084,1.8754720956347448,0.4791580964183941,3.9140987278593515,9.074250455897862e-5,8.41908408056931e-4
E2F2,130.43719667088047,2.3931052591294084,0.6115128784585898,3.9134175966360516,9.099896327654142e-5,8.439229697124369e-4
MPC1,74.99690254937317,1.9026263935664762,0.4863057401716351,3.9124078463375116,9.138041332265374e-5,8.470944578419651e-4
ATIC,451.6962106014421,1.62695259218949,0.41622071655215215,3.908869807506648,9.272891746434915e-5,8.562661655701088e-4
TNFRSF1A,218.18031502149094,1.5949205424907498,0.4080795787675299,3.9083566673629746,9.292605159345496e-5,8.577174482561477e-4
CYSTM1,147.8281847257228,1.6155245686102677,0.41353477057887233,3.9066232963889145,9.359489506893105e-5,8.632892722165243e-4
POMGNT2,48.28436444776285,2.140021184790774,0.5481152822965383,3.9043267975020477,9.4488032445527e-5,8.70636829661232e-4
ECHDC3,74.67648441704861,1.3896223666545338,0.35615691395112203,3.9017138576319805,9.551402461147825e-5,8.782052134371566e-4
CMAS,163.7905131997758,1.248571365159414,0.3200584408168539,3.9010730726951213,9.57672354697017e-5,8.80156262603768e-4
INSIG2,246.07879220066488,1.3427835729696334,0.3444063491049768,3.898835130244205,9.665655630844888e-5,8.868104738688812e-4
IL17RB,42.23255933836423,2.2160435166858026,0.5688358652034919,3.895752100464074,9.789447759604639e-5,8.977843970987844e-4
LRRC41,692.1229797409709,1.551327684655532,0.39824766344091966,3.8953842723189576,9.804316618190021e-5,8.983801649289405e-4
PSMG2,234.98191504395214,1.2516247569367047,0.32130261667726123,3.8954701641721265,9.800842671872717e-5,8.983801649289405e-4
FKBPL,65.30981025119458,2.3643708748618355,0.6070410039587818,3.8949113147921333,9.823466497012053e-5,8.997507086038355e-4
TST,25.697798012177937,2.58609273975302,0.6652057574479142,3.8876583835874445,1.0121594195237106e-4,9.231169206535838e-4
KPNA2,1428.1503659614996,1.2670621444708883,0.3262101522441616,3.884189795302625,1.026716838372193e-4,9.34804554580707e-4
FASTKD2,424.1051679876517,1.1742068443794005,0.3024894573139059,3.8818108069164112,1.036815289105925e-4,9.431986479106888e-4
RNF181,237.03956852005118,1.384980737818596,0.357074887875287,3.8786842336062524,1.0502297319554604e-4,9.529780147046166e-4
ABCB6,216.78012584173695,1.665718790711545,0.4295213167710432,3.878081775390575,1.0528333053899875e-4,9.54916483948169e-4
FASTKD5,148.41240580086728,1.5887022560603044,0.40967219394259874,3.877984104244345,1.0532559727424585e-4,9.54916483948169e-4
STT3B,820.9460115696419,1.3824065298592039,0.3565332314894907,3.8773567447946355,1.0559746614502155e-4,9.565730787134498e-4
BPHL,176.67287065488168,1.5756839138461278,0.4065056474627864,3.876167339078294,1.0611471900806203e-4,9.592341490787747e-4
ERCC1,253.64244566022506,1.2375248568432151,0.31934066472177763,3.8752498305262697,1.0651536082433025e-4,9.624503761221588e-4
STAG3L3,7.021442813847422,4.8735611367523495,1.2587532150274914,3.871736793654116,1.0806260713510891e-4,9.743796424871585e-4
BIRC5,545.8355262735378,1.0049375360789674,0.2597029004919721,3.8695660856126324,1.0902922579857088e-4,9.818578202422706e-4
TOMM20,2021.6664228212626,1.8516315506326366,0.47850029938354904,3.8696559918940276,0.00010898902901646214,9.818578202422706e-4
TSEN34,259.3021443413153,1.9119050478394337,0.49415927192758635,3.869005716277651,1.0928008040413644e-4,9.83291624936171e-4
UQCR11,167.7116104014982,1.6690338114887266,0.43173448321730545,3.8658802490155733,1.1068924323496251e-4,9.947199161734906e-4
COX6B1,838.9170734136661,1.0389423772476984,0.26898505850769805,3.8624538590048303,1.1225377167553955e-4,0.0010079355398146773
GAPDH,9169.994213489204,1.9785713991712142,0.5122797900432134,3.8622866598042283,1.1233064799208186e-4,0.0010082039757047581
CKS2,335.10759129101075,1.3605308910654217,0.3523655453039893,3.861134861785871,1.1286158277268017e-4,0.001011533098489742
GM2A,323.2933957805477,1.4242539219238695,0.36887514894251716,3.8610731192027656,1.1289011047916738e-4,0.001011533098489742
SLC39A7,2811.923444887478,1.9212709028169226,0.49773615441195135,3.86001877859727,1.133783118132292e-4,0.0010150598963337082
DELE1,345.7484892559926,1.643200606024184,0.4257221264850392,3.8597961059511188,1.1348167242533268e-4,0.001015561588927289
NAGLU,95.90855755198942,1.664667684111064,0.4314800735000968,3.8580406983978377,1.1429961851191012e-4,0.001022029088860663
MAB21L4,93.36915638526436,2.584565998403061,0.6710644374661163,3.8514423565077713,1.1742417182955237e-4,0.001048656981881895
MAGED1,2555.0343214069694,1.3478505361093964,0.3502844437069373,3.8478743784496037,1.1914711771315558e-4,0.001061978875020019
TAF6,310.69893017592835,1.122367132630152,0.2917629809374719,3.8468455765835765,1.1964832777784583e-4,0.0010658584948578544
AGFG1,629.8494065036248,1.556880064287865,0.40482277677381906,3.8458311972839385,1.2014445738697365e-4,0.0010693903175132537
WDR6,475.8675857480688,1.5817090956347415,0.4119926292489813,3.8391684300712585,1.234517234104987e-4,0.001097007861030767
RAB1A,1080.7134960395215,1.2393538934306372,0.3228818620477854,3.838412865840129,1.2383214201218225e-4,0.0010999328508201286
PABIR1,111.84295506772516,1.2874604444985323,0.3355920732727066,3.836385144449835,1.248585480432363e-4,0.0011076744278659988
AKR7A2,350.1124318689094,1.5935959100346824,0.4155126513152445,3.8352524405463653,1.2543539364534827e-4,0.0011114135209038703
MAPK14,629.1474751129134,1.3423295541203681,0.35004574720215237,3.8347260746612335,1.2570430703377235e-4,0.00111333653691488
C9orf152,513.1462430208402,1.1886015025736019,0.3101937345627167,3.8318037088956216,1.2720721581213883e-4,0.0011257182892076287
CLIC1,1581.8604998496435,1.390110366422049,0.36314388673905956,3.8279877954297654,1.29195161045869e-4,0.0011414278122866813
GYG1,296.84227409417633,1.2184556785454812,0.31836841763102447,3.8271876576577384,1.2961569882391567e-4,0.001144201109321773
MRPL11,209.74761260965826,1.0846752242728641,0.2834459355070817,3.8267446747203904,1.2984907701432056e-4,0.0011457899641148517
ABHD15,56.49133409637556,2.014322840628377,0.526714133035938,3.824318950809203,1.311340663816548e-4,0.0011552286800288638
ARPC5,765.5450883447596,1.4134980493588452,0.369693322978214,3.823434077661561,1.3160578981683167e-4,0.0011584332442449582
TAGLN2,2035.5185456893885,2.455926606130047,0.6424615709414006,3.8226825030660923,1.3200770752732767e-4,0.0011614946303962494
GPN1,111.757757813989,1.6036970284488254,0.4197693752217492,3.820424078344566,1.3322241050616016e-4,0.0011693059016205304
NUS1,771.9498222240911,1.6980750317196718,0.4447931010137809,3.817673942894768,1.3471580348726683e-4,0.0011809645191326577
GTF3C5,450.71397909307336,1.3579727142476279,0.35578436642891775,3.8168420042675977,1.3517066534886077e-4,0.0011844681414399968
ELOVL6,129.6658843075964,1.6716748898618572,0.43806122630398153,3.8160759032844433,1.3559080988174315e-4,0.001186212303327439
LDOC1,236.31220542059202,1.8672119920019552,0.4892746914952053,3.8162856662293825,1.3547564969127213e-4,0.001186212303327439
ATG5,537.0696054236577,1.255008483010935,0.328917195732365,3.815575771940232,1.3586575497271045e-4,0.0011881332932821378
CDC25C,90.96667929723202,1.3456665415337024,0.35326385460435683,3.8092392527415573,1.3939502353859043e-4,0.0012150354204460401
FXR2,214.16636325556436,1.37477956231129,0.3609888903749269,3.808370836242161,1.3988538257731615e-4,0.0012188145798250932
CCNA2,468.77784620561124,1.8933724283757813,0.49761013791006126,3.8049313792678237,1.4184350849333322e-4,0.0012338717844616663
FLII,1787.7087046211125,1.233917312293459,0.32457507550855,3.8016391442261406,1.4374197658673736e-4,0.0012498795857177405
RAB2A,1056.5668673607358,1.0609724262496458,0.27911635956222414,3.801183233808696,1.4400675594426762e-4,0.0012511680091352158
LAMTOR5,234.66430132212804,1.5677203409460756,0.4128489805619283,3.7973215746161055,1.4626798793193242e-4,0.0012662004925450864
CHRNA5,41.56181702944084,3.037745859366181,0.8000614532407497,3.796890660162927,1.4652237733670507e-4,0.0012666222327271455
MACROH2A1,2973.2060942834414,1.1578119981625181,0.3049410162288992,3.796839180510321,1.4655279607928717e-4,0.0012666222327271455
PYGO2,435.8210638309795,1.3818028397863156,0.3641164920683748,3.794947138859167,1.4767491632390817e-4,0.001274618493132958
SELENOT,726.3211830837112,1.5360385506884568,0.4050510851357618,3.792209444825014,1.4931289989054966e-4,0.0012863327304902432
BUB3,517.5915690056215,1.0706995500652021,0.2823923074150532,3.7915322831068283,1.4972068158824979e-4,0.001289030611354217
KCTD11,45.61500854938209,1.8290736121936448,0.4824378229680582,3.7913147044334172,1.498519282412401e-4,0.0012894235685874148
UBE2E3,218.9035380223106,1.7520732156769123,0.4623816273053087,3.7892362330392197,1.511111639854512e-4,0.0012981767730695687
SERF2,1855.3308179665485,1.480896668044817,0.3917489275223127,3.780218818749593,1.5669058759459263e-4,0.0013386066917913844
TMEM123,836.3777326006233,1.3283323297282592,0.35144160742714675,3.779667238187272,1.5703808852836917e-4,0.0013410415359406296
PPP6C,698.6142019896332,1.1820764685121394,0.31332698305950263,3.772660933857893,1.6151571815924156e-4,0.001373811855607342
MYDGF,312.847941992997,1.345365569060056,0.3569163545808002,3.769414182883813,1.6363115724370554e-4,0.001388175214121821
PATZ1,378.6387834064755,1.9443978217993778,0.5160052644918545,3.768174388131793,1.6444580898537057e-4,0.00139266261279639
DCPS,81.70593799279283,1.52625357264916,0.40532151647228604,3.7655380003827603,1.6619084405947916e-4,0.0014035637597467228
GET3,208.90669389099722,1.8707926605232013,0.4969917137054198,3.7642331027516285,1.670609918974706e-4,0.0014103575476474108
RRAGA,169.2024462008468,1.2512864099072531,0.3328348116358385,3.759481779436917,1.7026567678106927e-4,0.001434590272368177
SNU13,277.67553144654397,1.476351601996027,0.39271618424174465,3.7593347593926203,1.703657555538134e-4,0.0014348701390050375
PRDX1,3064.3206274473814,1.7676674243198276,0.4702411627439783,3.759065697279738,1.7054905351710455e-4,0.0014358504074056743
SMPD1,52.94735908570109,1.9628721395171513,0.5223104266476369,3.7580565873737606,1.7123816116250342e-4,0.0014405217320844074
CENPA,105.99316705751954,1.8634543160191004,0.4964287813301085,3.7537193371952498,1.7422993825119104e-4,0.0014622504790264214
BDH1,628.1419108090945,1.5132335969810233,0.4034597236247792,3.7506435174886072,1.7638131457319727e-4,0.0014785714885706303
UCK2,349.06620600211664,1.0823504487271542,0.28880210088273917,3.7477235983356487,1.7844673916277595e-4,0.0014918063975197396
CHID1,175.55051850877737,1.2266168889934426,0.3279209696531431,3.7405869173017234,1.8359104316625652e-4,0.0015312334964430099
FAM8A1,422.1486364833518,1.5671993255983943,0.41914266416132895,3.7390594172374105,1.8471006952177434e-4,0.0015396854867143661
INTS7,481.46530726518137,1.4953418160659933,0.40010704045300755,3.7373544198895963,1.859666995662577e-4,0.001546839291741043
CD59,971.4905991980817,1.5688424936666232,0.4198511490100426,3.7366635708054172,1.8647815858702113e-4,0.0015498920539417016
S100A16,2050.5640555305204,2.006441790374141,0.5372379182358081,3.734735993622587,1.8791220967714033e-4,0.0015599984602210567
PSMG3,126.367248234624,1.5417437679421766,0.4128829966483455,3.7340936305383567,1.8839240399466518e-4,0.0015627757981157768
SEC23B,706.5389580248938,1.4856114927429638,0.3979830064045312,3.7328515761622967,1.893241665009509e-4,0.001567475545181484
BLTP3A,582.3776770291801,1.3168819380150532,0.35285891531312663,3.7320353287558388,1.8993885444170005e-4,0.0015710410277179141
EIF1AD,245.4959359218153,1.0655024709382594,0.28550030750286126,3.7320536718776776,1.8992502028685894e-4,0.0015710410277179141
VKORC1,240.91611193287935,1.3707091877139133,0.3672865861474353,3.731988151518516,1.8997443927903015e-4,0.0015710410277179141
SDF4,303.19092003330184,1.443613658791207,0.38746151513824983,3.725824636483219,1.946777193021355e-4,0.0016068399447014723
MOSPD1,111.50935536996806,1.9842054569603422,0.5329405846609346,3.723126956493144,1.9677051325082316e-4,0.0016216187459150019
ELAPOR1,1962.0611930248492,1.2972216257529572,0.34845217391835714,3.7228111139777194,1.970169138052046e-4,0.001622094477086486
ZER1,394.22347405994424,1.6518292110776172,0.4437106282708423,3.722762327138433,1.9705500008222127e-4,0.001622094477086486
WIPI2,291.1185106823557,1.0435107812300168,0.2804513286500992,3.7208266626967457,1.9857170391597356e-4,0.001632700676642449
MRPS24,136.37264771464527,2.051566567942626,0.551561798339875,3.719558849284992,1.995710455417658e-4,0.0016396610403240023
SERTAD3,360.6201375280384,1.718800356044893,0.46244908344561975,3.7167342688592657,2.018145095506623e-4,0.0016555578650448062
EMC9,54.04016490286049,1.8214558219157047,0.4902540522510896,3.715330477233514,2.029382845570583e-4,0.001662869639784067
HAX1,732.7706849943046,1.331892963280579,0.3587776063017355,3.7123079587092285,2.0537788100681914e-4,0.0016812746752682467
MSRB1,133.30263002884894,1.5711903279372406,0.4234240391450588,3.7106781445608337,2.0670477516645573e-4,0.0016905047542195655
BEND3,174.8796965468767,1.4445986259948946,0.38948348392604826,3.709011256223595,2.080701789140357e-4,0.0016990814457744315
ZFYVE27,111.6676817696378,1.3018489497344246,0.3512169028699622,3.706680797810102,2.099933409465413e-4,0.0017108796874384118
SWI5,143.0735073893226,1.4824183849344155,0.40006331277085394,3.7054594550725697,2.1100788335817486e-4,0.0017178411141374934
ATXN7L3B,1296.1448198480857,1.0350007877425784,0.27936255798845655,3.7048658030448927,2.1150267779395925e-4,0.0017192604035827141
VPS11,132.28780270923266,1.1279913960318018,0.30446057283066563,3.7048849561850035,2.114866971248052e-4,0.0017192604035827141
ZMYM3,268.18012258983265,1.5198539914818339,0.41034924926397487,3.7038059511694685,2.123887485555235e-4,0.0017258093691789225
MBTPS2,229.03572878043147,1.2947519676679147,0.3496031238929223,3.703490841988231,2.126528616612252e-4,0.001727301442562412
QARS1,492.9077248647386,1.1618807350831104,0.3137653949563345,3.703023831690569,2.1304486011625935e-4,0.0017285227592041307
KDSR,142.76007417000767,1.5634130540892694,0.4223390066508458,3.701796493975673,2.1407829860520453e-4,0.0017362510536914923
PPA1,564.353536799109,1.5487934982459162,0.4184041016710347,3.7016690134257737,2.1418590876317282e-4,0.0017364675489451034
POLR1C,193.93325932405972,1.3634335445031978,0.3685813914525947,3.6991383073623143,2.1633269516864345e-4,0.0017512258160388868
GDE1,698.4118610939589,1.6358484262564699,0.44230745755521633,3.6984418831605512,2.1692700397373538e-4,0.0017547129684419003
HYAL2,81.08473567383048,1.7607018113236161,0.4768286915294367,3.692524889129748,2.2203860269052683e-4,0.0017893159646033441
ACADVL,642.3275630922449,1.5467255072746653,0.4190129276853642,3.691355099277743,2.2306246116146633e-4,0.001794870797347232
SQSTM1,1450.0080137744508,1.1730093303456421,0.31792987699720904,3.689522172072993,2.2467564745147584e-4,0.0018071736860227404
GNA13,791.2197840474807,1.0775098864001267,0.292075420633236,3.689149480856775,2.2500499541025577e-4,0.0018077900417461958
METTL18,84.18340737653028,1.3169747400345448,0.3569834467983558,3.6891759319541944,2.2498160559137015e-4,0.0018077900417461958
STOML2,488.95154698023566,1.3828428782361315,0.37494678192988046,3.6881044054266336,2.2593094933944817e-4,0.0018131930339658033
AP4M1,160.88195057754,1.905515653629375,0.5167113622275842,3.6877757930743846,2.2622284362199273e-4,0.0018148569062160613
MAF1,424.7302565077373,1.5251914383874339,0.41360331063031763,3.6875706726406348,2.2640522396452054e-4,0.001815641295320856
TCTA,173.854236853711,1.4702305250792058,0.3987247824777104,3.687331687644459,2.2661788863874912e-4,0.0018166678708209025
SLC9A3-OT1,113.14490669110957,2.336778149659771,0.6341163060368546,3.685093929005444,2.2861831207454726e-4,0.0018307566749735122
KLHL9,246.21815423638841,1.2915154195664824,0.3507882749659372,3.68175196189751,2.316367126049685e-4,0.001852748360977497
ITGB5,1343.6241518955512,1.9987728689990358,0.5429193386523299,3.6815282247276757,2.31840117607562e-4,0.0018536843978607604
TMEM126B,136.44207882405541,1.637073020741852,0.4447503685465186,3.6808806389344735,2.3242979900997418e-4,0.0018573661857341204
MYL6,4924.094028366553,1.412248364723274,0.3838894773219635,3.67878894356575,2.3434409339138758e-4,0.0018709167575071345
LLPH,234.85905802471663,1.441506986245936,0.3920614332294492,3.6767375315957476,2.3623588293349084e-4,0.0018839175205324092
LPAR2,73.11816744604393,1.9849314752636786,0.5400181917259684,3.6756752007179228,2.372211754871205e-4,0.0018896683095596162
SMIM3,54.45455540236366,2.617257987543174,0.7120411478698837,3.675711713252622,2.3718724688597708e-4,0.0018896683095596162
WDR74,131.00610258965307,1.2464465993124956,0.3391044408223663,3.67570119780715,2.3719701770337322e-4,0.0018896683095596162
NCAPH2,166.2620611643279,1.855993877171451,0.5050723993629863,3.674708575468172,2.3812105203726492e-4,0.0018954294424034517
ZNF275,222.18605753956822,1.5701608183718965,0.4273716212751387,3.6739941077206866,2.3878824089966296e-4,0.0019000354652231246
MANBAL,203.7711186873156,1.6131765228307795,0.4395416886458556,3.6701331511936215,2.424241565908146e-4,0.001927479855584761
TBC1D13,249.31066749186417,1.22676243004148,0.3342634986708667,3.6700460412801887,2.4250678518540796e-4,0.001927479855584761
IP6K1,136.86976827342278,1.339446363702447,0.36523973685629246,3.667307328691529,2.451181198658939e-4,0.0019410460709675583
PPM1D,188.48821872851886,1.606518719706277,0.43809731932637536,3.6670361785743926,2.453780888246364e-4,0.0019416717500651537
WDR55,346.98016512568086,1.2418745792173862,0.33865758608823276,3.6670508213385546,2.453640432663337e-4,0.0019416717500651537
PYGB,653.9586224130052,1.6834237629326894,0.45960183651767667,3.662787284941459,2.494857052047576e-4,0.0019705422280802713
MVK,166.65473912493337,1.6471519860815005,0.4503044616025099,3.6578629050659166,2.543270130767445e-4,0.002003618832829272
HSPA13,276.7702440610163,1.3406599884190924,0.3666168352166686,3.6568424023047643,2.5534125925557655e-4,0.002010870981146669
PCCB,510.56786521279105,1.508367075915796,0.4125759793110087,3.6559740546086332,2.5620726882134566e-4,0.002016950839657402
CD63,2551.6969589838795,1.404496828093954,0.38418074291706183,3.655823083243819,2.563581144439195e-4,0.002017398289683356
RFT1,79.1679359054624,1.4898895296552177,0.40759488857603604,3.6553194640400446,2.5686191669045444e-4,0.0020206219692731494
UBE2N,769.9291601759593,1.1929413270509075,0.326389110831688,3.6549666868821564,2.572153748494433e-4,0.002022661027581185
RXRB,412.43450927939284,1.8226193019499026,0.4987128104067226,3.654647051202625,2.575360213268315e-4,0.0020237380600491755
VKORC1L1,434.21105113072343,1.0741149886044223,0.2940078022166524,3.6533553888917347,2.588355898821361e-4,0.0020331668224270283
MRS2,398.31040009545643,1.1145041610486197,0.3052345698031721,3.6513038538436136,2.6091232826041416e-4,0.0020464833934460847
YARS1,699.2497157243281,1.000447575664761,0.2740404749242974,3.6507292433394403,2.614967925036863e-4,0.002048821163610481
HADH,486.66414173799126,1.94167607876982,0.5319438448139406,3.6501523566814935,2.6208480658410804e-4,0.0020526788136112986
IDH2,1597.2209117068483,1.801649632829615,0.4937413127634996,3.648974850303035,2.6328887522253396e-4,0.002060605128473953
DNAJB1,1101.5096859757948,1.045198908305081,0.2865877214834869,3.6470470643150183,2.6527135019029384e-4,0.00207309656776537
VASP,588.2866911380071,1.5702760563496232,0.4305601646017266,3.647053734760037,2.6526446644970045e-4,0.00207309656776537
CSNK1D,1246.611178280522,1.4087713886310678,0.38645606887830575,3.645359724120899,2.670180343563745e-4,0.0020852281722299115
SYVN1,399.7817092559022,1.2460577009350668,0.34208488211473453,3.642539516017378,2.699615193648296e-4,0.0021051505107446376
AP2S1,514.8084660998281,1.6483201526280353,0.45282066773925433,3.6401168720001533,2.725143197042714e-4,0.0021226836936950617
ZNF639,257.44569481864556,1.6797455860284813,0.46173238077664397,3.637920267153697,2.7484847771115786e-4,0.0021358829585475365
C6orf89,696.8503566403831,1.3334558906327305,0.36659251805573956,3.6374334580117686,2.7536830140793036e-4,0.0021387635715577943
SLC39A3,86.12567899277032,1.5767143369171956,0.43351900482800776,3.6370131859449475,2.758178165541608e-4,0.002140911309319707
HAUS4,144.73632079243131,1.9425215162797678,0.5345816810010768,3.633722563485775,2.793612508246488e-4,0.002165857096350059
RAB32,57.353791873603726,1.9560177384726012,0.5391404815696763,3.6280298091839973,2.8559229316268124e-4,0.002207784802331102
ORMDL1,204.94130294353334,1.4736162779686386,0.40619910802386877,3.6278176117561713,2.85827053658874e-4,0.0022088039508532356
CYCS,1386.9962853860497,1.12823176401592,0.3110334497594065,3.627364725204445,2.8632870073852263e-4,0.0022118840597007542
MPV17L2,52.591129618478874,1.793333050763009,0.4944439086620789,3.626969650845954,2.8676698473628745e-4,0.002214472649312965
TMEM69,219.93279320691175,1.1471210765793152,0.3164711234198204,3.6247258965791365,2.892680854242597e-4,0.0022273746369589568
CLBA1,100.30707894917289,1.9949122684891554,0.5504443349084166,3.6241853026265964,2.8987373001166414e-4,0.0022312375344513313
MGAT4B,639.4109451403358,1.5045194447241588,0.4151912817948578,3.6236778340339235,2.904433439744968e-4,0.0022335277111439874
TUG1,1496.5599290488171,1.1155941305943389,0.30786259917672093,3.623675410971112,2.9044606628279303e-4,0.0022335277111439874
MAPKAPK3,118.71910423058993,1.5749682488886176,0.4346965443667436,3.6231441664276325,2.9104349637091507e-4,0.002235430720157422
VPS29,376.2538710756443,1.1483535413192045,0.3171240511487512,3.621149317307864,2.932971682773113e-4,0.0022519346086694457
TMEM268,405.87303370882796,1.237233737257334,0.34196996760972553,3.6179602141827014,2.969340273919487e-4,0.0022766002957596353
AKT2,739.2173370308896,1.4834181107959707,0.4100311946370986,3.617817693380334,2.970975402559586e-4,0.0022770404335331683
HECTD3,255.77496366401573,1.2523656238493894,0.3461971874912106,3.6174921954881136,2.974712974292664e-4,0.002279091054206375
NXT1,79.60340127728672,1.7903744340095278,0.4950143319867333,3.616813329068442,2.982522320880284e-4,0.0022834437747445914
KIF4A,494.37036049772115,1.222317005681289,0.3380453233844722,3.6158376440282836,2.99377975855297e-4,0.002288961067323661
ZNF232,69.29635278849442,1.416104999974974,0.39166883108219475,3.6155672537491075,2.99690655215568e-4,0.0022895555218676003
TBC1D17,125.69153151524968,1.5395251693761085,0.4258297489021998,3.6153537260960382,2.999377947315085e-4,0.002290628140547392
LRIG1,550.5786546948324,1.9406357112590171,0.536804938956072,3.615159940653646,3.001622495739222e-4,0.0022915268146056103
CSTF1,476.04593706881684,1.1871774609929666,0.32856246448264304,3.6132473709749693,3.0238596508676236e-4,0.0023068620016928262
ASB13,99.8348159742263,2.313738328792469,0.6407015408864096,3.6112576311138813,3.0471577284112573e-4,0.0023229841865614774
SHISA4,46.70280689262393,1.6392842079574481,0.4541602804605539,3.6094838727312,3.0680684660419985e-4,0.002334778343307138
TOMM40L,134.87685668598814,1.7364384948579934,0.48162101606692753,3.605404326078438,3.116672996831682e-4,0.0023689233700977387
RCC1L,324.64452292980167,1.1210894141375765,0.31108332423944196,3.6038235636014675,3.1356995727303296e-4,0.002379494795996919
HMGN2,2300.054289230065,1.6393901013485597,0.4550551300798066,3.602618656471463,3.1502752041550133e-4,0.0023880221081302223
GTF3A,439.7168980064314,1.2028342963948078,0.3339865287359297,3.6014455461640567,3.164527110558516e-4,0.002397978523749497
CDCA8,359.30838559187976,1.2326512381204422,0.3425771868539668,3.598170822290903,3.204631204929589e-4,0.00242323416694112
TYMS,440.8610469719301,1.6053153048826334,0.44654793256834335,3.594945106227634,3.244599821460972e-4,0.0024474204628665186
IFNGR2,329.90063091237,1.639195912678082,0.45602943275899716,3.5944958700601366,3.250203004755211e-4,0.0024507855404795093
TIMM10B,218.61015316879133,1.0884255284929294,0.30310027998608413,3.590975001880239,3.294432364434316e-4,0.002481520482301173
CDK1,669.24070167228615,1.2709273405178896,0.3539371870556607,3.59082737558747,3.2962991016624e-4,0.0024820553937429865
MED20,200.38796132331132,1.543166665669776,0.42984848387279073,3.590024679781028,3.306466540570759e-4,0.0024888380203664847
EDC4,284.8547742002418,1.506613812058003,0.4198434599275184,3.588513233761231,3.3256911490499275e-4,0.0025006773671552712
EIF4G2,4970.57800373378,1.075721345782655,0.299783086718673,3.58833234241847,3.3279989641625817e-4,0.0025015361741130998
ARMCX2,195.1264983284469,1.3349519187295067,0.3721802264402255,3.586842674308245,3.347061242044182e-4,0.0025132237317798513
FBXL6,40.106119275923454,1.8265644851870102,0.5095728332001389,3.5845013041925884,3.37722877257373e-4,0.0025332166885505855
RPL7,4436.605539681087,1.8618479500011587,0.5194416234761438,3.584325679450806,3.3795018469937353e-4,0.0025340359761175948
TIMM17B,181.14418532411884,2.012117244303962,0.5616542029949112,3.5824840864267378,3.403423556305117e-4,0.0025484113579311864
DSN1,292.20686852674817,1.5436768123556184,0.43095633070151085,3.581979663328813,3.410003437298182e-4,0.002551557662636645
GOLGA7,245.5272546230385,1.5675080536974662,0.4378880575349188,3.5797003976809014,3.439883672244182e-4,0.0025713169503635987
GRSF1,950.5976948240937,1.0650380108625632,0.2976670937422172,3.5779501102157334,3.4629952910037256e-4,0.002586699580401669
FANCF,94.61866151478083,1.1995006421733605,0.3357660191400516,3.572430126328644,3.5368386978954034e-4,0.002634521293191092
PPTC7,127.19767626339167,1.3090969391945013,0.3665727130397971,3.5711794485160677,3.553772990603935e-4,0.002645298937855028
FUCA2,334.11598020691974,1.670022952732719,0.4677405890243955,3.570404176845164,3.5643082794106377e-4,0.002651301756539074
TRAPPC4,140.35866469440975,1.7496712566718724,0.49008551090091096,3.5701346351894774,3.567977961026378e-4,0.002653111817173461
GBA2,331.0235621510335,1.5985521005804841,0.4477724083866136,3.5700102789725037,3.5696722026792453e-4,0.0026534522157775063
SKIC2,397.3724484599227,1.490512352237386,0.41774633430565283,3.5679842761871408,3.5973808633458175e-4,0.00267034912927711
NAA20,467.12138532493844,1.4671909480534584,0.4112884165612166,3.5673043270234674,3.606725187073129e-4,0.0026763596996745975
MANEAL,197.10259848667516,1.7629687023975567,0.49423481582942813,3.5670670012166807,3.6099920196873067e-4,0.0026769325757598343
MORF4L2,1772.1686876416525,1.055098279140382,0.2960732935775468,3.563638808456168,3.6574914309620276e-4,0.002707477271764233
KIF22,712.3867841832304,1.459054740943479,0.40947755750417636,3.5632105208320186,3.6634664730892747e-4,0.002710172610078816
PTTG1,317.12226069221066,1.4207779422971896,0.3987368730318758,3.5631967806087745,3.663658313997505e-4,0.002710172610078816
MEN1,268.1374968168705,1.0836308031505713,0.3041295562464046,3.563056535921217,3.665616946689784e-4,0.0027106871011703224
ZNF329,215.2563306367371,1.8488324538894567,0.5190143885520273,3.5621988420155812,3.6776166671691885e-4,0.0027176877988102886
FTL,1349.0649820741883,1.0494212799119766,0.29468506636804187,3.5611620664934542,3.6921708895697435e-4,0.002727503865410213
DXO,85.53327751503207,1.4748950710348514,0.4142004543259754,3.5608243680826828,3.6969231038344125e-4,0.002730074666492997
HSD3B7,79.6530438001856,2.018169656193143,0.5670506635125409,3.5590640943646634,3.7217870393393683e-4,0.00274560157663193
ARMC10,204.26010482964537,1.6067613709827326,0.45164620073134515,3.557566449979926,3.7430643182303927e-4,0.002759400902412375
C5orf34,55.13785042712077,1.57845755739115,0.44373530747676093,3.5572052320263383,3.7482131936130455e-4,0.0027612995240280107
SMUG1,175.76159210795126,1.3042858038856984,0.3666840903419493,3.55697407724833,3.751511594863587e-4,0.002762781016670301
TPRA1,142.0355491492346,1.4529591208115336,0.40869737748299817,3.555097734562725,3.7783861396394806e-4,0.0027806641480337194
PAFAH2,136.43074941700652,1.7951053608820151,0.5055696875046788,3.550658604043389,3.842685227662346e-4,0.0028197973949778965
WDR12,218.1141785623324,1.8424870301866951,0.5189211803343257,3.550610574422179,3.8433864773114386e-4,0.0028197973949778965
NUDT15,127.85435736229965,1.4276392657206538,0.40220356683886094,3.5495440205596784,3.8589893949026285e-4,0.002830277252720793
RDH11,552.8466969557237,1.304235125670675,0.36760102378614345,3.5479638011819854,3.882215729565148e-4,0.0028443956830477325
CEBPA,89.93160018274953,2.001042788135302,0.5642920342103617,3.5461120604607648,3.909599150632944e-4,0.0028605522595493687
UBE2C,247.21395763844566,1.4214283952901947,0.40112315996140513,3.543620855567054,3.9467237347227355e-4,0.002884764691660419
FOXM1,961.1549604264728,1.2077763297303565,0.340881415908886,3.543098195922721,3.9545542317406633e-4,0.002889504045391714
ATMIN,411.64930499803256,1.186847732985715,0.33524524361577823,3.5402373503796856,3.9976732808303506e-4,0.002914064830387885
COX5A,345.65566358194064,1.3672026335474268,0.38622463752744735,3.539915636402832,4.002549576661806e-4,0.0029159553638088125
SPAG5,689.7042634775986,1.1434649688952883,0.32307660655952913,3.539299799735258,4.011899464075914e-4,0.002920466841895153
RPUSD2,43.64933038013155,2.187776201411478,0.6182299247830845,3.538774351919463,4.0198931585676723e-4,0.00292430193840211
CAMKK2,263.2103352874416,1.5360348922587743,0.43441785114581394,3.5358466237226485,4.064706108123751e-4,0.0029538974967943006
RAD51,143.07992653151823,1.5361375601592064,0.4346803546165432,3.5339475176289543,4.094023631219774e-4,0.0029731894120465768
MRPL49,531.5034501759578,1.3674874810774515,0.38704883446585964,3.533113548745419,4.1069603689575576e-4,0.0029795594833613654
QPCTL,63.16896426856152,1.597026862959422,0.45232699147906164,3.5306910554625808,4.144755571631483e-4,0.0030019053178269193
TMEM179B,171.0175810100298,1.650367334922756,0.467530926841161,3.529963987780111,4.156162345288544e-4,0.0030090884320638557
MOB4,426.99594611966705,1.1667189882226123,0.3305974917340324,3.52912232365406,4.169403604717125e-4,0.0030167026755640427
AAAS,260.81551711170596,1.2070065168729176,0.34223231833924245,3.5268630465123283,4.2051421631527784e-4,0.003036418264510721
MCM5,219.12179636212028,1.2772477937430722,0.36243574955393437,3.524066804433716,4.2497708865164895e-4,0.003062460820169371
QSOX1,1298.7198576834287,1.3747410151475559,0.3900929890911684,3.5241366894350055,4.2486501363712015e-4,0.003062460820169371
TSPYL4,407.97860266229884,1.1444556238803387,0.3250954586175346,3.520367921308792,4.309485624771236e-4,0.00309717218712628
STYXL1,130.38802840390827,1.5986778352599027,0.45417687082444985,3.5199455057186952,4.3163547160337027e-4,0.0031010703785096507
AP5M1,523.8867026420562,1.2692279114140603,0.36068021167417325,3.5189840482866286,4.3320275408982877e-4,0.003110247943381641
SULT1A3,96.08558140127136,1.9814245884005521,0.5635805216573927,3.515779045332379,4.3846572317716607e-4,0.003144877813964567
CSE1L,1488.548173593187,1.4990776631302971,0.4264302702752568,3.5154110006371178,4.390738991036862e-4,0.003148187729624158
PRCP,316.7175052684193,1.4743994440842692,0.41971538514444784,3.512855368827723,4.433187235836181e-4,0.003173322150802016
DDX28,32.68589518732117,1.9183036090101153,0.5462452254600132,3.511799315764529,4.4508395395988475e-4,0.0031806847145702086
NXT2,71.81788607820788,2.15631011462469,0.6144397266039645,3.5093924127313696,4.4913172298530977e-4,0.003204244273691738
ABHD12,379.5639189167875,1.286327024137556,0.36673419920814637,3.5075185977064516,4.5230673697249283e-4,0.003223680695924841
KIAA0040,466.6015704836195,1.1035022018935048,0.3146215052355547,3.507395977485141,4.52515234580429e-4,0.0032240959276547162
CFL2,94.18794607145692,1.397944146783983,0.39880236460950663,3.5053557121026633,4.55997593768521e-4,0.0032456744153474162
FIBP,221.38461588881376,1.401132155762378,0.3997948509721536,3.5046278168799354,4.572460182917191e-4,0.003253460798537974
TMEM50A,336.97742802362177,1.7049199865410485,0.48680131257409387,3.5022912685379217,4.612750532391368e-4,0.0032778021995072434
ISCA2,80.71219391255246,1.4692409277934624,0.41975138684043195,3.5002646181893207,4.6479651645805234e-4,0.0032995478806449896
TXNDC11,361.9723864634133,1.4770392137585606,0.42211463768618673,3.4991423700796607,4.6675728430941113e-4,0.0033112764698446156
SLC52A2,76.2483917422591,2.044463602441634,0.58430069640749,3.4989922398035778,4.670201731698606e-4,0.0033120465684815625
TADA3,435.2203870371089,1.3911183109439818,0.3976054746624128,3.498740333304293,4.6746158985541605e-4,0.0033140818362395862
SLC66A1,49.66471960269173,1.6844148840120678,0.48161496258879577,3.4974305510732773,4.6976300620284417e-4,0.003329297923749351
SMPDL3B,48.29883657860163,2.7081648605388726,0.7747337148702654,3.4956073403780725,4.7298416824570163e-4,0.003351020221377602
NUDCD1,251.2756886035345,1.2010127885391804,0.34362245659285906,3.4951522099214833,4.737914786487388e-4,0.0033556320567003084
MRPS33,332.78357073507095,1.002945713897252,0.2869840154804953,3.4947790113607096,4.744544171941189e-4,0.0033581107496654986
GRN,402.51435728242024,1.2827191367520707,0.367147134464507,3.4937468288372937,4.762924635818462e-4,0.003366678612801851
EIF2B2,99.76995398206456,1.519100908908604,0.4348236114691629,3.4936026214766325,4.7654978723974274e-4,0.003367388355009838
ARPC4,668.5391342748005,1.9742717301492383,0.5654307331600836,3.491624374776046,4.800928876869143e-4,0.003387962305084242
LLGL1,159.7396466422479,1.6230341372039165,0.46514959809580797,3.4892734377244725,4.843354343293314e-4,0.0034134116324162403
TFG,1247.7703835439893,1.0885742829833283,0.3120998486655259,3.4879039116418853,4.868229987403807e-4,0.0034264419655521713
SLC41A1,195.52078382072773,1.195196801679625,0.3427065102926404,3.4875228972424104,4.875171769865669e-4,0.0034302028256169596
BLOC1S3,66.07447361641736,1.5428581771900645,0.44245852877382763,3.487011949946455,4.884495318078516e-4,0.0034345107970499655
FCSK,44.77345706235627,1.9515231759140839,0.5599767821368347,3.4850073041728615,4.921236075685287e-4,0.0034558156473889485
TMEM245,625.3772932922562,1.240942985407731,0.3562205585797141,3.4836366276991173,4.946505736647587e-4,0.003470154073503015
PEX7,158.92770442180188,1.300158431631656,0.3732904410076334,3.4829673862585433,4.958887719310938e-4,0.0034777036096866904
HPRT1,264.65714839528175,1.1113777766444823,0.319237112282733,3.4813551867371495,4.988834625517724e-4,0.0034952788463470568
GGPS1,732.9761316853799,1.5003348232224263,0.4311083013373532,3.4801807772390267,5.010755563501631e-4,0.0035072020349884215
COQ2,62.68593904950126,1.7910552526981938,0.5147233754911079,3.479646229373811,5.02076287679676e-4,0.003513060689144391
PSME4,898.334740931696,1.3421627401795604,0.3857796218546893,3.4790918548961347,5.031161046782574e-4,0.0035180422308228754
KAT14,191.76625039240483,1.7514151401720812,0.5036582019574791,3.4773883029506245,5.063239635488252e-4,0.0035393199536670325
DNAAF5,192.5308245226829,1.576143099045248,0.45338637659403846,3.4763794864893445,5.082325853491457e-4,0.0035491933880874285
AEN,195.61060493955839,2.310856283300131,0.6647836287757225,3.4761028750901186,5.08757088386357e-4,0.0035517004283575865
TUBA4A,67.79234104082015,2.704853048435103,0.7783732848405638,3.4750075588593012,5.108389563786474e-4,0.0035615997413534026
POLR2E,257.3142934961265,1.3739546943691416,0.3954624282424273,3.474298937766287,5.121900606544833e-4,0.003569348719502254
SHISA5,230.50431133811514,1.78406450338012,0.5135106518430039,3.474250236050729,5.122830408232499e-4,0.003569348719502254
TFAP2C,746.7060747287329,1.400254484723011,0.4033403833467173,3.471644651855581,5.172805618276044e-4,0.003600462185912322
TMEM161A,47.41425953645163,1.7864273930525367,0.5148761809082228,3.4696252405798687,5.211850174154208e-4,0.003624313180082609
TMEM65,204.82416759814072,1.5735546101261375,0.4535582264194315,3.469355241439234,5.217091273545387e-4,0.0036256081195040154
ESPL1,227.21783508368327,1.2153770583537153,0.3506496110824998,3.4660727402539884,5.28120378274072e-4,0.0036606232185413716
RPS16,1370.9330179041017,1.2002882317238261,0.34630458229753064,3.4659900361716494,5.282828568416881e-4,0.0036606232185413716
ITPK1,367.6699056675346,1.4979546089123172,0.43234591906480746,3.464713191123652,5.307972362075979e-4,0.0036768588408699326
CHMP1A,306.09611792861546,1.637313064589778,0.4727411758596093,3.463445005848218,5.333055973906723e-4,0.003689470702773639
C2orf69,169.15329636585795,1.1907464478042875,0.34387614124531585,3.4627189996145376,5.347465421928802e-4,0.0036982471142311345
TRAPPC1,144.82787013659313,1.075041686012381,0.3105133241382846,3.4621434973708887,5.358913500934352e-4,0.003704970480993917
SLC31A1,555.9530540785595,1.369028198892774,0.395518133796533,3.4613538088674467,5.374659412136008e-4,0.003713463972454563
ADNP,2194.807440002295,1.280065908815666,0.37000518506307856,3.459589109805151,5.410002373361947e-4,0.0037354778292261063
TIRAP,59.78118394430029,1.536378082870491,0.44414240599328403,3.4592015131599996,5.417794011094157e-4,0.0037384520732501804
C1orf74,67.85614849353334,2.2815898497687352,0.6597600247795985,3.4582117195277635,5.437738740694338e-4,0.0037498031290263655
SLC33A1,248.12588713642495,1.608589482511331,0.46518250517685433,3.4579750197178485,5.442518458952091e-4,0.0037518935473534166
NDUFA9,792.0889515409056,1.7688744646871724,0.5115581485965156,3.457817003873684,5.445711477252318e-4,0.003752889155486022
ADIPOR2,1468.5218487551726,1.4117892490202333,0.4083409684394064,3.4573784120065048,5.454583228096867e-4,0.0037565903746777526
MGST1,839.6303650433298,1.4328957658844925,0.414806835269273,3.4543687423914418,5.515826400300132e-4,0.0037878283056141065
SEPHS2,793.0362980015047,1.2191979636795618,0.3530043884505111,3.4537756570991904,5.527970273029444e-4,0.003790103580166513
UROD,189.1192689050453,1.1301747765335606,0.3272100258439562,3.453973556031965,5.523915375897327e-4,0.003790103580166513
PFN1,1415.3448426141294,1.1052355284990123,0.3202010734205206,3.451692140480443,5.570829564344768e-4,0.0038182690019431084
LTA4H,468.53129533495337,1.4243012032982898,0.41269638816295234,3.4512083074880398,5.580826507008499e-4,0.0038226791203447934
KLHL23,137.6942759150947,1.8866143206449741,0.546825180630085,3.450123343755134,5.603304770939706e-4,0.0038368513204966844
FBXO6,42.23238525882067,1.8414613282705359,0.5338522446207449,3.449383882573599,5.618673206711526e-4,0.0038449211420927723
IL17D,7.770393948895176,4.241157699256308,1.2295402020438961,3.449385137798767,5.618647085772795e-4,0.0038449211420927723
GPAA1,184.46559680230297,1.472450969167382,0.4270642239686153,3.447844344075966,5.650795912914708e-4,0.0038619770793359752
NSUN5,125.29134643519308,1.8175192506662055,0.5276443438226661,3.444591554793674,5.719229079983281e-4,0.003898813724791652
LSM11,70.40735746215772,1.817508776874492,0.5277708850490772,3.443745815393895,5.737147986267835e-4,0.003907184547636962
TSPAN31,235.25835783570238,1.3701734795558274,0.397891856522031,3.443582614463389,5.740611779449832e-4,0.003907184547636962
CIB1,324.1305944079641,1.7491702773542455,0.508398952178568,3.4405465822830292,5.805404955823652e-4,0.0039412840984490854
NQO1,2126.672469645965,1.7625858200135263,0.5124619841145261,3.439446972947792,5.829039647455762e-4,0.0039535774600000205
GGT6,98.9732096501943,1.7697895983230412,0.5148206143252382,3.4376820761978575,5.867161192892451e-4,0.003976428320066573
THEM6,134.58309378599463,2.1484255205694587,0.6249728762826724,3.4376300189989935,5.86828913776833e-4,0.003976428320066573
RWDD2A,91.33559494645003,1.240585592739706,0.3609268176406339,3.4372219854688857,5.877137163983645e-4,0.003980132808643743
TM4SF1,263.8311627405619,1.8731186524344683,0.545059768368202,3.4365380846988653,5.891995106878223e-4,0.003987455534330075
CYB561D1,86.62615026596475,1.6906592183785183,0.49242839771305286,3.4333097486463338,5.962604939181037e-4,0.004032697825238735
WTIP,95.52358914581545,1.7141189378709232,0.4996421209855585,3.430693422103353,6.020405929186538e-4,0.004066663872846809
GNPDA2,162.7893856784046,1.887416201205653,0.5503345034747251,3.4295799905126887,6.045162165585216e-4,0.004080817240435946
ZNF22,147.32515620532922,1.4672738375820304,0.42787352310188115,3.4292232595861214,6.053113802708846e-4,0.0040849000693752155
LFNG,247.20424455902275,2.904602973146372,0.8472156780055561,3.428410319299265,6.071270861654371e-4,0.004093502523169376
SMIM11,72.04451735486334,2.0753358840393994,0.605367321676304,3.4282258221217665,6.075398665561258e-4,0.004093502523169376
GHITM,1226.7080966919443,1.4906236452427153,0.43482394374378425,3.4281084716922825,6.07802553638012e-4,0.0040939870687607465
GPAT4,474.3932177711852,1.4125082728543528,0.4121092748487579,3.4275090590298807,6.091459790396376e-4,0.00410174857552263
RTN4,1167.3942729211656,1.1694393757779578,0.34138254412764624,3.4255980450502856,6.134474838563345e-4,0.004125535256520508
MTPAP,178.83910732313345,1.3875926490938224,0.40522167835297035,3.424280395692831,6.164298283387285e-4,0.004142995338599785
NUDT22,52.97609689536475,1.5915044290005858,0.4647895290920475,3.424140023355393,6.16748338571027e-4,0.004143838242246161
PLEKHB2,793.3482593525493,1.230213948800811,0.35955013729906043,3.4215365846949037,6.226834693189777e-4,0.004175871016120394
GCLC,290.5385650183916,1.4370289801581986,0.4201704074799723,3.420109923440278,6.259583646008945e-4,0.004193901499948547
ATG4D,68.31939992622262,1.8707241398919918,0.5470393438751631,3.419725035936172,6.268446130278331e-4,0.004198528525461079
DESI2,469.6745265777056,1.3031039275266247,0.3811218931524277,3.4191264027056434,6.282253560686781e-4,0.0042038403932752825
ILK,246.2417206989821,1.1263824702305045,0.32945816757449053,3.4188937506787695,6.287627293027254e-4,0.004206124741532571
RPUSD3,118.71084466753001,1.3928774386428087,0.4075059223405192,3.4180544681235223,6.307048368901426e-4,0.004216487788056841
ERBB2,2605.388192129781,1.598850567928131,0.4680445062362459,3.4160225077422655,6.354299466067598e-4,0.004246753863027426
CD276,511.340362560895,1.511280629325958,0.44289366757786486,3.4122877339632782,6.442007619705849e-4,0.004297341732013911
DGAT2,96.32479191891048,2.5627164498746637,0.7517426359055374,3.4090343256740465,6.519327610064979e-4,0.00434217164841696
ACOT1,17.365415901139095,4.059252615336198,1.1908166209203583,3.4087974118121416,6.524991645929e-4,0.004344595740665105
FA2H,71.18535968652726,2.460309207250986,0.7217860702114904,3.4086404667384214,6.528746341627742e-4,0.004345690860412898
RPL6,4496.014348061006,1.8658588784885457,0.5474039488411359,3.4085594056064137,6.53068640486095e-4,0.004345690860412898
ARL8A,252.19646075180498,1.0492228911312063,0.3078821004524187,3.4078723303154717,6.547151951706307e-4,0.004352598540384676
SCD,7245.297756859462,2.047654962531855,0.6010669845168422,3.4067001104341625,6.575332986272914e-4,0.004365923449425022
GSTZ1,118.41264513438647,1.6387625755065136,0.4810691713156647,3.4065009217379294,6.58013282739358e-4,0.004367759062043496
HPS6,65.32495540191879,1.6070771543984423,0.47190756413126217,3.4054914066845305,6.604509206757298e-4,0.004381474460844385
ABRAXAS2,118.24167540032255,1.0699211024155069,0.31444344563620835,3.4025867521288373,6.675115987453468e-4,0.004419643805874954
F8A1,295.6849354424736,1.5746050240416587,0.4627766097632917,3.402516442754232,6.676833745874464e-4,0.004419643805874954
ARL5B,231.95846842000537,1.3979851661639597,0.41099270474822375,3.4014841383142618,6.702101780009409e-4,0.004435001671261238
PRIM2,177.80382103849936,1.6541431175725516,0.48640704968728954,3.40073837053965,6.720411450463743e-4,0.004445746908968925
PITHD1,220.62552673433493,1.3285893129721507,0.39106038715169383,3.3974019272291716,6.802896770486587e-4,0.004497540501991441
ZNF32,178.8789691618825,1.5154729482496563,0.4462006556412946,3.3963933694171016,6.828015507218167e-4,0.004511367388697717
UBE2V2,491.54319025210026,1.2343856051389923,0.36349638778615534,3.3958675976312054,6.841144329434825e-4,0.004515870726227971
NEIL2,41.960105978998094,1.718037197491895,0.5064199405251406,3.392514907115126,6.925416356209034e-4,0.004561733051589891
TUT1,100.98580484121668,1.530727319649811,0.45119481633281133,3.3926083905199667,6.923053572631811e-4,0.004561733051589891
TMEM167B,243.3466265248005,1.5369078080294039,0.45310935628023347,3.3919136445261926,6.940631128409722e-4,0.004568893988210817
ETF1,1367.360320426071,1.0089800191365448,0.29752159590116084,3.3912832985466252,6.956615199360033e-4,0.004578011719664714
POLR1H,89.07775819596206,1.805247948760221,0.5330079205327618,3.3869064214952127,7.068549362833383e-4,0.0046473979573040565
ZBTB26,168.34961752994366,1.3343427339366232,0.3940580660376637,3.386157647662738,7.087865316183075e-4,0.004654393809219364
MRTO4,227.33860587685743,1.5163051697637877,0.44793957930191997,3.3850662898037163,7.116106688332585e-4,0.00466865330270918
TMEM254,406.909470227033,1.0567577116518705,0.3123312345380348,3.3834519087241066,7.158074250048639e-4,0.004691883732621986
WDR53,108.27191423586733,1.3361264203073548,0.39507699266162977,3.38193933113109,7.197603875295818e-4,0.004716353562254909
PLEKHO2,20.42938341725487,2.383880184955804,0.7052594330977962,3.3801464724616292,7.244720986608039e-4,0.004742883232843457
PRADC1,95.88441208256508,1.6942291845275743,0.5013091738399051,3.3796093766850404,7.258891778066374e-4,0.00475071111794158
HARS2,396.27376839936795,1.2408554179922384,0.367306590251931,3.3782552530330348,7.294733495801561e-4,0.00476835153274144
MTMR6,247.89080359548936,1.5515290905181742,0.45931227836096816,3.377939505677324,7.303114478862278e-4,0.004770923492127381
TYSND1,134.47124599693873,1.331795794217831,0.39437750816332157,3.3769567651568533,7.329256952230107e-4,0.0047857755045622565
HMGXB3,490.54750915602904,1.5651544415727983,0.46353072365866543,3.376592665139811,7.338964645204918e-4,0.004788512656919961
PKN1,314.6498000519317,1.2586596340289795,0.37286601622381393,3.375635159181322,7.364550854517919e-4,0.004803746545226582
WASHC1,26.534818945320346,2.751970913096322,0.8155870252626928,3.3742210553312058,7.402489718799143e-4,0.004825559822765176
EEF1G,6678.691831647579,1.5026629838394383,0.445358115990006,3.3740554620838177,7.406944258449166e-4,0.004826997381910693
GDI1,1027.161674342403,1.3518989033728124,0.4009997481747339,3.37132107819611,7.480861440771183e-4,0.004867777032108841
C6orf120,137.65300228927183,1.3591835879349161,0.4032511992513867,3.370563039758256,7.501474048204281e-4,0.004875720279998327
SIPA1,63.59539905994933,1.349695161159913,0.4008629562508958,3.3669740246967432,7.599784630103468e-4,0.004934686177368243
MRPS7,505.28718801884736,1.2104167420192296,0.359516754264004,3.366788133413065,7.604909020963883e-4,0.004936519890801117
CTC1,112.23076027262151,1.1619282217690163,0.34522732684044866,3.3656901740748255,7.635241523483704e-4,0.004953212910941968
TMEM80,46.01064519721884,1.5570959568035645,0.4626508737890969,3.3655960574568784,7.637846833255913e-4,0.004953405652513505
SSR4,708.8649290324221,2.0729220655562592,0.6160888667246218,3.364647825202155,7.664141621496964e-4,0.004961462419225486
ABL1,792.3499962069676,1.1281206910421795,0.3354282977370784,3.3632245658845514,7.703766852492845e-4,0.00498192467244769
PSAT1,206.06978805109122,2.4615635138653884,0.7319156829589311,3.363179080838893,7.705036341031633e-4,0.00498192467244769
MDH1,814.191731607798,1.6091550594646906,0.4787377449485057,3.361245434361512,7.759184424452217e-4,0.0050124051098357795
C6orf136,108.01033255308595,1.2406463282202906,0.36922963298923356,3.3600941456843114,7.79159162939711e-4,0.005030311563383332
ISCA1,261.6978053586223,1.198490097736419,0.356801957015521,3.358978487005004,7.823115731414177e-4,0.005047626686594957
FADS2,1499.0041678261,1.9962316742190005,0.5951109047633764,3.3543859778753804,7.954132689184766e-4,0.005125996621919072
NDUFB3,264.04072240631444,1.0393388841341797,0.3101114645274783,3.3515010021246288,8.037474807411297e-4,0.005171940310855965
ST14,387.78748466322384,1.1091144812283502,0.33119601044227753,3.3488159466270266,8.115768933799408e-4,0.005219190929557546
GBA1,340.0360556368535,1.6354051885655516,0.48847711513088055,3.3479668502532975,8.140674822333148e-4,0.005232071928339903
C4orf46,111.82513140184844,1.130935151455112,0.3378594681224258,3.347353731834177,8.158703023890877e-4,0.005240519811215152
RPS10-NUDT3,105.65986409906236,3.2714076355570163,0.9774190340529535,3.346985808115316,8.169539270630912e-4,0.005245910016389568
MCM3,1973.5680481642082,1.1660662037097413,0.34871216289228335,3.343921800829005,8.260301757239825e-4,0.0052978504396403656
EFHD1,1564.180994127718,1.165128522554438,0.34846266320025815,3.3436251443812504,8.26913885033625e-4,0.005300350051619353
VPS52,904.7746151720393,1.4250456176745918,0.42619505640054656,3.3436465211724693,8.268501764409433e-4,0.005300350051619353
BRD3OS,231.86402877520868,1.322346137856074,0.3955410520367207,3.3431324790361123,8.283834228510468e-4,0.005308184011461172
HSPA5,2762.749169068487,1.368250608207969,0.4092901066260013,3.342984807248813,8.288243746400946e-4,0.005309424202918337
RDH14,189.5456838901564,1.1203095776054024,0.3353024397446455,3.3411912494838707,8.341973956400117e-4,0.005339062365175858
OVOL1,73.49340689348864,1.391452643390452,0.4166715214117197,3.3394474349388896,8.394523616718025e-4,0.005367892634528272
LAMTOR4,95.20172816276107,1.5024443743099247,0.4502189736873199,3.33714139589635,8.464487406374669e-4,0.0054029714378584295
TOMM34,142.19287219760741,1.414270912777579,0.42392381024545195,3.3361440867374634,8.494912343725978e-4,0.005418215815544021
NADK2,282.6821450318677,1.0509360478860168,0.3151734720663692,3.3344686054818435,8.546254718651406e-4,0.0054470634470525445
SH3GLB2,663.2690910561369,1.5479367501955776,0.4643622292267676,3.3334682555321593,8.577045846196318e-4,0.0054634432727626294
FLOT1,1258.6949099370456,1.3284561090885998,0.3986536861358848,3.332356266325312,8.611393989341978e-4,0.005478817521828605
ATG101,231.60695792122215,1.02068637879419,0.3064499195599852,3.3306792191681374,8.663437471790429e-4,0.005507031046937874
GALNT12,26.687049508736365,2.538388394254922,0.7627258589158448,3.3280481638095276,8.745674500844491e-4,0.005554370369580432
SLPI,57.542367302803996,2.7087647684791527,0.8141128472405358,3.3272595779081566,8.770463381760576e-4,0.005566584546123819
PPRC1,315.8973917101356,1.2660581185055522,0.3807884531521916,3.324833271663152,8.847142476680357e-4,0.005606515666849703
RAB29,144.9441791994911,1.326721245763829,0.3991146395921605,3.3241608153475735,8.868503988394686e-4,0.005615759681054882
ANKRD54,81.06594964008872,1.2528485465136454,0.37697277665525475,3.323445681223256,8.891273673471442e-4,0.005623689683570022
PHF5A,108.82778126071065,1.4568329127159179,0.43893484799300747,3.319018572749836,9.033442098447881e-4,0.005694996105543229
SLC19A2,176.1993297527992,1.394906443653449,0.42029989184004457,3.318836075704523,9.0393476239907e-4,0.00569543180432342
SOWAHA,110.34519736066184,2.103353200237908,0.6337628564850974,3.3188331861278257,9.03944115821322e-4,0.00569543180432342
PRKCSH,1106.7145418813398,1.0620451264228334,0.32007963274023016,3.31806531184309,9.064328698926427e-4,0.005707707377314366
TMEM14B,369.66644638914414,1.4484643571496463,0.4367822199204498,3.3162163913481915,9.124514753991335e-4,0.005738923992399005
CUEDC1,384.6681964704992,1.3400517566224155,0.4041173710800319,3.3159964221311093,9.131699789950706e-4,0.005740078426840719
ACOT7,120.21781371213574,1.9434529703186991,0.5861666156751544,3.31552995061004,9.146953885799755e-4,0.005744618975395456
PREPL,760.25566729017,1.0839448152099185,0.3269197347565884,3.3156298013547,9.143686679408714e-4,0.005744618975395456
THNSL1,85.1388072410874,1.5795335104782033,0.4764179853603865,3.3154363584392494,9.150017288233215e-4,0.0057448616443968635
DPM2,296.83280321457255,1.6542479665754775,0.49913429470754844,3.3142342333834836,9.189449142424626e-4,0.005767931517883372
PTPN9,290.42745565442755,1.2690683674889518,0.38293983588638997,3.3140150189688207,9.196656721016572e-4,0.005770625976382071
FAM20B,1127.1613521293043,1.1014485417421436,0.33292709994600156,3.3083775454770454,9.38382120182111e-4,0.005869332643284203
CAND1,1876.6452717410016,1.1285055771227572,0.34115383419558487,3.3079082337845875,9.39956043115726e-4,0.005874503779687999
IDI1,774.3768613517313,1.5517059134153857,0.4690928992521187,3.307886169006804,9.40030101558648e-4,0.005874503779687999
ZNF304,175.11849290194945,1.113817565468781,0.336764651801146,3.307406402399002,9.416417322512187e-4,0.005881150050672629
ZNF687,383.58145724288755,1.2011730474932718,0.3635902356365096,3.303644954574949,9.543661615868239e-4,0.005953371535279365
SLC16A1,25.42905448592895,2.8256354104790264,0.8554515985600917,3.3030920922179305,9.562497826865544e-4,0.005958513454254778
SH3GLB1,378.1329890418262,1.0974764120881202,0.3322826398825337,3.302840053504127,9.571096294705638e-4,0.005962140101143193
PAFAH1B1,890.9718307967755,1.070484870600275,0.324247854498669,3.301440104377527,9.618986987252708e-4,0.00598627342457072
BZW2,414.15711527087717,1.025889624752312,0.3107660281607844,3.3011640005307665,9.628458353826404e-4,0.005987444690614739
RTL6,232.1409483778854,1.2172453388816333,0.3687311585115657,3.3011729841199546,9.628150048133145e-4,0.005987444690614739
TSFM,237.03372408846388,1.192361271734735,0.3613092706145365,3.3001125869444072,9.664604792681067e-4,0.006004702340791421
TRNAU1AP,79.65092041096214,1.3753848535625859,0.4170686969100617,3.2977417479480104,9.746573290892877e-4,0.006041636707757398
SFXN2,306.4830728569115,2.5886808444431906,0.7855425894400018,3.2954048313136166,9.827998581531047e-4,0.006079816937436041
TXNL4A,338.8318262483826,1.4963687144184983,0.4543956455316331,3.293096509909947,9.909045486561983e-4,0.006119370248679716
TLCD4,105.90209134840902,1.4037212773633694,0.4268660358610439,3.28843515163225,0.0010074599072272927,0.006205536627180741
FDX1,79.36646417711647,1.1500234854165912,0.3501354804543447,3.284509995743052,0.001021598742651166,0.006280008312029224
DDX39A,232.83430641556603,1.2690933655667012,0.3864505370004996,3.2839736112594937,0.0010235450577203804,0.006285255588638896
PIM1,30.69469742828423,2.084006644909511,0.6346032772290675,3.283951910883789,0.0010236238714954773,0.006285255588638896
DAG1,1223.1681216181457,1.0330058461052174,0.31458334508232333,3.283727070277322,0.0010244408026151453,0.006286674184764375
FHL3,26.872500288967466,2.784378325251827,0.8481134074349518,3.2830259501178585,0.0010269921139543843,0.00629692879013174
ORAI3,84.99595610431493,1.4970863439094582,0.45622871966966144,3.2814381895849163,0.0010327915798496303,0.006327837997656027
ANXA9,161.66420738005286,1.7841761118773751,0.5446900401728506,3.275580569292563,0.0010544503273744476,0.00644229823269033
ATOSB,73.82272095749238,1.7061713949236106,0.520998272292817,3.2748120016119553,0.001057323112999749,0.006455599952780286
COASY,456.3534136110126,1.0756569328602983,0.32846531841233423,3.2747960669320584,0.0010573827508864261,0.006455599952780286
FAH,331.6729885409184,1.866587864276715,0.5708686761701265,3.2697325010007154,0.0010764923062315174,0.006561069267744494
TRPT1,104.53182890197972,1.2182529893770864,0.37266867216920885,3.2689975851362765,0.0010792922266518949,0.006574399995444128
CCNF,283.67507568278853,1.056759336724383,0.3233713051701627,3.2679440625330094,0.0010833177423259465,0.006591992820780561
LEMD2,352.2316152895322,1.2046317636143182,0.36866386428238107,3.267561267386979,0.001084783841053569,0.00659848674291655
LEPROTL1,177.34719700780906,1.5735344111946536,0.4816252022342406,3.267134701205603,0.001086419743854166,0.0066065649484586
LPXN,14.790349948274631,2.3146254372714608,0.7086872759802497,3.266074495368768,0.0010904955748589364,0.00662571773399569
PTOV1,578.5551316357786,1.40609541217512,0.43066637858124995,3.264929611657262,0.0010949128176265368,0.0066487914731934005
PAQR3,171.54853238199325,1.942798179301076,0.5953941874591849,3.2630452567766417,0.0011022191680655903,0.006689373118407118
FAM241B,56.89068782290532,1.4067349182570894,0.43127009697839136,3.2618420060029654,0.0011069081812706443,0.006708344978838753
CCNG2,540.9802420336971,1.2149097580955515,0.3726649078159851,3.260059459892722,0.0011138885943937514,0.006748743431871797
CSNK2B,888.0907908377375,1.3538179772604078,0.4155083271678067,3.2582210481515967,0.0011211303936989286,0.00679070229996585
PPIL1,360.64580268196806,1.363628315080815,0.4186686662385136,3.257058445123673,0.0011257325161015944,0.006814730548812473
RHEB,343.12379292018954,1.9018536093473513,0.5843722351247042,3.2545242484723773,0.0011358246321753927,0.00686597089129101
SORD,491.9468145607665,1.6971754187138648,0.5221956254020674,3.2500759028900617,0.001153742101547474,0.0069548610952833686
FOXRED2,211.84167710249147,2.0274908429026612,0.6238932412256774,3.2497400339191502,0.0011551054979033607,0.006961124399046931
EIF3L,903.5114814142992,1.5256943011657587,0.46968675845841956,3.248323001851936,0.00116087408058491,0.006992168801074272
CDH1,3921.7086198831357,1.1353498354169238,0.3495680377951728,3.2478651154090206,0.0011627437702003975,0.007001257381734156
XPOT,1235.9358501622478,1.1256978586314248,0.34677920423879827,3.246151571004383,0.0011697654149121336,0.007035640640138561
SLC25A38,173.71738564811162,1.9128587707744311,0.5894631391842571,3.245086322821792,0.0011741502455856687,0.007060034819352326
NOA1,159.5254014291578,1.103567935389202,0.3400901647845446,3.244927521171743,0.001174805212625789,0.007061994359369589
CAPZA1,897.457808437377,1.2412233373231065,0.38303649031108017,3.2404832665291403,0.001193272756235272,0.0071589693454875425
PBK,200.08980967881863,1.6724369839408457,0.5166460188150156,3.237104173911499,0.0012074932376315423,0.007226102866584746
DR1,390.1097706244446,1.4985299562786194,0.4629525108269629,3.2368977837528625,0.0012083668568694174,0.0072293149563472815
HDAC1,966.7823031010956,1.2773221277595963,0.3946950066450257,3.236225709103975,0.0012112156979564963,0.007244339152214718
FAXC,285.0098211987372,1.414995016801293,0.4372654635456933,3.236009094629604,0.0012121352210722484,0.007247818847648496
ABCB10,208.87888958428044,1.3514930835755101,0.41789277449134027,3.2340666459728804,0.0012204097316485245,0.007291200679615071
CPSF4,155.96380096042765,1.2054683458990576,0.3727387417870343,3.2340838521899786,0.0012203362075410124,0.007291200679615071
ZNF316,232.62749739684165,1.4109155841573657,0.4364818409592859,3.232472583639449,0.001227239115182389,0.007324582021476243
MLH1,198.1073193274313,1.0060107077277358,0.311255384402606,3.2321070032525774,0.0012288103255188273,0.007329146633027803
SCD5,147.59932892657667,1.2813538792989436,0.39679463174664836,3.22926213406305,0.001241100778801722,0.007396285118879465
NAT14,59.33384681475689,1.8415896347990726,0.5703361064457177,3.228955021409551,0.0012424343390054628,0.007402176822614445
UQCC1,302.6077682498653,1.1354198206755224,0.3518826747586733,3.226699983038981,0.0012522668831853375,0.007450746742808592
ZC3HC1,91.23262285635832,1.4193534736122384,0.43987946937967476,3.2266872459717977,0.0012523226235466257,0.007450746742808592
EXOSC1,104.00431133384134,1.4956568389216873,0.4637635268285198,3.2250419716053225,0.0012595420167720501,0.007489546045976225
MMD,61.94251999996571,2.2338747182594867,0.6933578030544584,3.22182098249788,0.001273786949289656,0.007567959006576971
SDR39U1,94.86021189580839,1.8208865133568128,0.5654827882620872,3.220056474137772,0.0012816534560710071,0.00760627299980194
GEMIN5,303.2266918383741,1.2414063247007063,0.38574133459493415,3.2182351575163795,0.0012898202383595275,0.007650509208180061
SPIN4,127.58264121823379,1.3876044857274223,0.4312395795068613,3.2177113411394203,0.0012921779088114033,0.007656029244365741
ABCA11P,21.49465608128132,1.9966404456759632,0.6207554230742299,3.2164687918275425,0.001297786476907966,0.0076828959432951585
ZNF74,56.249698092989014,1.5015991889812275,0.4668608209556227,3.2163743916390053,0.0012982134935865105,0.007683304349797715
PIMREG,64.78993919371459,1.6001784240124306,0.4976080373154459,3.215740711595537,0.00130108328652348,0.0076961064959837735
TLCD1,54.107900802410185,1.6691225376943264,0.5190479888441061,3.215738377893302,0.0013010938661430162,0.0076961064959837735
TRAPPC13,181.62647286228093,1.3205462240952004,0.4107165448598942,3.215225294967536,0.0013034218078983376,0.007707751997106179
MB21D2,119.48246622821789,1.3240977896924158,0.4119055273204773,3.214566695198096,0.001306415617546906,0.007719074656540915
CRLF1,58.83200355670691,3.0469408427056472,0.9479271748387624,3.2143195422411184,0.0013075407421562144,0.007720954429870595
POLH,313.2772917854314,1.6689223755871199,0.5200147145612314,3.2093752904574884,0.0013302373878837184,0.00784255339120456
NPLOC4,1160.735804217962,1.2532313208232493,0.3905303138128205,3.209050044253204,0.0013317431033277845,0.00784927409981166
HR,71.54030465535519,2.1083830701512785,0.6578794142016523,3.204816908140889,0.0013514842044588728,0.00794828105819699
ITPKC,154.54381454926883,1.8608006903766876,0.5808021402484371,3.2038461318009834,0.0013560492791159057,0.007970642982697161
MAPK3,544.9010882573626,1.4267929889679798,0.44538978470070417,3.2034703937513185,0.0013578200018608086,0.00797668142346919
ZC3H11A,1371.7443703806953,1.1165371495277439,0.34860812543433656,3.202843158450859,0.0013607806964019407,0.007989700066972817
C22orf39,88.26638201324626,1.3008530792054993,0.40619396343944414,3.202541633535211,0.0013622060815299375,0.007993694971187437
PHF1,288.47709693015236,1.6489604854091597,0.5152055669121401,3.2005874767466613,0.0013714773145996903,0.008041503598718403
LRRC8E,79.19039032460418,1.6691305806844694,0.5216640203288451,3.199627568012622,0.001376052755821343,0.008066127325847043
KPNA4,759.148381684613,1.0742662016873519,0.33598666507613384,3.197347732368859,0.0013869761599531903,0.008121284691021954
MRPL54,125.41695132856427,1.5567690999501533,0.48735239746367315,3.1943396771043764,0.001401511060414948,0.008192979394308032
PACC1,94.13817644134636,1.4167012215487391,0.44449287587541775,3.187230433690486,0.0014364228454516203,0.008365165336062895
PILRB,382.8660679108759,1.6545354216086154,0.5192097317504812,3.186641775820455,0.0014393492456332654,0.008377660648573333
PDRG1,219.31684426250803,1.330207762494242,0.4174863932677957,3.1862302195822307,0.0014413984819706756,0.008385039691810979
CYP1B1,363.07735517899664,1.3225646530287802,0.4155433672677311,3.182735563137175,0.00145890788420122,0.008459379409607722
TMEM54,221.21268460433674,1.5132316839144166,0.47575847928447285,3.1806720212118424,0.0014693387567388688,0.008512961587369364
SHMT1,382.9118985574918,1.469470909850769,0.46209097845976455,3.1800467404682724,0.0014725129916765044,0.008529049609008849
SMIM15,448.8520936457754,1.1604712547250702,0.36528922772876277,3.176855944919218,0.0014888096747220235,0.008602545939562365
FBN1,14.339226709968484,2.6146417976552296,0.8232363592937674,3.1760523792927,0.001492939921788585,0.008624089023306334
RAN,1389.744561093498,1.4901503227369368,0.4695041414494198,3.17388110387408,0.0015041529187711426,0.008681850897479484
ATP5MC1,209.7211386961674,1.5552047313894322,0.49019072650064716,3.1726522908576054,0.0015105331376694302,0.008712670782304886
KGD4,84.96484421270303,1.5209938310830948,0.4794645378784101,3.1722759681317902,0.0015124920540689367,0.008718259328584308
GSKIP,209.81015794404712,2.0574199296435807,0.6487197498098691,3.171508082259839,0.001516496480984725,0.008736648183069046
PDXK,791.9468260739683,1.110289783101196,0.3501119024398558,3.171242609473775,0.001517883157955598,0.008737599938231528
DERL1,601.0358101889116,1.5113547919035804,0.4769646470612441,3.168693531513493,0.0015312576498358586,0.008805141791392692
CYREN,424.4594088664348,1.2253612889328624,0.3869933210268275,3.166362886267789,0.0015435809729187747,0.008866500984699386
LAMTOR1,482.4305694003045,1.0524795251196137,0.3324360182673976,3.16596116932505,0.0015457142630126055,0.008876378936111992
KLF11,151.38805208222388,1.3497655656530037,0.42660665100105044,3.16395809227475,0.0015563920459824398,0.008932916102375812
COPS3,404.90785549461555,1.3270473511523653,0.4195036755199458,3.1633747892854145,0.0015595141990807477,0.008943659730698248
WASH4P,5.0587078458742525,4.402031051446662,1.391537393024564,3.1634299398010897,0.0015592187570147278,0.008943659730698248
TACO1,199.24900214855631,1.3373261638881848,0.4233039137626023,3.1592577351840534,0.0015817154338388074,0.009049861533333706
FASTKD3,149.2628579903655,1.3409375726465815,0.42463229815521264,3.15787936638875,0.0015892130697541464,0.009084846157944589
TMEM150C,355.0466478509749,1.3756071138691819,0.43570360642429734,3.1572084637040776,0.001592874270345404,0.009100927007884018
TMEM86A,97.99407300096225,1.9316734291471351,0.611884531198276,3.1569247638345552,0.001594424790963905,0.009104937736584726
CPNE1,552.2655670293669,1.4324233283498378,0.45376608342543906,3.1567439274804405,0.0015954138508648586,0.009108162074902863
ARMC6,102.78116666721533,1.5082369553907942,0.4778327541861992,3.1564118243829573,0.0015972317148920554,0.009116115053612634
BABAM2,174.14582783751646,1.1263140790830135,0.3569344986029174,3.1555203643568666,0.0016021208164054173,0.009136729396773919
OSBPL11,196.8307558297873,1.0400437197605947,0.32974782655854923,3.1540578466130604,0.0016101716610180809,0.009170555492444754
THUMPD3,504.0543631559285,1.0473490668753476,0.332186785226588,3.152892027781719,0.001616615896727358,0.009202275104448038
OSGEP,102.72391366089185,1.1509613986862448,0.3651778746966109,3.1517829486314346,0.0016227685206277394,0.009234848170954995
GPR137C,65.69463553213944,1.4652924498034623,0.4654030687151645,3.1484374476702235,0.0016414584978725925,0.00931157794457992
BSCL2,175.3634656359421,1.6801480452857618,0.533696218754025,3.1481355614777637,0.0016431547222454644,0.009318736876159531
ZNF140,118.3402829186706,1.7033859086312944,0.5410914546237517,3.1480554610047293,0.0016436050578147459,0.009318828148138558
CCNI,1833.1922432268495,1.2052109265767597,0.3829228278596516,3.147399002857286,0.0016473000350176277,0.009334845194475387
ZNF691,100.10772416187945,1.1923665631764013,0.3788522053114675,3.147313243685926,0.001647783308002797,0.009335118740691664
TEF,116.51264532281381,1.5975624914331106,0.5077622217711095,3.1462807253771317,0.0016536120399331157,0.009365667557921526
SMIM29,61.76142885169527,1.6985492591136668,0.540318612728627,3.143606788846189,0.0016687951358773368,0.00944169354493215
NDUFB11,325.8129448267317,1.1211645894250584,0.3567253300441354,3.1429351800903613,0.0016726287520790644,0.009458396052599927
CHMP1B,218.87463890382202,1.2908530794798205,0.4107388037107415,3.142759018183464,0.0016736356439316026,0.009459104798201789
RGL2,1138.1578623943062,1.4145990129797454,0.4502917165965063,3.1415168452839377,0.0016807513985787452,0.009494762607357047
TPBG,719.6762748052541,1.99690958908526,0.6358193077649026,3.1406872435267843,0.0016855192399030923,0.009513740896454593
PDLIM1,117.19917847479338,1.9100828455913892,0.6083195041433093,3.1399335917748377,0.0016898613676461145,0.009535741506622565
SESN2,134.65570656955416,1.7264471195142395,0.550483582769235,3.1362372531243556,0.0017113070144731638,0.009631431557984288
TINF2,259.9806422390775,1.6661897173087776,0.531755977827606,3.133372800275228,0.0017280980143408802,0.009710652890221338
TMEM9,623.700318100659,1.0115143723012026,0.32284341784052634,3.1331423111152175,0.0017294556721893822,0.009713195164926497
PDCD6,1096.9938366817064,1.198260366877564,0.3824908713808596,3.1327816074449895,0.001731582305532418,0.00971799794419824
TMED9,1451.0604112787369,1.1900308496501126,0.37986575618999957,3.1327668531798065,0.001731669344763004,0.00971799794419824
CD83,36.858360924158205,2.158280980079584,0.689215555475887,3.131503581037637,0.0017391366507965302,0.00975055063517781
EEF1A1,57588.63286785818,2.378655301724684,0.760068738087661,3.1295265579655336,0.0017508824454384175,0.00980675010840111
GPD2,449.58652788562745,1.0281122342791276,0.3287789925938442,3.1270618179343406,0.0017656279789633684,0.009875000372310108
SRSF8,330.0780138670678,1.897600931562782,0.606848711230236,3.1269753011683332,0.0017661476414907124,0.009875333086605181
AMIGO1,44.00623144652137,1.6207706670818829,0.5184265134763906,3.1263267308871803,0.00177004775589051,0.009891985635783944
SFT2D1,109.12912939745544,1.139633976989525,0.36461849161786714,3.125551784093005,0.0017747182044595788,0.009902613798154592
CENPI,130.8428217960258,1.6196599520570818,0.5186039562246277,3.1231153033386105,0.0017894762844933674,0.009966820935693657
DEDD2,114.48400059401406,1.6453776304660124,0.5269732246009381,3.1223173278149194,0.001794334194038704,0.009986102646283865
STRAP,870.8636370049558,1.5411804655618957,0.4936587373184868,3.1219552072216117,0.0017965427050672183,0.00999580151691535
RPS18,5501.877239199353,1.917409506452074,0.6142093525730958,3.121752377132497,0.001797780822147129,0.00999823967631364
GINS3,66.81614322129137,1.6310665627892171,0.5225263244408621,3.1215012268225277,0.0017993149826523859,0.01000085457853411
PUF60,621.5539037666222,1.2500552458764846,0.40067564782020293,3.1198682841773997,0.0018093192517995844,0.010053855811398001
RPL8,2954.4347988731656,1.8241394337149086,0.5849582952771331,3.1184093779723123,0.0018183004935925704,0.01010091310754364
MIF4GD,102.30848491825307,1.2158594406126566,0.39025124556835855,3.1155811913986065,0.001835828022901603,0.010174811304614773
ZWILCH,270.0843173886889,1.5034981462991508,0.48277193448059613,3.1143031293166037,0.0018437995582859413,0.010213716706457486
DEDD,240.42538683403566,1.12663675679333,0.361812870065826,3.1138658958935226,0.0018465339656930282,0.010220948904764608
RIMS3,75.34135374272671,1.4221368264114695,0.457110113376068,3.11114714988042,0.0018636204698940755,0.010291635430758329
ANKH,195.06499048130752,1.915519961116956,0.6157399744886417,3.1109235074558095,0.0018650324410555926,0.01029678317083947
TMED7,940.6979110185209,1.05973451673024,0.34076402722497867,3.109877898087476,0.0018716469654613919,0.010330644001749349
GFUS,321.97263628995853,1.0612551248337765,0.3413169942751899,3.1092947102954094,0.0018753455660411149,0.010348396977948655
NNT,320.1651814221503,1.7976796485458608,0.5782427365155355,3.1088668045855568,0.0018780636304226819,0.01036073149328297
TBC1D22B,155.82179195609885,1.001841337907581,0.3222874145632911,3.108533850957554,0.0018801810603365466,0.010369746994300254
NEO1,655.3383399729843,1.4408125456493974,0.46362882426272634,3.1076854376787555,0.0018855864903192282,0.010394216820511337
DTX3,154.84071259943897,1.3798241956786168,0.44414412203456194,3.1067037189591424,0.0018918590514949707,0.010418089618958704
ABCE1,639.1348819707447,1.3349097022106546,0.42973415503442935,3.1063616577176756,0.00189404910463266,0.01042747403422701
RITA1,120.00151694760565,1.4845268554569677,0.4785512074594369,3.1021274887971098,0.0019213519319226022,0.01056423583373278
GPR27,37.8554967247522,1.6839330871214162,0.5430964733532924,3.100615028346893,0.001931191882299144,0.010612900843569686
KYAT1,52.572114015631676,1.513514843250038,0.4883447422971167,3.099275393302364,0.0019399460652451685,0.010655552229373257
RPL12,2512.347426223281,1.4213220811233132,0.4586934278137207,3.098631885566331,0.001944164170413179,0.01067325737965383
SLC35C1,81.09947944548233,1.3343955444463158,0.4307003307452866,3.0981994885800743,0.0019470032018349748,0.010677916869761963
RYK,415.5972695967353,1.1639421608924059,0.37588004897828253,3.096578719876818,0.00195767874863567,0.01072002703386616
PSMA2,601.8163447508286,1.9647216906595526,0.6345016702700524,3.096479934912292,0.001958331151593423,0.010720863906427259
PIGC,242.43539654468384,1.039983673923337,0.3358963552148185,3.09614456298053,0.0019605475290264303,0.010730260130810302
SERPINB1,177.944584939424,1.4684764975457145,0.47434124563831204,3.0958229145129756,0.0019626753751586772,0.01073916714709465
SOCS7,307.6833585978374,1.2510969597883492,0.4042685058208602,3.094717846615379,0.0019700020500100237,0.010776508792560568
SEPTIN3,136.48337826727166,1.242543330852708,0.40155353956716194,3.09434037660845,0.0019725104487582443,0.0107874806907115
QPRT,446.91354703159146,1.0098505841536358,0.32640949248144957,3.093815000527374,0.0019760066070179205,0.01080384758894384
ABHD17B,129.59101438407586,1.1218062395232937,0.36270014477193147,3.092930222646296,0.0019819072923460343,0.010824691729008375
MPV17,118.34072055932872,1.096191061926799,0.3544257386591525,3.0928652813812554,0.0019823410295900707,0.010824691729008375
MYD88,104.8465200959429,1.9251274675904644,0.6225727790302327,3.092212721843045,0.0019867042588641074,0.010840242409159356
PSMA5,542.5318715893666,1.414563934447931,0.4574875153936961,3.0920274036999937,0.0019879449634821393,0.01084425493551772
CKS1B,456.879081472272,1.9205261275167098,0.6211743301574082,3.0917667300096583,0.001989691377114346,0.010846432746380197
RCC2,1083.43101711704,1.1507519232672914,0.3722109321916041,3.091666105806144,0.0019903658972621253,0.010846432746380197
ATP6V0E2,228.38962855356812,1.3586526494002087,0.43949328881171273,3.0914070453127698,0.0019921034385688915,0.010853145415508608
MRPS10,381.8660575068838,1.13225588226983,0.3668063976786904,3.0867942583205616,0.002023275814299095,0.010992476697901618
TRMT2B,155.24762297478563,1.0813896486168058,0.3503758729170599,3.086370187575072,0.0020261639583405134,0.011002398417506939
KDELR3,227.35046236764433,1.924960091766705,0.6240014824726179,3.084864613043888,0.0020364482940654375,0.011044271011029642
EPOP,34.061061438342605,2.093142749129439,0.6787241929495706,3.083937143942297,0.0020428075033490562,0.011073162167686473
PALLD,586.2445508975014,1.2966372737089131,0.4205383576193234,3.0832794445890843,0.0020473280668814407,0.011092177808438311
PSMF1,525.9881425044316,1.3717515416702908,0.44563942201100704,3.0781647087685373,0.0020827976201731745,0.011248275517787442
TMEM222,114.81274878489964,1.9628399703550763,0.637664460852067,3.078170559689447,0.002082756725287793,0.011248275517787442
WT1,34.99463262376417,3.676256920452417,1.1952849711515563,3.075632179086677,0.002100567997030565,0.011329024683658187
HACD2,656.1707037419048,1.200442518997135,0.39054740628953605,3.073743416713861,0.002113911564630622,0.0113809689355176
MED18,59.62671801725772,1.65476589699963,0.5385103449345237,3.072858140173388,0.0021201925078102885,0.011411921549437872
CPT2,198.5487993347212,2.0217018064827874,0.6582419796306458,3.0713656513022904,0.00213082031694722,0.011451891811091247
COX15,223.9521902850041,1.402407278426524,0.4566318955514944,3.0711986878025135,0.002132012274310525,0.011455428995168718
RNF145,107.83788273025127,1.6304467560965183,0.5309814806420383,3.0706282903220226,0.002136088972465315,0.011471588926202616
TOR1A,345.9756469889814,1.0114814666527068,0.32949497420930907,3.0697933074092085,0.0021420695849107625,0.011495077092319322
CTNNA1,4928.966602325127,1.046455615934297,0.3410086596750395,3.0687068678300005,0.002149874254336969,0.011522552821696144
MOCS1,85.79526353253581,1.277186913621677,0.41629456926745767,3.06798840991154,0.002155049761552739,0.011538764441846752
GPSM3,35.959291172784766,2.224614135448556,0.725230155575733,3.0674595069513044,0.0021588670814463302,0.011553438296219014
MEMO1,235.79422719285472,1.1284631578622248,0.36808902111517294,3.0657343553562146,0.0021713613687887475,0.011606189558622599
UBC,8354.92921070018,1.3988684547070693,0.45643858112930075,3.064746304411974,0.0021785470771840247,0.011635545116069977
SLC39A6,2033.9647489129427,1.2105096539384963,0.39504001627590546,3.064270970192162,0.0021820117572993424,0.011645354964348145
SMIM12,205.3676414628753,1.254953277917999,0.4096379455097025,3.0635669660838944,0.0021871524780353877,0.011669888657046101
IFRD2,102.23332137500216,1.65698493885785,0.540941005369729,3.0631527697282137,0.002190182173226925,0.011683149251168236
SLC25A28,84.32022971261065,1.8776586735703211,0.613216154485485,3.061985011053334,0.0021987446247953893,0.011722996185865604
PLLP,37.42464116640609,2.214563050214631,0.7235126314954587,3.060849187438867,0.0022071023399919064,0.011761712494717238
SLC71A1,303.4201023129904,1.2493310244007103,0.40821072491431853,3.0605051463626753,0.0022096396320321057,0.01176938855880094
IGSF3,1792.9117851458082,1.2102842002518865,0.39571616661815884,3.0584653909774038,0.0022247377517273345,0.011840990117080506
YIF1A,216.5455439482001,1.3821582053154926,0.4522103098788145,3.0564500081519372,0.0022397482630724355,0.011912019262833822
TEAD2,526.3629905956736,1.704800387419229,0.557871145990058,3.0559034997117607,0.0022438346056189006,0.011930795499648567
SNRPB,830.1399265634436,1.0294494155986926,0.3369025491261936,3.055629642069261,0.0022458848570275094,0.011938738922915618
C19orf48P,205.24241659308115,1.1866715842340962,0.3884215567108433,3.055112579957818,0.002249760553698392,0.011956379762844848
NME1,626.3079383512654,1.0140466605427498,0.33208728507071955,3.0535546108813043,0.0022614755647074394,0.012015663683738957
CZIB,93.7688771088958,1.4227160858905192,0.4660196679833386,3.0529099598890426,0.00226633928759194,0.012038525027654215
CAPZA2,1012.3324124003743,1.0129183053380606,0.33205509204530714,3.0504525592393366,0.002284967754838368,0.012114680534615771
GLUL,3294.233833086748,1.3796159659937934,0.45246604773455107,3.0491038452528816,0.0022952512741802127,0.012158995888399743
CBX2,317.607003666755,1.5945523468650509,0.5233593500877483,3.0467638470540415,0.002313193655970585,0.012232906815458047
FBXO25,197.2967955328156,1.2141680749274535,0.39883588776635653,3.044279895992533,0.002332380307054495,0.01231313195310934
PPM1M,26.18475815682866,1.9078978724975257,0.6268614617041965,3.0435718082121066,0.0023378763842091146,0.012330014058768149
DENND5A,241.92607090648607,1.0603419517250976,0.348502345344815,3.0425676208175148,0.0023456910819126676,0.012365151220301117
TGIF2-RAB5IF,10.4451753527177,3.9850149828899513,1.3098619428268592,3.042316791256451,0.002347646795336127,0.012369424220968607
CAPZB,2285.8881360109767,1.5031093945113883,0.4941347541675277,3.041901792647002,0.0023508858107661452,0.012380370429212632
RIPK4,55.636126057949305,1.4048043604972786,0.46198634841097247,3.040791931036882,0.002359568265696148,0.012410866417117484
SNAPIN,176.41777023076187,1.1780972183199538,0.387555130268806,3.0398184059719,0.0023672083205718386,0.012432768125176616
NRAS,470.0250853090875,1.7546548219506535,0.5772391533247448,3.03973632392104,0.0023678535204011164,0.01243311390942206
TNFSF13,66.5521821316418,1.3480050612855872,0.44353533751950014,3.0392281003457176,0.0023718519598081187,0.012448017377716367
RPS8,3401.607638043667,1.5605551706650034,0.513557311835798,3.0387166820515774,0.0023758817728155874,0.012460971263247564
BCKDHA,186.40075133249618,1.259930370276932,0.4147037394914349,3.0381456695375517,0.0023803885751242536,0.012477561998575104
CHAC1,6.1445753431789605,3.8974161507388394,1.283151884301232,3.0373771012005033,0.0023864669733667443,0.012500263912240746
SPTSSA,343.901520242432,1.3629128810877698,0.4487406935673599,3.0371947555123717,0.002387911179850181,0.012504776456706902
ANXA4,312.7648924020601,1.5927772746688624,0.5244805987605421,3.0368659554479804,0.002390517350222118,0.012515370172180202
PLIN2,69.84772603093444,2.522954154622256,0.8317062510991834,3.033467827478654,0.0024176048817489896,0.012644845420992765
CRTAP,396.87468918918404,1.119324941269217,0.369152633962207,3.0321467010954906,0.00242821161768198,0.012694134303399586
TEFM,65.04214262330167,1.115639534495647,0.3684220175382776,3.0281565199336558,0.0024605061066864426,0.01283482281222437
STARD10,1970.5094244304328,1.6339322389006465,0.5397762052826898,3.027054958906403,0.002469490548302261,0.012872301959331194
RCOR2,42.42481583959301,1.2978043958738095,0.4287923058784377,3.026650380806357,0.0024727978575951703,0.012886411370566382
RCC1,352.05065453903387,1.2827503224447292,0.4238644588944198,3.0263219657306744,0.0024754855357690675,0.012897285651275597
ARHGEF40,80.33249943297956,1.2044254603320248,0.39816229210535076,3.024961138241948,0.002486650761661739,0.012936612204911737
GPD1L,268.6302591079201,1.041949860133743,0.34455659712656106,3.0240310846552108,0.002494308087239915,0.012970160298562777
CLDN7,345.0561548444273,1.4320048377471133,0.4737253223878962,3.022858965040838,0.002503989116549101,0.013001598461442948
F8,72.3321216062373,1.4102835850137116,0.4665383597528416,3.0228673709935423,0.002503919566044733,0.013001598461442948
ACSF2,121.47556045576914,1.231295898767221,0.4075127233660301,3.021490687693852,0.00251533377211668,0.013054186880199263
SIRT2,138.86515598814123,1.1793197927539003,0.39074671711280495,3.0181182364571004,0.0025434964642853555,0.01319077673358234
PSRC1,100.2306016727716,1.0898833751341426,0.3614439238924161,3.015359515238515,0.0025667481357023935,0.013298506758129736
RPA2,325.89001973064035,1.4104799577883964,0.4680708714174287,3.0133897320231258,0.002583469070944298,0.01337545145053429
GEMIN7,101.96635175346198,1.225348930083825,0.40668149774720574,3.013043221468376,0.00258642078252548,0.01338750361625586
ABHD14B,72.84105979527182,1.2248725124262618,0.40656447179380656,3.0127386857538028,0.0025890174817225866,0.013397712842480518
RAVER2,132.27522240673946,1.6101987455123261,0.5344784249954249,3.012654337780069,0.002589737117039425,0.013398206010527016
METTL9,597.6768690007253,1.2336409944670799,0.40955644163095567,3.0121391560938817,0.0025941364867511757,0.013417731743957636
MCTS1,384.03307104523947,1.7433268143874163,0.5787897657176542,3.0120208021056265,0.0025951481297958913,0.013419729847089116
SLC1A1,99.81430597803123,1.912444092578543,0.6352376509089072,3.0105962545547964,0.002607352930043212,0.013469858901956505
ACAT2,209.95134375589072,1.2573154664620927,0.4176714392865497,3.010297923673667,0.002609915513849884,0.013479852449390737
RAMAC,191.15002460851315,1.404347894470205,0.466817075598413,3.0083473117815385,0.0026267275826409703,0.013550378346989236
SMIM10L2A,55.191480325915656,2.2904072431140317,0.761523451892484,3.0076647507336434,0.0026326338298048426,0.013577582789620745
NUDT2,90.12699015743395,1.0708047275122008,0.3560737686627225,3.007255298624596,0.0026361826696651436,0.013592618955073037
PCK2,162.69795827169588,1.5580345596902359,0.5181322077035462,3.007021251575387,0.0026382131868329397,0.013599821039979554
SF3B4,506.3036288371133,1.1054195578281325,0.3677816817318089,3.0056406089148795,0.002650220318999667,0.013651879031620944
SNHG32,583.8223091905886,2.0040594662074818,0.6669743202809569,3.004702587894673,0.002658406546198256,0.01368747708287298
OPN3,142.10679990207137,1.6248919193808251,0.5408822202781896,3.0041511043663105,0.0026632301936927124,0.01370573620063444
EPB41L4B,194.66516541096038,1.588693588402168,0.529031937591349,3.0030201874680675,0.0026731469879121873,0.013743587532485755
CSTF2,164.18316620487738,1.2220401486152088,0.4072013084063444,3.0010712720886947,0.0026903158760146102,0.013811914393531933
PTGR3,302.72824652718464,1.7534189168630867,0.5845228343389753,2.999744088434101,0.002702065256727098,0.013859063195354569
C1QTNF3-AMACR,15.486393482176315,3.7604544706880194,1.2538741763822738,2.9990684404537524,0.002708064672127073,0.013873255637108376
SLC35B4,135.705720613622,1.1220056598383803,0.3746056097001878,2.9951651304324227,0.0027429630168087885,0.014028595410084986
IMPDH1,400.4138290435777,1.1454775261811743,0.38255589055774647,2.9942749659693595,0.0027509790289783976,0.014059540357674783
RCE1,55.046932674127206,1.3357952357764697,0.4461933149000443,2.9937589631429438,0.002755635473537146,0.014079985062406463
PPT2,67.845188246478,1.1933784135672463,0.39874791766157636,2.9928141582925716,0.0027641801215603093,0.014116921801209957
GLT8D1,163.17111879408637,1.3620963628917369,0.4554662375624696,2.9905539654954514,0.0027847191925379072,0.014204914160176727
SLC29A2,231.99311319730927,1.2081153888483755,0.40428653047045665,2.988265247032906,0.0028056594353112,0.014274407653337684
EIF2A,631.830754625512,1.1146671554794352,0.37315692130432737,2.9871271088400118,0.0028161260840514676,0.014302227667553515
LYRM4,105.28245321842687,1.4685290181782136,0.4917965171547972,2.9860500571946536,0.002826063787743038,0.014344212129840491
WNT10B,8.308488358949203,3.519510911753709,1.1792065248478854,2.9846433492281745,0.0028390913763398627,0.014400118396656452
RFC5,275.39333149577044,1.1141815520608755,0.37409431297173157,2.978343998897061,0.0028981051702885027,0.014626843121917043
RPL10A,2071.0428498807373,1.660562004879995,0.5580676041785365,2.9755570695136595,0.0029245692846310545,0.014736148590791837
RFLNA,9.716914892309045,3.271902099960678,1.100117347459733,2.974139174803293,0.0029381178014581417,0.014792510910265606
RPL37,2236.789787494564,1.4019684439643123,0.47169418004139946,2.9721978843183203,0.0029567604624316144,0.014870116574433115
YIF1B,110.22825110884713,1.748891734919835,0.5886807478997267,2.9708661972715533,0.002969611309961625,0.014917569923168648
FAM111B,519.225666796118,1.3603803121482607,0.45794840955881033,2.9705973069299607,0.0029722122911237177,0.014920158074272511
GINS2,149.7805832181638,1.2734844564498897,0.42867954732702873,2.970714288541461,0.002971080470538849,0.014920158074272511
MBOAT7,432.5550869585089,1.237445975157161,0.41700761281680054,2.9674421692171715,0.003002887665940714,0.015045988632054103
GPR89A,222.37079290254658,1.2829854653689794,0.43245487792261084,2.9667498989306664,0.003009656682638091,0.015071666484434683
PHF19,238.89417309117445,1.3814049301773403,0.4656530443636804,2.9665970122992413,0.0030111534828454124,0.015071666484434683
SLITRK5,20.21311276266291,1.780046591560589,0.6001188208905747,2.96615691692356,0.0030154659235324993,0.015084358675759307
NAPA,848.6560121960376,1.0698789336493324,0.3610082085690123,2.9635861685533076,0.003040769139228145,0.015196764258927806
TM7SF3,513.5472036580978,1.099328832671034,0.3710577787360202,2.9626890895962705,0.0030496443358123838,0.015237571000357102
RAE1,770.124317546882,1.4779159360530971,0.49889980549133595,2.9623501949406212,0.003053003313533274,0.015250803330638748
GPR63,27.516046797198133,1.7963589229394197,0.6065592497726217,2.9615555670988667,0.003060892557421791,0.01528309778554482
CDH24,58.10247142579353,1.1752402194222262,0.3968824094113751,2.961179915142247,0.003064628582793143,0.015298192460279332
AK3,162.94551009190002,1.5578074954470067,0.5261795425864199,2.960600649332831,0.0030703977894700743,0.015319313164347037
CYB561D2,60.86063409253576,1.6896384875773693,0.5709572008029082,2.9593084826696576,0.003083302847672229,0.015365584104226759
MMS22L,552.9668531286145,1.0934353779148458,0.36964833390693175,2.958042219095043,0.0030959971724443505,0.015418913743480103
PSMD11,603.9866730302217,1.2194322199162406,0.41232399943881853,2.957461175133907,0.0031018380883871075,0.015444418880925133
HEIH,133.35912830642314,1.906051139928576,0.6445793151348936,2.9570467049965594,0.0031060106669151518,0.015454237288563197
CDK5,66.15939247474438,1.33222047450889,0.45060863223156533,2.9564912414378006,0.003111610688054036,0.015471539704735776
HARS1,443.3911486598083,1.2383013695742193,0.41889601943815313,2.956106795273678,0.003115491950665053,0.015483663098951375
CDKN1A,540.2698332551689,2.393257359516951,0.8098107439313708,2.9553292265529305,0.0031233555653884,0.015508695626292068
PGP,141.3303598769058,1.2512845118438438,0.42347097957132523,2.9548294268251976,0.003128419629211063,0.015515203477310445
PLOD3,167.06188952288727,1.778623064762597,0.6019138348760257,2.9549463090990993,0.0031272346861568622,0.015515203477310445
CDKN2D,58.165411614289866,1.6716357711667271,0.5660185839515487,2.953323121471608,0.0031437271032272907,0.015569901600567194
MACIR,287.83878222578215,2.0081075156888697,0.6800033570107165,2.9530847090468453,0.0031461561624572284,0.015574743078738667
RPL35A,2026.4870081561262,1.6319852404546662,0.5528086361650711,2.952170305760831,0.003155488411339827,0.015613737908082244
TP53RK,159.20522581734863,1.0651382360278139,0.36083746071662176,2.951850492220108,0.003158758326772752,0.01562631482077991
DENND4B,219.5698116559444,1.361655562701948,0.46141851072712986,2.9510206700554185,0.0031672572059407915,0.015664747554618434
CTSA,344.2043915359495,1.4785971932555706,0.5011036592330977,2.9506812932047928,0.0031707390396055095,0.015674743098349285
TMEM237,328.6674684101004,1.2301613445650355,0.4168988042406248,2.9507432788293952,0.0031701028383663565,0.015674743098349285
FHOD1,82.693548720454,1.3073998145177719,0.4430997860967424,2.9505764966276153,0.0031718149038898157,0.015676450446217283
NSMCE3,91.88516207157961,1.3007258114884057,0.4409631444099011,2.9497381538065794,0.003180433497027912,0.015711325294478735
KCTD21,145.00139545321107,1.0537401662174442,0.3572821731388565,2.949321979767268,0.003184719902223781,0.015722127697658694
DHCR24,2869.0789534783844,1.7105530834381186,0.5802753359017236,2.9478300689447545,0.0032001292154835975,0.015769178637032834
HAGH,257.38703141169174,1.300423815013675,0.44129997004394045,2.9468024094454193,0.003210782962294396,0.01580715814885014
NDUFB5,485.02055155406964,1.1073350429217232,0.37603839826263413,2.9447392820462293,0.0032322690434349634,0.015898348308987925
MRPS2,186.63358903174432,1.1111441307460086,0.37772796974673656,2.9416517169512795,0.0032646687666787444,0.016031988954902942
ZNF266,201.2580330420681,1.5081240084658316,0.5126773230683052,2.9416631877530905,0.0032645478508737816,0.016031988954902942
GSTA4,73.09892852452676,1.6563610018828965,0.563124387284463,2.9413767886528834,0.003267568056890017,0.016041541318260487
FLAD1,237.08811159565357,1.2145483952480631,0.4129464968694108,2.941176167991925,0.0032696852069336803,0.016045608173061235
MASTL,245.72599636362645,1.582635447337119,0.5384013897325975,2.939508473637393,0.0032873328171730332,0.01610642973893454
COPG2,388.8366218612198,1.5891940913701512,0.5409773861475162,2.937634977105683,0.0033072616912434437,0.01619298103903361
ATP5PB,899.637962032119,1.5263121771039807,0.5196329449486471,2.9372890844225035,0.0033109530538391546,0.016207356873948052
CAD,565.8165291122746,1.0998787734845574,0.3745045259458442,2.9368904707004986,0.003315211708698946,0.016224502455799174
MGME1,195.8488959609071,1.3464451598388023,0.45862682376358394,2.93581860038103,0.0033266879668956795,0.016265829065751032
ACTR6,224.23753712603204,1.0569369234701118,0.36011396516613736,2.935006763712975,0.00333540417437983,0.01630473202327817
BBS10,89.38732565162204,1.244621368244967,0.42412216333848146,2.9345822402864274,0.0033399703066239426,0.01631961811934194
RDH10,119.93646517953349,1.8679251630632001,0.63670227247746,2.933749797680087,0.003348940507156442,0.016334145366385715
REPIN1,530.3893301946982,1.0817252789389986,0.3687303226318148,2.9336488282769317,0.0033500300196613467,0.016334145366385715
AP5S1,84.94289012133356,1.5998545619004103,0.5454141226361008,2.9332840781019343,0.003353968553928556,0.016343361754610992
DCAF15,73.08173923818912,1.31780007986017,0.4494099854239332,2.9322892739400865,0.0033647317873429766,0.016380931069959227
FAM229B,85.41189333079984,1.1387595025012631,0.3883696993043078,2.932153318194337,0.003366205194072402,0.01638438726804122
LRRC31,73.1512704280089,1.7893770173345704,0.6106597819666683,2.930235574990331,0.0033870512283567453,0.01647237023933671
NT5DC1,409.3565841403162,1.2873601159754853,0.43937194107605687,2.930000747937244,0.0033896118799215487,0.01647962640306217
DCAF12L2,16.897944860834958,2.6897645913048756,0.9189010826335303,2.927153577397175,0.0034207991529165683,0.016612434899658194
OSMR,76.09538594522152,1.1276028226724093,0.38542261645989684,2.9256270247694096,0.0034376280348379245,0.016679063447348375
HLA-C,459.4124431733219,1.4678263529092426,0.5019853917703064,2.9240419680994942,0.003455181589284947,0.016752868709004737
BYSL,149.10684195930426,1.2858064672247616,0.43977752979986356,2.923765722659622,0.0034582491772335486,0.016763954674369086
PI4KB,704.6346862607592,1.1955340244770787,0.4093095669603795,2.920855315831903,0.00349071896587491,0.016902262862742684
GPR153,51.335984118065106,1.7899723449976168,0.612881158931536,2.9205863468182933,0.0034937336641926186,0.016913044086075704
APOBEC3B,79.65179048735737,1.5853639183865111,0.5436540811721995,2.91612621571465,0.003544070977913789,0.017121963796945052
C3orf38,163.7796642574056,1.2275384921916617,0.42106792412957234,2.9152980358910447,0.003553490181787309,0.017157448017246557
GPR89B,135.86589372884495,1.6018335844929656,0.5500888447167671,2.9119543140667155,0.003591751643832884,0.017286160636163644
EPHA1,122.96090621322263,1.537456896278022,0.5281548040927168,2.910996708472851,0.003602778128792094,0.01733145452676044
GPAM,101.88653807624814,1.2972047882825217,0.44591750255995066,2.909069011275513,0.0036250682946535394,0.01742696362080308
GSR,869.4457649387822,1.0069099799846042,0.34618038133727114,2.9086280860139437,0.0036301843523152237,0.01744374299164458
ABCD3,593.5316551823021,1.5245074852876468,0.5241831666626299,2.908348802945892,0.003633428270787455,0.017451515374014948
PRDX2,734.9199503560959,1.7266973047591045,0.5940063242491579,2.906866870385097,0.0036506853071057313,0.017518717954044943
SUMO3,990.3080469898197,1.0754971309733319,0.37005548658310045,2.90631316104488,0.00365715233008129,0.017541906348579453
KDF1,99.9696841892691,1.3335040673356786,0.45909591775762865,2.904630635464892,0.0036768672817204234,0.017620717254515472
BTBD6,292.9774516920607,1.7718783273253176,0.6103729625760178,2.902943668814036,0.003696731239648236,0.01768826140531798
MSH5-SAPCD1,9.927360586284939,3.0189279155273683,1.0406405725675538,2.901028457961063,0.0037194009848977756,0.017768999362401217
HDDC3,119.5215604020437,2.075952215221749,0.7161111112104848,2.8989247376886036,0.003744447645126672,0.01786164079304038
PPP1R8,316.7224811144734,1.3776298626998233,0.4752334264402281,2.89884883102408,0.00374535424039653,0.01786164079304038
SERPINH1,727.5622936140279,1.3458066898149061,0.4642568613239173,2.89884071067271,0.003745451238055998,0.01786164079304038
GEMIN4,158.36994037913016,1.5442645949200327,0.532739617860973,2.8987230218028075,0.003746857288884862,0.017861828530540132
KRT18,6593.806921285493,1.1148648029767565,0.3846563980826826,2.8983394232717643,0.0037514435429466322,0.017874329136686216
CAPN1,875.1067669532798,1.373486244660781,0.473936643509924,2.898037666994662,0.0037550548866350435,0.017887245285229943
UBE3C,1222.364333271243,1.0207574354945774,0.3522314409461246,2.897973652643652,0.0037558214005240505,0.017887245285229943
THTPA,81.15137444474047,1.8547021298479986,0.6401767083160451,2.8971721491191174,0.003765430724329062,0.017927871179860402
GRINA,702.8313903609073,1.2132196698393651,0.4188001876856707,2.8968938064324457,0.0037687730326237765,0.017936985868287035
PDIA3,2944.842296609426,1.6900236014735996,0.5839096137631733,2.894323987203699,0.003799758740876253,0.01806042582042179
COMMD5,65.80746577989626,1.464713877025023,0.5061620586498379,2.893764658955423,0.0038065334672516726,0.018087136938048365
TGFB2-OT1,7.5038433507945665,4.181085164313198,1.4448819833132667,2.8937208800441465,0.0038070641914801705,0.018087136938048365
AGPAT1,363.46128573263724,1.5302858496550105,0.5290173786150533,2.8926948556231533,0.0038195217794780557,0.018134278183097142
CIAO2B,67.2922822289944,1.2860223541643396,0.44467628624752903,2.8920416805147,0.0038274716602595465,0.018155955311487594
RPL21,2444.191221358728,1.3817603893659498,0.4780584247525229,2.890358830264831,0.0038480231672161,0.018233291492262643
PLAC1,4.3063537850687155,4.1629984937951905,1.440515374886887,2.8899368700747674,0.0038531919766438267,0.018253752719376716
MTARC2,214.13676949190432,1.3190711227593828,0.45678232909561106,2.8877455162747383,0.0038801365846327382,0.018344950673324204
EFNA1,269.0825665796168,1.57232508613987,0.5445498903260038,2.8873848183103514,0.003884588049981546,0.018357907851267116
TEDC2,33.59829611688703,1.3734016712995225,0.47597849710598583,2.8854279755282897,0.0039088188972258185,0.018439932630131033
KLRG2,120.12574121180103,1.5162603832669346,0.5255481426837095,2.885102733926823,0.003912859520239235,0.018453444628810007
LMBRD1,289.16086886281585,1.5658837226020836,0.5430647473478526,2.883419942556276,0.003933826252446183,0.018529392312883034
GYS1,380.5180187552851,1.0025456650833284,0.34771341482721374,2.8832527660214518,0.0039359147495928275,0.018531094893870573
BLMH,219.29336628447663,1.4802915046255083,0.5135256492076166,2.8826048064193808,0.003944019075112958,0.01856517862512044
ZNF324B,68.43053744367562,1.044263550169469,0.36234237268368685,2.8819802178672527,0.003951845429606907,0.01859793923670268
MICB,41.43329738013938,2.064036233498095,0.7167692821154285,2.8796382392482363,0.003981317139735131,0.018718264285202853
SEMA4A,225.98813725102596,1.2470577448897406,0.4332364238301313,2.878469298275582,0.0039961017564189875,0.018769171305045188
BSG,813.9291058514104,1.1148409219779705,0.3874204038782636,2.877599916829056,0.004007129886111242,0.018816850624933754
GOLT1A,33.015911515537105,1.471105476461104,0.5116630090075681,2.8751452627276883,0.004038416551176834,0.018938902794636114
CD164,4432.558519841035,1.1302931181329765,0.39337743303292305,2.8733044227231472,0.004062024954459765,0.019020522697513975
RPL3,4015.1932193245398,1.408781257484512,0.49109252130424735,2.868667707956659,0.004122046045122581,0.019254497279923132
DEGS1,520.5940907041842,1.6195168822605936,0.5645936711426728,2.8684644639796923,0.0041246953043904905,0.019259347526592672
TMSB15A,91.0440156134706,2.0592898690355153,0.718367052362653,2.866626277280775,0.004148726103717434,0.01933789361115902
TOX4,611.612823421149,1.0451511389286177,0.3647301337895544,2.8655464468193883,0.0041629019961820805,0.01939730911007783
CDK3,25.85064934370841,2.0903453862799792,0.7297225826375316,2.864575437318345,0.004175686810468117,0.01942980029328833
PLRG1,291.5872548929926,1.4483566590284045,0.5055796754666557,2.864744627425054,0.004173456606426225,0.01942980029328833
SLC44A3,57.15857586199524,1.4463620332337404,0.5049541325877325,2.864343392580205,0.004178747300313857,0.01943875168030288
KLHL13,147.5150983262426,1.8826650192311172,0.6575259296734621,2.863255932988192,0.004193117180372602,0.019493997983274704
AIDA,622.7176584515065,1.3991214927714184,0.48896039058920765,2.8614209242704653,0.004217466977739972,0.01959022539876619
SLC25A10,209.60508433243317,1.7526840853481347,0.6127439705861052,2.86038569040777,0.0042312606193858505,0.019633049273950345
WDR91,114.56407095116768,1.2983982392537465,0.45406839015648137,2.85947726686346,0.004243398310646225,0.0196681053448095
DGUOK,172.62171615434175,1.1639625128171205,0.4070871715592501,2.8592463583631003,0.004246488570570607,0.019673930208213564
ZDHHC16,264.148602883863,1.1994145578825526,0.4200690606212115,2.855279453594654,0.00429989756153738,0.019877225890421988
ARHGEF5,245.13625598074807,1.2782599964182921,0.44771957204315843,2.855046051672436,0.004303058893503706,0.019884403545877165
BUB1,463.1325972883256,1.0341272653212081,0.3624481707609335,2.853172808542897,0.004328507624374905,0.01998489105402011
TMEM14C,466.32358157032945,1.4395419554269642,0.5047851398736215,2.8517914687175008,0.004347360986013505,0.020050368957629447
HNRNPUL2-BSCL2,390.59819261939055,2.5306005177591246,0.8883216504017994,2.8487434890442005,0.004389225280455097,0.020200037426241983
DNAJC5,995.3837326376912,1.6083357730897025,0.5647891395786336,2.8476747521909096,0.00440399079122103,0.02025989916274984
NPAT,115.43624226011957,1.2971639717896566,0.4555184002118116,2.847665365847983,0.004404120670746878,0.02025989916274984
DENND1C,99.88029068838944,1.2143933910313724,0.42675775783492365,2.845626983308686,0.004432408299285718,0.020372559884915726
ISYNA1,236.36050524675838,1.4362264980007236,0.5049148745539239,2.8444923498631,0.004448225400293901,0.020436505478550016
UBE2S,328.32880354596614,1.1810729054696871,0.4153431435555626,2.8436075659250384,0.0044605950055498726,0.020475800816919843
C18orf32,353.6489962445034,1.814669269668845,0.6383450876882912,2.84277157397812,0.004472311110285446,0.020520803170135913
RNF19B,134.9656621491423,1.3606749388131674,0.4791305282950502,2.8398836193031287,0.004512999535338606,0.020689803466858895
PEX5,205.9889252748859,1.3306670002817644,0.4686673236761372,2.8392570445156404,0.004521871507113393,0.02071316167853218
TMEM168,171.1600128171773,1.2226263453427018,0.4307032538756305,2.8386745034801764,0.004530134154510618,0.020741770632771037
HAS3,15.475645382539788,2.150420266825185,0.7576430378625635,2.8383026826087874,0.004535415136965247,0.020757092949301385
HIBADH,415.1050869481574,1.1135438750917415,0.3927072570021157,2.835557161821795,0.004574582789951953,0.02088735035582317
PCIF1,121.10024483510755,1.3755334218339241,0.4853329937527666,2.834205462105126,0.004593978487885187,0.020962529948972172
ZG16B,766.9744507707287,1.6376934301550097,0.5780939057079943,2.8329193821016307,0.004612501710952275,0.021029166500326286
PEX6,230.05985035003118,2.1380802539641945,0.7552171771314101,2.831080010766442,0.004639111459176846,0.021119077622811865
RNF144B,585.4883711085947,1.0097843478236146,0.35691873230050475,2.829171619306983,0.0046668665602284335,0.021213928486020373
UBQLN4,778.1487006436085,1.2811542250675356,0.4530959210367427,2.8275562978719546,0.0046904767246244965,0.021289684964137415
DHCR7,739.2296721436994,1.8330467310289993,0.6483721521312542,2.8271521609983084,0.004696400632482901,0.02130305592328959
KIAA2013,152.98146277751988,1.3112192782778183,0.46385724875170686,2.8267732838205286,0.00470196042980982,0.02132376813688055
F2R,81.64487232503488,1.753798732732241,0.6206118103297361,2.825919042372773,0.004714517783213235,0.021375817700085026
UBE2A,646.0497184599639,1.615904453952163,0.5718462052757112,2.825767556109019,0.004716747798478035,0.021377277245055677
DDTL,6.111132063396759,3.8537294310019363,1.3639057963154275,2.82550997393862,0.004720541833980536,0.021389335530569938
PPP2CB,370.05256555750316,1.3022298531717946,0.46096933213707075,2.824981538651626,0.0047283340266149835,0.021411700403282875
GLUD1,1098.649040952731,1.308915512066917,0.4636119110084385,2.823300008017034,0.004753207046195474,0.02150618241858631
PTRH2,186.7498909313324,1.1139623262263052,0.39468625682686065,2.822399581840453,0.00476657468245561,0.021562119031512943
TMEM164,547.8349512945318,1.6015110726596948,0.5675736937521262,2.8216795286483367,0.00477728899275766,0.021583288796753558
RPS5,1325.1461192743386,1.0701500182632748,0.3795044024749856,2.819861933838335,0.004804431613646079,0.02169678081415085
GMDS,210.42230350538108,1.1205891842486608,0.3976306369295635,2.8181661073745747,0.004829881593357456,0.02178573515856469
COQ8A,122.38465200057415,1.038277003714139,0.3686988738666596,2.8160568889874966,0.004861705699635639,0.02190932471948358
LGALS3BP,387.3017800949178,2.7101372308839817,0.9625418321668388,2.815604621342036,0.004868554211797995,0.021935581227206586
HIRA,153.76717823701674,1.1223680512029024,0.3990996424363886,2.8122502048640485,0.004919621863412776,0.02212850244997656
GMPPB,211.93329137936888,1.0292586492022016,0.3661159874246283,2.811291187916489,0.004934310738849995,0.022175980828423224
NPIPA7,89.01318260376192,2.3411715923930396,0.8327617114015896,2.811334335307879,0.004933649016427715,0.022175980828423224
NCEH1,170.07010380467716,1.2301045323604087,0.4379032065494159,2.809078613635581,0.004968351287301892,0.022272993236995737
GLRX2,192.98314073056355,1.0239054889445316,0.3648039204412555,2.8067283040874322,0.005004743384306786,0.022412728094161855
SYT13,103.54010713964315,1.615388102454285,0.5765073748836567,2.8020250439645844,0.005078293123408809,0.022704202172573552
VPS33B,79.21399741271917,1.338207778381426,0.4778567596202622,2.800437058680216,0.00510334585933834,0.022778245037728944
ALDOA,4375.767041589976,1.3566881949709662,0.4845260394705624,2.800031545164029,0.0051097612944728055,0.02280213711361747
TCAF2,59.945857186583495,1.3296106825829195,0.4749589820194038,2.799422124684864,0.005119416353693314,0.022830979831724548
SLC25A14,56.65977012483822,1.2218204627792377,0.4364777925554978,2.79927291518247,0.005121782793796451,0.02283678760749467
LBR,469.7710410589492,1.4111921463628625,0.5045184968995853,2.797106855417698,0.005156247703102493,0.02296659935836021
MRPL10,165.17080056888443,1.1851319534551,0.42373478709392454,2.7968719811347587,0.005159997434330366,0.022973764510524828
EBPL,78.00452024471858,1.0565365483307776,0.37782212914574054,2.7963860950114725,0.005167762353200324,0.02299259588512517
MCAT,46.69916145696942,1.2628549178532067,0.4516292092742743,2.7962206427757317,0.005170408845061665,0.02299483508802708
RPS2,4351.488815901348,1.5532454096931179,0.55558235560392355,2.795706872304691,0.005178634670648559,0.02301853770342131
ZNF77,48.23558829960332,1.5844711455302731,0.566821664221688,2.795360949560628,0.00518417979598925,0.023038413423468483
MPI,224.65414374966932,1.8916160930919066,0.6767696045275817,2.7950665639192636,0.005188903009101652,0.02305462910462142
MAP3K11,216.98693793306643,1.0945234278996199,0.3916979279468861,2.7943048706860565,0.005201141898974095,0.023104223794656195
MRPL47,265.9125527882202,1.2544815443981785,0.44901759144982234,2.7938360729868346,0.005208687502953789,0.023113820060667558
ZNF670,63.16385599623633,2.07761533896003,0.7441316946613948,2.7919995262470514,0.005238343281569966,0.02323580959538889
HACL2,153.12027425332184,1.219449952477745,0.4368728494822893,2.7913154912758684,0.005249427717994006,0.02326688304675823
COG8,153.6737096434262,1.031493145821834,0.36959049970191504,2.7909081717570166,0.005256038183013722,0.02329022907443206
SLC30A1,307.5369257446288,1.593765170514444,0.571748261888757,2.7875295418467525,0.005311161153181882,0.023490832305705523
RPA1,772.2578569385701,1.4623725349192507,0.5252403149820063,2.7841970488677146,0.005366042337916135,0.0236896252976096
MTHFD2,2084.6392511916447,1.0394232074598664,0.3734843308215871,2.7830436826448746,0.005385155514046482,0.02376422729414713
TMEM79,77.58583054480641,1.5947516338609096,0.5732761059162141,2.7818212156464566,0.005405480889463314,0.023812455327319668
CHCHD2,1190.2592377671958,1.070877087249692,0.38505535330747737,2.7810990758894008,0.0054175200800665076,0.023848201213995335
MYO19,308.98192789403043,1.3576329550170825,0.488160231331,2.781121582385787,0.005417144496651308,0.023848201213995335
ZKSCAN5,171.35160259538114,1.2000383986106395,0.43149733021821995,2.781102719694111,0.00541745927146748,0.023848201213995335
CNNM4,362.3889934410016,1.1857076414095356,0.42651153128519365,2.780013093284208,0.005435670675953688,0.02388400751555408
TSPAN33,56.12220057610612,1.5550274366285737,0.5596567141371955,2.7785379811370774,0.0054604129257142175,0.023987811952062867
GUCD1,488.24443810828825,1.3431933692681761,0.48355924630057007,2.7777224394821642,0.005474135710858565,0.024019287854116028
GGCT,936.9023428318001,1.2962279283467162,0.4669349045689868,2.776035622231378,0.005502617918975616,0.02410906095165715
F2RL1,52.115953317579674,2.1605120692870914,0.7784864071467847,2.77527269513355,0.005515543951274762,0.02415583126415436
RHOG,47.310497818635866,1.4625911723988223,0.5271855251713524,2.7743386389894384,0.005531406679074152,0.02422036060659688
NR2F6,179.97378118588287,1.0620365636066895,0.3828223262562634,2.774228384202849,0.005533281809239539,0.02422287419393583
CDC7,143.11670573664037,1.351013317001491,0.4871844461527945,2.773104370778241,0.005552430941213568,0.02427774409096234
STMN1,1881.7101328674132,1.491541617300938,0.5388378153246185,2.768071532623171,0.005638907747603835,0.02455579550803131
PSMA4,832.1406155904947,1.3283541160237011,0.4799372250031004,2.7677663803117585,0.005644189891372206,0.024560847038686953
SNTA1,54.53119856451496,1.6474635663286152,0.5951991865541578,2.767919720902896,0.005641535029545455,0.024560847038686953
LDLRAD2,4.186907735307896,4.131042279123618,1.4930687920109864,2.7668130907482134,0.005660719964917075,0.024605218509338382
ABI1,366.6073004067372,1.0378642852112883,0.37539518418319867,2.7647245594519783,0.005697087905298474,0.024733867377646216
SMPD2,94.00955688750473,1.7719578013366775,0.641357064534276,2.762825732064543,0.005730335250708543,0.024838011407837878
CBY1,80.03360903229502,1.2376450234951455,0.4483999307286328,2.7601365180499013,0.005777721206045997,0.02499292422530681
ANXA5,2625.780662685898,1.1335991231831466,0.41073943001386115,2.759898466881768,0.005781932820379537,0.024996027059900255
ENTPD1,67.81098337776668,1.2162651688522763,0.440762609222806,2.7594563227513995,0.005789762604628743,0.025014758505200893
SLC25A4,186.59937047094184,1.1828907207199126,0.4288931466130939,2.7580079795189705,0.005815477830636176,0.025115748489726773
SLC35E2B,461.2366736839437,1.2736875402749044,0.46183391705047994,2.757890863471784,0.0058175617104366155,0.025119693019309813
TSPAN4,102.33927922261246,1.7103997666910735,0.6206605121532313,2.7557734594025582,0.005855353588702776,0.025247315252875546
DHRS11,72.59849763995986,1.7677396880815512,0.6415194814702897,2.7555510614114054,0.005859335810659016,0.025254337516919557
PRRC1,1488.2201020342873,1.0601071245192806,0.38490598098005246,2.7541975882526493,0.00588362356180924,0.025337800245538333
FXN,77.09242306131407,1.5146427005767715,0.5501866989596483,2.752961319204589,0.0059058873709864936,0.025392325365597934
PFKP,230.89380249526187,1.4240499491743501,0.5173417998584684,2.752628822113222,0.005911888210866441,0.02540779070320055
UBIAD1,91.38466208634254,1.734663074402332,0.6302778968567903,2.752219430592656,0.005919284373988821,0.025430999532692716
NBEAL2,595.1662273680286,1.1050638200418714,0.40193739099325027,2.7493431683752676,0.005971483143455544,0.02562448075556008
SLC44A5,56.16731898749209,1.5456716033540094,0.562286029283749,2.7489062912036357,0.005979447828445869,0.02564840103906623
HAUS1,146.90110572909748,2.016038950714999,0.733661192250337,2.7479154847093157,0.005997546652433975,0.025720893517432678
COX7A2,839.6662450642568,1.4747425403888292,0.5370110026575016,2.7462054466124233,0.006028899646659833,0.025809032434330706
GAMT,46.06349017297675,1.643627941114477,0.5985224926525899,2.7461423109265075,0.006030060040328781,0.025809032434330706
ZNF530,51.571157952748955,1.225386475633464,0.4463405696850821,2.7454068907472196,0.006043591424269692,0.025860963392132136
DBNDD1,209.0641918729083,1.5927825042062496,0.5805655072996664,2.7435017826233246,0.006078771816060512,0.02596289904374057
EOLA1,228.66411494235882,1.2031958001294443,0.4386605512292217,2.7428858071641717,0.006090186034114842,0.025988346051323226
SQOR,233.7573713625343,1.5164433595040678,0.5528549918097982,2.7429314774565303,0.006089339087176932,0.025988346051323226
HEXIM1,406.49550791817074,1.2830338903656988,0.4678399704464284,2.7424631741947687,0.006098028718193544,0.02600629894523717
FHIP1B,84.7529882690265,1.4522670243447091,0.5296413405867171,2.7419820037762563,0.006106968738443487,0.026028907473087833
NFKB2,128.0648814324947,1.193748670559205,0.43546166151269666,2.7413404578772527,0.006118906854816292,0.02606943440626516
RIOX1,57.01059494818975,1.7564428547066304,0.6409724650542782,2.7402781717899427,0.006138720476289126,0.026122732782305102
PCED1A,91.40981639677723,1.5331541203720118,0.5596820064168591,2.7393307320837774,0.006156440724873852,0.02618882371818428
CCDC22,79.97804616177518,1.2255795306206299,0.4475810959698553,2.738228986112436,0.006177104927571586,0.026249637969442817
CADM4,168.76790552992574,1.2214220342852609,0.44622245367190566,2.7372491550668063,0.0061955349585444686,0.026312325392908033
LGI2,19.56198705946033,2.441777673797994,0.8922423592066872,2.736675353509369,0.006206350792457391,0.02634262025437809
TIMM17A,457.5931057975565,1.0252169086771261,0.3747074785013494,2.736046029231931,0.00621823274321981,0.026387833630511594
RPS24,3420.758574448423,1.047805338579728,0.38314756847124304,2.7347304923804323,0.006243136900772206,0.02648304366289218
C5orf24,602.3776607287434,1.2374151554355806,0.4525423995506015,2.7343629164126924,0.006250111437152959,0.02650215203345238
PLK1,261.41247577220764,1.1848173908003343,0.4341761493268017,2.728886403910984,0.006354859058746493,0.026877271462495023
MAN1C1,56.972647120504206,1.2776442093442515,0.4682378247256251,2.728622383492656,0.006359948585435394,0.026888198708322215
HLA-DQA2,64.45092012239728,2.67451350144339,0.9805331359147493,2.7276115446606597,0.00637946846924665,0.026944182906914606
CACNG4,495.27398354323157,1.0332072708237383,0.37881204758167414,2.7274931655941397,0.006381757960493449,0.026948548963437506
CCDC71L,39.075818012926916,1.4921616366272403,0.5473949440623012,2.7259324420384337,0.006412012091994301,0.027037067979353735
C9orf40,53.46181752939711,1.3756164364271586,0.5047584228486459,2.7252966452025773,0.006424373761389836,0.02707522798888961
RPL18,1569.8028492839705,1.058555799305985,0.38858958864840076,2.7240971714859183,0.0064477532850357655,0.02716309098878436
TMEM139,212.86991201302547,1.6143258122392874,0.5926788271238785,2.723778441813427,0.006453978658340251,0.02718398076702292
C17orf58,284.7764530678513,1.707841372317385,0.6273310911074603,2.722392364297525,0.006481114222840335,0.027266165697344365
NDRG2,113.05364820782891,1.2035076806237173,0.44219304594668446,2.721679347189067,0.006495113064649982,0.027314590574560198
EMD,398.065906712114,1.672131940456026,0.6143936132553737,2.7215972047564265,0.006496727533343825,0.027315786219741078
TRAPPC2L,152.18365954516136,1.4282233565899491,0.5249524994162491,2.7206716001507636,0.006514944799050931,0.027381652053982176
AMIGO2,101.35514349897534,1.7861720788379964,0.6566738417473154,2.7200292828556223,0.006527613543662397,0.027418787756311416
NPIPA5,21.983751375947357,2.6925660292552913,0.9900200678473096,2.7197085359188544,0.0065339480867487145,0.027440024646111037
PLEKHG4,112.14795477384922,2.0602098495068346,0.7578461735780039,2.7185066327906724,0.006557734095118666,0.02752375780974899
MIPEP,142.91910411239678,1.680569196812286,0.6185087039505154,2.7171310380568907,0.006585053055758504,0.027622212387915852
NDUFAF1,75.26839849519695,1.5484705895602446,0.5702088431943904,2.715620089098398,0.0066151780239121286,0.027723235084989428
TMEM102,13.602674733244871,1.8967209624090806,0.6988149263605552,2.71419640717643,0.006643676410795693,0.027819179663546453
SORD2P,40.4958698661773,2.224888990895819,0.8198199855492871,2.7138750336820863,0.006650124718399674,0.027840748430912412
ALKBH5,605.4823126184551,1.1787783055763281,0.43464350544761676,2.712057791735242,0.006686693370050321,0.02795566719682055
TXNDC17,161.11799063163113,1.0475029223953674,0.3868239586667779,2.707957712871965,0.006769864772629435,0.028264843972884764
MIEF1,171.24931038169055,1.1441208415382476,0.42255066558672594,2.7076536252749643,0.006776070165358119,0.028279748298052364
POLD2,497.8117433816882,1.6338638377100088,0.6037036518895236,2.706400454256325,0.006801697096527852,0.028357945204661086
NDUFA1,582.9995316264216,1.197208173283067,0.4423833780641688,2.70626843739461,0.006804401862090282,0.028359383173520575
ARL4D,32.77320839155866,1.611055908122923,0.5955810780296832,2.705015265852065,0.006830125054087034,0.028416921997035237
COPS8,292.0867374767933,1.5025058100504614,0.5557700531624223,2.7034666612584792,0.00686203313270412,0.028510983742077525
TMEM192,257.30316478423146,1.0410371909881493,0.3851413822712327,2.703000090120171,0.006871672773684222,0.028545508657232564
NT5DC2,434.278444410316,1.1633744069053384,0.4304932474173486,2.7024219633751567,0.006883634097325775,0.028589662807937125
SLCO4A1,27.63812054727321,1.8067974432694036,0.6686614151458402,2.702111116842785,0.006890073177959417,0.028605333797448076
ATG4C,63.40476244372027,1.2875922669924293,0.47681865431683185,2.7003814874593024,0.006926000787760475,0.028710059282468572
NUDT4B,70.01105014016173,1.350703847838396,0.500725600466301,2.6974930911871735,0.006986373443927403,0.028887779211306756
PELI3,73.27825417226468,1.0979494429561432,0.40704867127191774,2.6973419162021735,0.006989546248962215,0.028893849968025093
ZSWIM3,24.18225463592006,1.876651949556004,0.6958795683192112,2.6968056471161592,0.007000811707660277,0.028925186608854358
SLC3A2,693.6458701815856,1.211548983135874,0.4496115600273587,2.6946571014814467,0.007046110142225498,0.029073163555500707
PRKX,156.80305662020558,1.0297584092882828,0.3826081363992373,2.6914179582782536,0.007114899561425425,0.02930628494974849
TRIM65,123.57382604134264,1.1783667265098239,0.43813515020481564,2.6895051126552416,0.007155805090080256,0.029445095502890494
ADH5,449.50560271782393,1.1729482216974463,0.4361905828804905,2.6890727762887443,0.0071650796493927475,0.02946772887619171
ARMCX1,122.92186066316734,1.2640534019951908,0.4702439549337279,2.688080067235177,0.007186416271390908,0.02953242576243391
ASTE1,65.26875597775509,1.1122613168422748,0.4139589277895025,2.686888099700215,0.007212110959386692,0.02962141649539491
RNASEH2A,199.82606436100545,1.419585641487377,0.5284419465809737,2.686360631800929,0.007223507632574488,0.029655394978085645
NDUFAF3,81.07002905578717,1.0934432568882533,0.40706999318375187,2.6861308256505945,0.0072284779650402895,0.029665927926900863
TMEM250,208.08560711200462,1.735005653307631,0.6464403679821437,2.683937667326426,0.00727606704776726,0.029821313759565583
MBOAT1,240.7974180148252,1.8507527926992677,0.6901111653922956,2.6818183584194037,0.007322320583926578,0.029965716622373913
RIPK2,113.78654223121458,1.4358663027761511,0.5356843821314212,2.6804333870310324,0.007352689692591953,0.030060720290154944
TNFSF10,217.93735083985985,1.8489243422441848,0.6898904819822621,2.680025874442667,0.007361646958867891,0.03008014922644801
CMTM6,257.4946378426062,1.408138311494983,0.5259353345826325,2.6773981873882686,0.007419639861983145,0.030294039466925094
CLCN4,7.59460058545135,3.2590160028043935,1.2176287074468621,2.6765269107673517,0.007438959152671759,0.030354869741061215
PATL1,594.0287871461037,1.0555045410918251,0.3946447979564979,2.6745684893284074,0.007482549072340363,0.03049240177241422
ADD3,201.33587960416466,1.6675613212093845,0.6235663349781331,2.674232439549293,0.007490051743076652,0.030506075233711318
AIFM1,806.8088007366587,1.0868193444389034,0.40649848105835384,2.6736123136531176,0.0075039144298189205,0.03054514485279098
RNF157,75.93280359716991,1.6456647980581183,0.6155643573337174,2.6734244412496904,0.007508118787061966,0.030556462956637546
CC2D1B,169.13895566318286,1.1724020472567789,0.43866172405914056,2.6726791578895885,0.0075248181458570495,0.03060701239766723
ACTR5,75.56556760374212,1.0343259707814354,0.38711398059107055,2.6718899927152204,0.007542537048690695,0.03065125717686341
TYK2,199.67733388501773,1.0980601115450113,0.4110789884373503,2.6711657429125912,0.007558831335947904,0.0307104355299966
FLT3,32.58273095461727,3.0630928834385354,1.1468889546803414,2.6707841861571286,0.007567428347619884,0.030733726786510727
AURKA,526.0304240869907,1.4164415851202987,0.5304504826354216,2.6702616577574467,0.007579215871980232,0.030769953199526252
SYNE4,103.84936333842569,1.5285598571454975,0.5724380963128334,2.6702622816182213,0.007579201788726967,0.030769953199526252
CES2,146.89314976591433,1.3039755106310897,0.48840037722332785,2.669890465778303,0.0075875994516163385,0.030798162328671573
PDCD2,184.6087193755842,1.0708162232987941,0.40136597797327483,2.667929725149985,0.007632021975336388,0.030949204760150957
ZNF358,110.77811905829667,1.2921320840311932,0.4846723982824727,2.6659906539140765,0.007676182693817008,0.031078939239531613
HROB,42.64317164812697,1.7450191404294673,0.6549396094431864,2.664397015036302,0.007712647788328253,0.03117013588277294
PFDN6,391.41197906978664,1.1924151511864434,0.447569870941051,2.6641988851467957,0.007717192161022896,0.0311735440526388
HES6,51.55643186495969,1.4334035076373535,0.5381116829724949,2.663765818499467,0.007727133476420456,0.031199300922668483
TRPC4AP,452.9255247645784,1.1581478282966022,0.4351451495305569,2.661520712217601,0.007778855490114427,0.03137271919147822
PRUNE1,282.80847654728996,1.0506618503207363,0.39484736765244016,2.660931631803531,0.007792477802524243,0.031421753784699406
UAP1L1,175.66230975620414,2.0936273983733305,0.7878089772962227,2.6575317858888896,0.007871516717137044,0.03167089553186083
MTERF3,128.2979719118437,1.2571342784835797,0.473606524329618,2.6543854738129546,0.007945300524797892,0.031924012219090574
RNF122,8.764857774302287,2.60160090922062,0.9802681129219586,2.6539687203186006,0.00795512007744627,0.03195150231368088
VSIG10L,19.690235330913374,1.4785832072267477,0.5572923850795064,2.653155231998738,0.007974318820327486,0.03202262011306659
GTF2A2,162.62744413579156,1.2549362770273493,0.4730308861325617,2.6529690001588335,0.007978719819979824,0.03203095325458287
FUT1,47.98016652942964,1.554993692228161,0.5862606188496277,2.6523932227946694,0.007992340255225555,0.03207098389624914
DHRS4,162.91266038104055,1.0279160437586192,0.38818551831150017,2.648002038380438,0.008096903700000864,0.03242120905561785
SYNC,353.04024451368923,1.0813911744624949,0.408404929785134,2.6478406493071125,0.008100769942042074,0.03242120905561785
SMIM7,312.5009858046956,1.2471880506509128,0.4711872838417071,2.6469051551694656,0.008123213241485168,0.032504970382672325
HYLS1,81.23537287897297,1.147401647002146,0.43358900701916,2.646288601480718,0.008138035301750581,0.032554835795927356
SLC26A6,85.39385492500328,1.324376282469409,0.5006968544067644,2.645066112984785,0.008167495746059454,0.032651724797026056
SNURF,48.8144185392677,1.7076065365313684,0.645968315603974,2.643483426791255,0.00820577827192539,0.032762046830794214
TM7SF2,261.33646428577134,1.8514014152492473,0.7004783817002513,2.6430528958729504,0.008216219837683595,0.032797633503848574
ADISSP,47.178239890689746,1.652602165264411,0.6256743730620852,2.6413134953513984,0.008258526272033238,0.03293122917988536
CNOT9,350.22783446109827,1.0773079399547933,0.4083676304197382,2.6380835788759476,0.008337602999509804,0.03320804758156652
STING1,65.64411179518159,1.8601984912863392,0.7060621961375554,2.634609955698484,0.008423401623740844,0.03347734952381192
FAIM2,27.845957574564594,1.6891966362514352,0.6415386213305228,2.6330396644680816,0.00846244639897236,0.03359306321160689
XKR8,29.360910126947942,1.4599152717493402,0.5545694359204841,2.6325202529889644,0.008475396970987226,0.03363203014004916
PPP1R11,406.8994980396221,1.0019486275230804,0.38107678697430836,2.6292565219687085,0.008557178443987986,0.0339063976011784
GPRC5A,908.6580041943228,1.3346446428426761,0.5077487199776907,2.628553436631642,0.008574888211926765,0.03396402750608128
URB2,228.11354842807822,1.0994464447643917,0.418447773384114,2.6274400646772116,0.008602999577911545,0.03405471625738225
HOXB2,138.72226287734344,1.1384712705673263,0.43352361904358405,2.6260882234720198,0.008637242742140304,0.03415286955990454
SLC45A3,42.882074418628235,1.889694553261366,0.7204202944128316,2.6230445864959075,0.008714786699409664,0.03435960363206529
TNK1,54.36644284747772,1.3795805580014155,0.5266141475735893,2.619717993445348,0.00880025071117603,0.0346202346951123
SMG8,260.9356162307606,1.0565258785705078,0.4034449233177978,2.6187611183256143,0.008824972224193298,0.034698406729788966
ITGA3,273.3903075923871,1.0583635357071721,0.40433946938538773,2.617512303006005,0.0088573295272397,0.03478738866298755
NDC1,331.3825104146424,1.53036426393034,0.5847359322862447,2.617188681986425,0.00886573194935305,0.0348076486705299
SOWAHB,50.13793199722204,1.5032882831084076,0.574713253583678,2.615718836714681,0.008903984355079145,0.03491950004751434
CTSB,789.7885970226034,1.1348378047730998,0.43389808630645055,2.615447821937602,0.008911053531163603,0.034934455385234
TRIM16L,92.0850620941636,1.1546425538528478,0.44158900696834796,2.6147447867415092,0.008929414944902129,0.034987263961584754
RLIG1,104.75980602156712,1.0454969892819954,0.39987715239013666,2.6145454498534724,0.008934627240683814,0.0349949079366809
NAT1,102.6697101679119,1.4666661218153447,0.5611702915698895,2.6135847600062814,0.00895978565239981,0.035067846087999253
PKN3,95.3131512551001,1.9955225698530996,0.7639038761924795,2.6122692030303187,0.00899433991000972,0.035190252409992455
NTMT1,164.17140299639752,1.3183754039242972,0.5050657263541942,2.610304629935911,0.009046162707008509,0.03535433467353899
GUSB,511.74507949005533,1.1670959081220862,0.4473041186966875,2.6091776474642354,0.00907601117485772,0.035445168300718234
NTPCR,316.4819609182762,1.1483227870591335,0.44027900122981356,2.6081706914287754,0.00910275505491559,0.03552994668869594
TTC39A,821.1800221640375,1.4611773792763785,0.5603003788612338,2.6078464952069207,0.009111380384861967,0.03555094964711597
TECR,548.5523195758093,1.0490616390770766,0.402390495306988,2.6070736046504686,0.009131972789304249,0.03562482022513529
FARSA,197.6844415156386,1.2212398226322119,0.4684820279666427,2.606801861605602,0.009139222803484724,0.03564662329385354
DDIT3,71.22890205651105,1.0314751818555652,0.3957842899499341,2.606154938555153,0.009156503175260143,0.035694560970223915
ZNF416,62.19441424527704,1.18690622212995,0.45560055785005094,2.605146551467984,0.009183497006845969,0.03578678877191111
ARL2BP,210.22095905735992,1.411158950236517,0.5417075556423642,2.605019877493024,0.009186892999256029,0.03579352283297647
TMPRSS13,90.30603606270297,1.0233298257045302,0.3928723965537137,2.60473842062004,0.009194442566231545,0.035816434465661455
COA3,216.92872427380806,1.095320596176291,0.42055474872587795,2.604466123601502,0.009201751706216482,0.0358384013821063
KCTD6,63.841370975982976,1.2851378832949627,0.493468540250246,2.6042954686498314,0.00920633515938159,0.03584974641994718
PRXL2B,134.22405422340583,1.2282391348305504,0.47190306669513804,2.602736073389465,0.009248311889473858,0.035987084886329825
ACAD8,110.70936499792992,1.1365259015568066,0.43702369853663475,2.600604739199364,0.009305960649086861,0.03613278732212846
APBB3,104.37818663465995,1.2666343496362364,0.48703919838038623,2.6006825607637696,0.009303850088650345,0.03613278732212846
ATP1B3,367.7948049442221,1.2269894659103493,0.4717992877081461,2.600659852350947,0.009304465908229044,0.03613278732212846
DNPEP,362.15657324968885,1.8243052594502316,0.7016578298700701,2.5999927340482305,0.009322573435700652,0.036184197129704464
ISY1-RAB43,280.87757019440994,4.934247780233506,1.8993022591979538,2.5979265576808,0.00937885511461233,0.0363697561907446
DTYMK,115.30721846218069,1.271558823709937,0.48979598422379655,2.5960989160109955,0.009428891656632927,0.03652751891806886
PIGX,400.41629043810616,1.111961673742185,0.42833562355734195,2.5960055913802016,0.009431453044036324,0.03652751891806886
HENMT1,225.75863307806463,1.279267932036168,0.4928928210035277,2.595428209791297,0.00944731365905733,0.03656322400117143
PLOD1,603.097454817825,1.1667856445853284,0.45023083124637897,2.5915276422880744,0.009555086505244724,0.03689387491803717
UBE2E1,301.4794143586708,1.3787647292818015,0.5321420445658503,2.5909712328907797,0.009570549136812823,0.03694621055513639
CRIPT,110.27497555770208,1.0652381985420827,0.41184982336792536,2.5864723938231577,0.009696393735186624,0.03732459364253004
RNF25,97.49672894762557,1.2300895973023276,0.4758807393331772,2.5848694759657165,0.009741586774276502,0.03746495558709207
STAU1,1720.9012758309866,1.3212288662044518,0.5117072592695949,2.582001412468447,0.009822918289802338,0.037743925962248556
STOML1,34.831034624203944,1.7285729320216527,0.6707620416298591,2.5770285507233823,0.009965371907963061,0.03821602593725648
AIF1L,950.6399201270199,1.3194029908761458,0.5125293672563006,2.5742973479534332,0.010044390877977512,0.03846406642423223
HEXB,394.2822518334287,1.047228265146868,0.4069287202242062,2.573493128157371,0.010067764615423332,0.03854422775866073
HMGCR,684.2296301325033,1.3169784930355053,0.5117552998249758,2.57345354994061,0.010068916160999631,0.03854422775866073
QSOX2,159.9747348104569,1.4744151715057978,0.5730365116955457,2.5729864352677665,0.010082515931436364,0.038582523517943
STARD5,55.66491099527324,2.1843446383069187,0.8496752157660059,2.570799521718038,0.010146404440000499,0.0387924174741512
EIF1B,83.87761595700448,1.2250504716943917,0.4766342440805608,2.5702107788279966,0.010163665445386648,0.038816917682505336
PEX12,24.68810668249936,1.628148799909763,0.6345466366454404,2.5658457643350623,0.010292458292292542,0.039238968724924134
PRIM1,123.06611071745515,1.166393842028991,0.45553022235593776,2.5605191154970295,0.010451591351976847,0.03973271043639028
CNIH4,498.4235951957095,1.0456887160586668,0.40849313023971695,2.5598685477159013,0.010471176235280457,0.03978602018575046
SIGIRR,70.76297810835001,1.3367400025509657,0.5224070079277242,2.5588094766445124,0.01050312866649408,0.03985319411280773
CDKN2AIP,87.25961656414673,1.0621906706558708,0.4153612178179785,2.557269733163554,0.010549737822170098,0.03999953598299828
SLC29A3,53.648695827037635,1.1734894252327062,0.45903372798870684,2.556433990971523,0.01057511330002791,0.04007450669585007
RAD54L,182.26523137040962,1.5962516323762417,0.625228534532389,2.5530690686887554,0.010677831951455313,0.04039640596392448
GPC4,428.5684458813415,1.3589326603303147,0.532404023861394,2.552446261533326,0.010696940958886538,0.04045758776484052
ZBTB48,40.405306046220545,1.1895345830197694,0.4660718886072431,2.552255589957251,0.010702797232403242,0.04047260415988962
SFT2D3,64.31356559365904,2.3932657459512954,0.9386817657839591,2.5496028933219033,0.010784568200222304,0.040668550641455435
CXCR4,130.88670742850874,2.237089606576,0.8778000293335119,2.5485184914775605,0.010818155147861426,0.040751862975243476
LEPR,70.83854722758726,1.6579590608532202,0.6505601941913602,2.548509846831386,0.010818423269802521,0.040751862975243476
GPR180,143.8916166267241,1.3040100227223048,0.5119342119617083,2.5472218739306336,0.010858437040901624,0.040881062964517344
RING1,335.4859481922188,1.3579823356299705,0.5332558950569709,2.546586635455552,0.010878220547253488,0.040934001919000505
TMEM216,73.9245497131687,1.2217967948084902,0.47981477494222613,2.546392605262323,0.010884269697123503,0.040949584098925386
SLC39A14,213.31299794907142,1.3921179309598049,0.5467430903169971,2.5462012334763418,0.010890238895925719,0.04096486007126484
RNPEPL1,100.35388635223353,1.1996704278503922,0.47120125800784,2.545983075092791,0.010897047161217848,0.040983286379203475
MARCHF5,378.9843077996396,1.4123392004010715,0.5547784328489983,2.545771639225722,0.010903649240368393,0.04100074569554521
SLC10A3,155.217256898642,1.9118445403084119,0.7510417036303669,2.5455903860824036,0.010909311694451277,0.04100074569554521
SLC16A2,319.64514787589627,1.5320176320453531,0.6019599109744941,2.5450492700838128,0.01092623202468899,0.04104988432244848
FAM83G,250.1736130676139,1.2901606018180196,0.507110785410771,2.544139542946145,0.010954731144276982,0.04112096035616303
TOMM40,500.44106538450706,1.0158075781859657,0.39983424750023433,2.540571710744639,0.011067139575146505,0.04148503151651565
ERH,535.3848518606832,1.0691242235868912,0.42085730399407034,2.540348506347782,0.01107420581014915,0.0414968494300333
TACC3,509.6770064198446,1.1041667348566397,0.43479314852870893,2.5395219280547905,0.011100408655076601,0.041569678668717844
DBNDD2,27.080769810280895,2.032594382501787,0.8005658858654233,2.5389470353267964,0.01111866543126765,0.04161984304116584
SCARB1,116.46731785201776,1.1698281841442624,0.4607499223117627,2.5389655591796445,0.011118076756630988,0.04161984304116584
BCL2L1,659.2282860129001,1.3504658863932624,0.5325011529125404,2.536080680777544,0.01121009039148255,0.041845284362709255
BEST1,16.700356979155124,1.958411995961117,0.7727980605738273,2.5341833732177506,0.01127097335257471,0.04204329708782432
ADORA1,38.851093161159014,2.2308036528619044,0.88039255877393,2.53387381643549,0.011280934574517513,0.04207314146144349
GTF2H5,198.59538622701123,1.3102412927099385,0.5171783355966065,2.533441953245142,0.011294844552176764,0.04211038292038106
SLC25A21,25.171089650666236,1.9397706327618998,0.765875208317251,2.53275025969816,0.011317155194957818,0.04215694332299857
LITAF,944.640021023563,1.4349266051752612,0.5665892584276477,2.532569376901624,0.01132299603754871,0.042171380591078673
SDR16C5,201.02103153057948,2.022569459701358,0.7993199070541193,2.5303629270982446,0.01139445972008464,0.042364016908007
RPL31,2101.3457630639814,1.269313634024119,0.5021672007656356,2.527671325584076,0.011482178684454463,0.04266797481703771
PDE7A,234.90692862333705,1.0545492120991693,0.4179211842784481,2.5233207881526183,0.01162522985267745,0.043124880317797425
RFK,132.22254446809947,1.0157601576104458,0.40257947889503665,2.5231294958163577,0.011631555920912336,0.04313514717236427
SDC4,945.2454857709348,1.271453735761916,0.503922121470333,2.523115540258673,0.01163201755295769,0.04313514717236427
LPCAT1,1145.2621979007804,1.363191860513207,0.5403002881898828,2.5230263435175653,0.011634968451352156,0.04313863561956069
BLVRB,478.5408764141437,1.388224365648848,0.5502661934122999,2.5228232849272794,0.011641688721853892,0.04315326637693375
COMMD9,129.71020651462686,1.314232053899489,0.5211522788029227,2.5217812669230883,0.011676228754055997,0.04322629375430079
TENT5B,51.02093526360001,1.6340597176618372,0.6479890995915065,2.521739514896086,0.011677614611324015,0.04322629375430079
STK35,415.76454144749266,1.0082214133596596,0.40001513673554584,2.520458154627797,0.011720217277971899,0.04336480392849603
GLIPR2,12.116257393857266,2.0020141754984375,0.7946386591097785,2.51940193514026,0.011755438065786439,0.043465144881422633
SPOUT1,230.81166772004934,1.3654027636461397,0.5420107559607875,2.519143298597051,0.01176407687863227,0.043482102965113414
TEX10,185.30682242624772,1.0018211242244432,0.39777338190333855,2.5185725586532386,0.01178316029592931,0.04353764117607489
POLR2K,332.325654679433,1.0032683629923433,0.39837158522945654,2.518423502555973,0.011788148695914154,0.04354107934841958
TUSC3,229.08440767796426,2.033826419194588,0.8078282217451893,2.5176471487970757,0.011814160907963842,0.04361463841130295
LHX2,8.76356011878617,2.5089630581094204,0.9975083670631714,2.515230088240984,0.011895472266618586,0.04385446398241451
JAK1,976.0117251847028,1.2950879330856002,0.51495898755621206,2.514934129476147,0.011905462518405904,0.0438668091408185
SRD5A1,130.72665610376356,1.3719561144787458,0.5458005305510492,2.513658447883142,0.01194860904818691,0.043997451985945624
TEX19,9.82969354618824,2.747887282053797,1.093990314890232,2.5118022021333095,0.012011639242099954,0.04416134626271458
BRI3,83.00177852274915,1.515317713493074,0.6033054742987787,2.5116922985894106,0.012015380323195542,0.04416753369917375
CHEK2,111.24095810180052,1.3037819691174588,0.5196181128112105,2.5091157081954023,0.012103383088251572,0.044414945464069544
UNC93B1,118.93251443400405,1.7506450446564203,0.6979255013539261,2.5083551772507136,0.012129467785105773,0.044457451523205786
HTD2,30.15182167081161,1.397499905419746,0.5576337718089608,2.5061249444886813,0.01220624781800828,0.04467020432715855
SCARA3,67.9064789410397,2.392501877592213,0.9558509374377775,2.5030073036340523,0.012314300284103645,0.044988914555135213
ELOVL4,14.859840169942531,2.5953384042001177,1.0375007435860408,2.5015291991305295,0.012365824490812445,0.04514640925022713
CILK1,377.65569064329736,1.0411691131146812,0.4163192459602657,2.5008911387537736,0.012388125133434576,0.045190585131348326
SLC66A3,213.10236521589417,1.3854936951269803,0.5540020813117283,2.5008817509250196,0.012388453510145489,0.045190585131348326
NCLN,160.76299309225982,1.0269922436026315,0.4107396959523459,2.5003481614345437,0.012407130605561017,0.0452510235886029
UBE2R2,640.3107014731015,1.1451761834048368,0.4580542814496544,2.5000883733267876,0.012416232925309271,0.04526883428085915
UNC119,162.29878389817057,1.0421168058191357,0.4171786246668395,2.4980110298109692,0.012489230782386368,0.04551178342503166
DERA,110.51310551375235,1.175566399930553,0.4708617867001845,2.4966273185364276,0.012538065038396858,0.04567422775827475
SLC25A20,23.483973984625116,1.8865590278800113,0.7567809537537619,2.492873292492839,0.012671405580930618,0.04608955318080866
ARRDC4,132.1649226763881,1.1069854500763514,0.4442190525570138,2.491981025361973,0.012703282359838287,0.046182015829600145
B3GALNT1,263.09985723990803,1.0539606313567178,0.42299399472016663,2.4916680721530566,0.012714479602586556,0.046199243527177025
KIF12,162.94909776006605,1.1776403052574322,0.47289045280631253,2.49030256007256,0.012763438930801781,0.04636144202014324
SLC5A6,546.0040475329662,1.3195883607322123,0.529982676218843,2.4898707447322703,0.012778956004759853,0.046409950222058974
IL27RA,35.633869670558354,1.7970243787120141,0.7223816382840886,2.4876385050159655,0.012859436966136223,0.0466390936780942
ING4,137.1476821110383,1.529201124017876,0.6148598220650024,2.4870727751929937,0.012879904835245166,0.04669114537181703
PPP3CB,380.8091306690532,1.3057736987818815,0.5253272622306545,2.485638558405061,0.012931923418622995,0.04683075878563103
C8orf76,143.2742118034509,1.1523909214933812,0.46374943886389514,2.484942999212111,0.012957217988423827,0.04688660498041587
DCLRE1B,88.28199555168602,1.493789752518718,0.6013125833273701,2.4842150221650363,0.01298373832483338,0.046970840264822046
APRT,154.7784240573286,1.2054624023068143,0.48545216210025205,2.483174443165568,0.013021730175686497,0.04706860865255722
PGLS,107.9504354925466,1.0615470589685203,0.4275181499325725,2.483045594990402,0.013026441296017889,0.04707768777639532
RASL11A,14.097704219068737,1.9409531502652668,0.7818579329008322,2.482488273878587,0.013046836187766279,0.047127605552847056
CYB561,1555.838829120372,1.1406967369179986,0.4595265727296197,2.482330303865086,0.01305262215730004,0.04714057076668779
CHRDL1,3.022099500802576,3.656239164464944,1.4741490402864854,2.480237116156445,0.013129503910319907,0.04733061547378888
LRRC42,181.5499605839104,1.3019935003627636,0.5260254087465774,2.4751532506104157,0.013317901516518014,0.047857283094253196
FASTK,137.40004758187433,1.580636932191702,0.6390379473173016,2.473463334731933,0.013381053390528584,0.04806751587987096
APOM,6.922956287746223,2.63829577949348,1.0666967365204294,2.473332568823277,0.013385951105210797,0.04806926401745667
LY6G5B,34.407597569779,1.16652023554865,0.47168836360405014,2.473074015724211,0.013395639633008058,0.04808806064308346
KCNH2,33.33042098118824,1.418880470049693,0.5737716561244467,2.472900943963584,0.013402128457743655,0.048103307694125914
WBP1L,279.0497607511085,1.4353583942238377,0.5805446625691942,2.4724340550676573,0.013419646962402915,0.04815007921972355
TNKS2,677.1525988825687,1.0198925942314812,0.4125569594800435,2.472125535142781,0.013431234282469725,0.048183598746539665
YPEL1,62.9672734194347,1.4126310560676398,0.5718859481139421,2.470127235555346,0.013506500288251556,0.04838889752685783
PLAGL2,183.59963303552416,1.131551515888737,0.45828488192924766,2.4691006849827346,0.013545310050415548,0.04847129459428342
MIEN1,249.59885944674997,1.0599438208448586,0.42979777882366565,2.4661454131891287,0.013657587680744807,0.04882422649155148
SH3YL1,405.91684177926544,1.016628985204998,0.4122997720277523,2.4657519944895037,0.013672596404463982,0.048869739979979523
KREMEN1,234.72306608353682,1.3432619178262046,0.5453539519846978,2.4631010978057337,0.013774107109896088,0.049142533429487954
C4orf33,65.44291407053585,1.6071030325757385,0.6525070144429274,2.462966676224607,0.013779272195498208,0.04914462046125836
HEMK1,129.268559566058,1.053410406492625,0.42797963064452155,2.4613564082622994,0.01384127907537071,0.04931032181919558
ALG12,99.29337865528592,1.390709577667477,0.5652795031622112,2.460215822239715,0.01388534876486502,0.049416183166501385
FAM110A,102.25347299010909,1.1022852487369674,0.4484096419279593,2.4582104077816833,0.013963133946941155,0.04964361406583121
SLC27A4,216.902361936872,1.4634633325751476,0.5953704491766262,2.4580718351054536,0.013968523026979682,0.049647521046133784
PGD,1249.714807379585,1.2236069230963147,0.49827914779175114,2.4556655210619094,0.014062397587160732,0.049919689357280014
RAB15,392.76497564176117,1.177286717446161,0.4794479978407367,2.455504502570126,0.014068699032284694,0.049919689357280014
SPINDOC,116.68972037580629,1.05026195727385,0.4277004462771584,2.455601733446075,0.01406489361213179,0.049919689357280014
