gene_name,baseMean,log2FoldChange,lfcSE,stat,pvalue,padj
RMRP,3423.2105343284347,-11.979956158169859,0.5685505760645673,-21.071047436260727,1.4665138110578032e-98,4.4959123407572084e-95
RN7SL1,17365.889456002067,-8.543923016951256,0.5536692902841418,-15.431455504000473,1.0057614424705056e-53,1.1359810818640552e-50
MALAT1,353491.86058118276,-8.201037815726009,0.600045180906899,-13.66736718613603,1.5904627882355927e-42,1.218976122697708e-39
ZNF460,300.6048301024744,-4.155507603702457,0.30955425392810304,-13.424165718839108,4.3647205222373286e-41,3.021512980877841e-38
RGPD5,698.70630326521,-5.251241479320145,0.3957572045967829,-13.268846197431506,3.5094258018653963e-40,2.282190233576709e-37
LRRC26,141.73582504032817,-7.548293883260362,0.5909818591703003,-12.772462921040708,2.336425944289914e-37,1.2534925191115387e-34
SCARNA21,955.812412811861,-13.755427397996682,1.0856335392424152,-12.670414924354304,8.625693057468342e-37,4.407318405077872e-34
BOLA2,64.54602941623058,-7.0411990580664465,0.580600823904118,-12.127435525701646,7.557934351853598e-34,3.450920663633579e-31
SNORA24,525.2615549601413,-13.860985301145005,1.1469402438435063,-12.085185235715088,1.2648478227584383e-33,5.428726855279217e-31
SCARNA7,268.05540806348563,-10.31656428600343,0.86090016914941625,-11.983461794642656,4.338221814302491e-33,1.7565705685836125e-30
SNORA49,900.2325576219796,-12.927521081041741,1.08174300837975,-11.950639829329488,6.442729825101273e-33,2.513836037212242e-30
RN7SL2,26343.826096107572,-8.644945899688292,0.7279066369900298,-11.876448792163854,1.5689209834223554e-32,5.805007638662715e-30
RBM33,1154.793478827942,-3.1105366311128027,0.26650516644165817,-11.671580977750928,1.78082668129487e-31,5.790384936452714e-29
SNRPD1,2563.110797163797,-3.6680746232419277,0.3194066687694992,-11.484026421154672,1.5871327690550113e-30,4.7971646794254285e-28
SNORA22,198.00826014681275,-9.089115356680729,0.8242229891687088,-11.027495563849522,2.8159778355447504e-28,7.553860543848793e-26
SNORA64,378.1166608274061,-13.387811235210288,1.2214121647515557,-10.960928359456341,5.889210887966244e-28,1.5226803091054893e-25
RN7SL4P,255.25266659119137,-10.635521890724291,0.9814148115705762,-10.836928244137736,2.3006661559705e-27,5.547448955856958e-25
NBPF14,2891.959819994893,-2.984358752992879,0.2777670025927554,-10.74410828189106,6.316937190525046e-27,1.426962864301763e-24
RNVU1-18,366.8600194803449,-12.16668468398269,1.1585819911127315,-10.501358365062707,8.514594306434065e-26,1.691881424222917e-23
RNVU1-29,366.8600194803449,-12.16668468398269,1.1585819911127315,-10.501358365062707,8.514594306434065e-26,1.691881424222917e-23
RN7SL3,87.9781427395903,-7.57971448326059,0.7227635039111145,-10.487129527493053,9.899011040123795e-26,1.9489245589087764e-23
SNORA48,131.304426982563,-11.862666947186883,1.1313302626263873,-10.485591466145049,1.006141329776335e-25,1.9628902670000136e-23
PNN,3165.2903520820432,-2.9748906295701927,0.2845941704621343,-10.453097562537762,1.4181623739867682e-25,2.717300405871076e-23
P3R3URF-PIK3R3,134.37789868201352,-9.226788913139993,0.8939268354158116,-10.321637686207435,5.625531809902287e-25,1.0318283131666928e-22
SNORA20,198.062853819212,-12.45429708012738,1.2085295654002175,-10.305330905167393,6.666186183272914e-25,1.202154247840645e-22
STEAP1B,58.616545038293395,-5.520951602571419,0.5362371732384995,-10.295727111249509,7.3660943527168535e-25,1.3173032067441974e-22
SNORA63,242.97579646938757,-12.750187514816421,1.2395436502604131,-10.286194852547355,8.132702544317772e-25,1.442378484306276e-22
SCARNA9,186.26756286133562,-7.383028506095687,0.7213659534493141,-10.23478925057758,1.384963900216958e-24,2.4361742048078625e-22
SNORA11,81.90514349692083,-4.4870582264627865,0.44012403194061317,-10.194985733176766,2.0877518293558985e-24,3.5558058934902847e-22
EIF3CL,170.8932143731751,-5.266862624744153,0.5175868086695867,-10.175805365446193,2.5428764368506434e-24,4.296860498804316e-22
RNA5S1,147.40147750783785,-11.557709890824576,1.1406763031408287,-10.13233102064158,3.970688661106046e-24,6.40684050130344e-22
RNA5S16,147.40147750783785,-11.557709890824576,1.1406763031408287,-10.13233102064158,3.970688661106046e-24,6.40684050130344e-22
RNA5S2,147.40147750783785,-11.557709890824576,1.1406763031408287,-10.13233102064158,3.970688661106046e-24,6.40684050130344e-22
RNA5S3,147.40147750783785,-11.557709890824576,1.1406763031408287,-10.13233102064158,3.970688661106046e-24,6.40684050130344e-22
SNHG25,247.16383148288713,-5.919427670661001,0.5890193850650871,-10.049631337696805,9.221173882963003e-24,1.4444262155356645e-21
SNORA81,116.10828395546838,-11.686457097334072,1.1741550365546445,-9.953078369979117,2.4450064779335433e-23,3.695059085665763e-21
SNORA17B,132.51788131468567,-11.872763043331084,1.198951237897041,-9.902623783228995,4.0549456276626183e-23,6.085254067806979e-21
SNORA18,242.69762709599001,-12.746514317091657,1.2903300722210018,-9.878491241509632,5.160399597943581e-23,7.585080504922551e-21
SCARNA13,175.86956002870477,-11.348884272176564,1.1495203724498226,-9.872712606206507,5.466591169124667e-23,7.980479353021453e-21
TSIX,122.33185267127698,-3.7990234908631653,0.3898192429445091,-9.74560276236532,1.9263225214075423e-22,2.719663244039859e-20
SNORA70,111.7010858962209,-10.645143178837612,1.1086463643260183,-9.601928551228449,7.846235940639283e-22,1.0724854986377007e-19
ESRG,48.71177020981465,-6.345199478844756,0.6613947651065871,-9.593664500538033,8.50108564706903e-22,1.1546411264943128e-19
PRRC2C,8767.50535212748,-2.4205712859650084,0.25300708001633654,-9.567207707423497,1.098318979635038e-21,1.4823852391803723e-19
FAM66A,152.59456093492955,-2.866727902019397,0.30107287817669354,-9.521707565890319,1.7035645170639076e-21,2.229176496109235e-19
SNHG22,120.06239492163988,-7.9708423108851765,0.8394652431220572,-9.495142742587886,2.1990988152356428e-21,2.8090869389855295e-19
SNORA12,157.1303338507313,-8.881331787473293,0.9366225893845711,-9.482295097440444,2.4875064959415545e-21,3.1586916806453113e-19
RNA5S17,88.9794057758657,-10.828566964766997,1.1435154073049538,-9.469541814296887,2.810738620017614e-21,3.5481441638575294e-19
SCARNA10,156.7645805293925,-8.6088039287628,0.9124514001109597,-9.434808174677485,3.9171032631872755e-21,4.80348777302851e-19
RNA5S9,65.07346237559595,-10.847549580024719,1.1544959957971048,-9.39591788929089,5.672107617080806e-21,6.87702991313865e-19
RBM5,976.0514359011429,-2.465564023342611,0.26560775380342755,-9.282726080230848,1.6519679453889246e-20,1.9162828166511525e-18
SNORA7B,93.5430952467105,-11.375185897661673,1.2279215607907359,-9.263772427235887,1.973341186369244e-20,2.2525479712491475e-18
SNORA73B,304.2655245794912,-7.150719813846326,0.7731924954021846,-9.248304731833695,2.2808128825782317e-20,2.576118129480466e-18
SNORA27,88.22308384523227,-11.290508910782439,1.22093777820621,-9.247407289968818,2.3000393147765386e-20,2.584232654193954e-18
DANT2,104.96168430581464,-3.815346201237438,0.4133291737445429,-9.230769187358412,2.6869535369134343e-20,3.0032303594876195e-18
RNA5S10,74.08730359974169,-10.564889228134257,1.1497558709752393,-9.18881085527571,3.9720793538785905e-20,4.178471712462478e-18
RNA5S11,74.08730359974169,-10.564889228134257,1.1497558709752393,-9.18881085527571,3.9720793538785905e-20,4.178471712462478e-18
RNA5S12,74.08730359974169,-10.564889228134257,1.1497558709752393,-9.18881085527571,3.9720793538785905e-20,4.178471712462478e-18
RNA5S13,74.08730359974169,-10.564889228134257,1.1497558709752393,-9.18881085527571,3.9720793538785905e-20,4.178471712462478e-18
RNA5S14,74.08730359974169,-10.564889228134257,1.1497558709752393,-9.18881085527571,3.9720793538785905e-20,4.178471712462478e-18
RNA5S15,74.08730359974169,-10.564889228134257,1.1497558709752393,-9.18881085527571,3.9720793538785905e-20,4.178471712462478e-18
RNA5S4,74.08730359974169,-10.564889228134257,1.1497558709752393,-9.18881085527571,3.9720793538785905e-20,4.178471712462478e-18
RNA5S5,74.08730359974169,-10.564889228134257,1.1497558709752393,-9.18881085527571,3.9720793538785905e-20,4.178471712462478e-18
RNA5S6,74.08730359974169,-10.564889228134257,1.1497558709752393,-9.18881085527571,3.9720793538785905e-20,4.178471712462478e-18
RNA5S7,74.08730359974169,-10.564889228134257,1.1497558709752393,-9.18881085527571,3.9720793538785905e-20,4.178471712462478e-18
RNA5S8,74.08730359974169,-10.564889228134257,1.1497558709752393,-9.18881085527571,3.9720793538785905e-20,4.178471712462478e-18
ARPC4-TTLL3,115.32565911351102,-3.2614670839955737,0.35677976479551177,-9.141401519407589,6.164812525913524e-20,6.360426769524241e-18
AHNAK,27499.069819796947,-3.119330499928455,0.3414039425861129,-9.136773513216417,6.434334516328953e-20,6.606737737819107e-18
ZNF652,2619.201346691715,-2.9058261566618744,0.31918124506380285,-9.104000318317617,8.706452516793065e-20,8.771853099078834e-18
SCARNA2,65.91479085642271,-10.870767699772095,1.1978120582522296,-9.07552034134138,1.1313561713660933e-19,1.1240233072924241e-17
DYNC2I1,896.6097415984705,-3.153793890765469,0.3485529020143257,-9.04825027288353,1.4527748589082842e-19,1.436707302865059e-17
HELLPAR,647.4720359582295,-3.1722964234334827,0.35141559221879703,-9.027193140190432,1.7613137938635493e-19,1.7338437622161363e-17
SNORA59B,58.89692022297293,-5.5215229595586255,0.6124832604445983,-9.014977740861982,1.9691044771828334e-19,1.9295425607462835e-17
SNORA23,176.2384846743391,-10.617981100775683,1.181209645799104,-8.9890741567662,2.4932177129459324e-19,2.4210159330235162e-17
CASC3,1649.5516657515861,-2.031388508888949,0.22645162811097186,-8.970518453916673,2.951219903094769e-19,2.827374067875614e-17
ANKRD12,1324.3271958045361,-3.3769027311847157,0.37722591012041196,-8.951937395039476,3.4929704951976184e-19,3.3315176367529284e-17
SNORA14B,76.30373337517318,-7.1539746949109535,0.8013315888323442,-8.927608488934434,4.353171429146362e-19,4.115377042708411e-17
NDUFC2-KCTD14,222.12284948978524,-5.706979550848409,0.6398477042946736,-8.919277997784505,4.693378857964596e-19,4.417539925084221e-17
BRD4,1295.9338025320785,-3.1107185154614845,0.34959644078716673,-8.898026846203736,5.684826988441725e-19,5.3041907466069314e-17
UBN2,755.6803350833787,-2.7665981349502156,0.31285757402447445,-8.842995550217328,9.318594166447524e-19,8.473603000506943e-17
SNORA22C,126.72832066815187,-10.075431792328622,1.1493815169426687,-8.765959469340576,1.8519264084769563e-18,1.6490597811583187e-16
SNORA16A,56.83009155067254,-10.65017704121808,1.226535073678463,-8.683141044860191,3.849865014206071e-18,3.3721674777494803e-16
SNORA24B,49.341600119012185,-10.445793959751922,1.2040367960426133,-8.675643463791804,4.1121862673508474e-18,3.5872974511117556e-16
SCARNA1,37.5894239693149,-10.059951870479345,1.164129676902328,-8.641607606163097,5.54275103669198e-18,4.757897489896396e-16
SNORA62,53.80190808528472,-9.62260372465247,1.1161966415638245,-8.620885752864224,6.643817144911984e-18,5.657790314675047e-16
SCGB3A2,31.932885600057546,-6.392951890052977,0.7422076976694238,-8.613427090728411,7.090832873418013e-18,5.990916278092541e-16
SNORA73A,66.32300625503999,-10.878868995122641,1.2702828774757577,-8.564131019966657,1.0889395909077401e-17,9.092857440031169e-16
OR5AS1,45.32933017562834,-4.156170985391045,0.4856235649472216,-8.558421142192193,1.1442370514121584e-17,9.517568652443768e-16
SNORA7A,42.63180850696891,-10.242197128193364,1.2039796338125845,-8.506952144829802,1.785651906213867e-17,1.4738496118211378e-15
SCARNA5,163.1502776103439,-9.846789326354047,1.1598002339657694,-8.490073581623944,2.0650630839806918e-17,1.6979407579396801e-15
VTRNA1-3,92.43120523480724,-6.541345343760502,0.772598529925894,-8.466681064469451,2.524842110091677e-17,2.052390594036643e-15
SNHG27,82.26576389928903,-6.4944488523271,0.768015577788797,-8.456142088973438,2.7636881874471286e-17,2.238065981230769e-15
SNORA63C,54.32509128336295,-10.592809077116481,1.2669794586058531,-8.360679413676127,6.235808644434915e-17,4.919869614322547e-15
AGO2,956.4893718820429,-2.787476485763832,0.33390416382633537,-8.348133350063906,6.9350250907418e-17,5.451488587813884e-15
SCARNA22,44.24205638978089,-10.285427541466454,1.2370973889901755,-8.31416154702444,9.24032106533914e-17,7.237127374532041e-15
RBM28,710.2729673571363,-2.42220087015334,0.2916684052584992,-8.304639194658735,1.0012322922185143e-16,7.784943837322216e-15
TERC,37.79302009086889,-10.058856447787749,1.2171945060502873,-8.263968000010161,1.4090840141380733e-16,1.0799622479786805e-14
SNORA67,33.25361444725331,-9.876822805787066,1.2010418835558556,-8.223545690634305,1.9757345184133461e-16,1.498207164846304e-14
RNVU1-28,27.647755206504275,-9.62144938286416,1.1773721075322183,-8.17196986518629,3.033943264110246e-16,2.2765182674058e-14
DDX11L5,24.38263696290504,-4.386007630254703,0.5383167186703299,-8.147634056561289,3.711133848248877e-16,2.7653101522021145e-14
SNORA68,66.86781091273495,-10.612020939760507,1.3026923273258832,-8.14622203352073,3.75470436660604e-16,2.7880953531960424e-14
SNORA53,48.25031913830955,-7.643344507814761,0.9553810512799868,-8.00030992615404,1.2410643321412788e-15,8.818953830381405e-14
SLC45A4,269.2247052702582,-3.5728028623520935,0.44880641000020316,-7.960676992894277,1.7110051260514593e-15,1.2038744263955513e-13
ARHGAP11B,100.92820901360042,-3.4245470631023918,0.43162993264866883,-7.93398882716007,2.122171975761334e-15,1.4882944640470008e-13
KIAA1328,232.62656846155772,-2.743353957464985,0.34631644892724545,-7.921523698810252,2.3461752702927284e-15,1.6400300097876858e-13
SNORA84,35.45748468561843,-9.966975433876398,1.2612164194597784,-7.902668630135334,2.729946369170223e-15,1.895943335999773e-13
SMG1,2698.9612392923527,-2.4095030475581694,0.30571381492105354,-7.881564162157313,3.2330802385848727e-15,2.2309293221875039e-13
ANKRD36,508.9445253056291,-3.524687350247156,0.448438438921516,-7.85991352285488,3.8439874913440715e-15,2.627132852364451e-13
NIFK,695.9732274942,-2.1595879219965046,0.27483833611385183,-7.857666264948915,3.913563464465918e-15,2.666192760236146e-13
CCEPR,31.45759229852691,-5.252987085721116,0.6705013118192776,-7.834417313022305,4.710219262388163e-15,3.1886847120141953e-13
RSRC2,1703.5874567101105,-2.8282067135548163,0.3612522320133579,-7.828897548376224,4.921664872424607e-15,3.3213499422085557e-13
SNORA2C,55.876731310967834,-8.247997932247198,1.0615004973027162,-7.770131010965559,7.84049894961597e-15,5.241654437967561e-13
NICOL1,23.8947299756865,-6.100388999027587,0.7915413943850242,-7.706974066425406,1.2883596841998045e-14,8.507138099362402e-13
ANKRD36C,348.8977473361412,-3.617293882248727,0.46979688228621763,-7.6996975046865845,1.3638871221495766e-14,8.950769920895999e-13
NFAT5,445.06955959329787,-2.206912888884541,0.286766168254401,-7.695862110647258,1.405433105635516e-14,9.195303185042125e-13
COX19,225.28502478022403,-3.216143962965686,0.4183884690055156,-7.686980405101193,1.5064819714647173e-14,9.826475108702987e-13
SLFN12L,35.873260338165615,-4.371308246633156,0.5706159158993981,-7.660684051798925,1.8494533354814637e-14,1.1990715582910033e-12
PCDHGB7,48.90218665108702,-4.293546534307509,0.5630082149898171,-7.6260815028874225,2.4199686631787548e-14,1.545610937851669e-12
DYNC1LI1,407.3546132629028,-2.4219341389588807,0.32033882991776635,-7.560538756979949,4.0140325593326475e-14,2.511403461320076e-12
XRN1,966.955855765555,-2.883552288358717,0.3826108604453903,-7.53651447583591,4.826994087624012e-14,3.0025302353742406e-12
OR2M3,57.23364638291527,-3.3722192268876223,0.44852162928346534,-7.5185208621374695,5.5399406860867885e-14,3.416296756420186e-12
CHD6,2684.8795029667285,-3.4733023017973625,0.4621355663262416,-7.515764972188718,5.6579117197788676e-14,3.4790482953138825e-12
SNORA44,22.95744435585739,-9.346885250517518,1.252610377889901,-7.461925444257392,8.526713244414616e-14,5.111264419696583e-12
SAFB2,881.494690189721,-1.9776662702293597,0.2659389560968064,-7.4365422022242385,1.0335495788009379e-13,6.178265727317027e-12
SNHG8,678.3131628331191,-3.6286461802223964,0.4900779972116044,-7.40422177871338,1.3192179493766771e-13,7.799013000998207e-12
KDM6B,312.5490908675367,-2.213937967222576,0.2998763607746244,-7.382835917788422,1.5495294766535211e-13,9.110384265475223e-12
TPD52,1675.7501026105663,-1.8834112763696516,0.2551467763375499,-7.381677728422353,1.5630717728540204e-13,9.164896241925486e-12
LUC7L3,2816.379011033947,-2.399400432309467,0.3252737808472275,-7.376556530501306,1.6243593301268545e-13,9.498297336382097e-12
GCC2,1332.4035229059639,-2.350916859448253,0.318884035964973,-7.372325341825777,1.6767719856992995e-13,9.751633282684815e-12
Metazoa_SRP,292.3468672076918,-4.249821133822167,0.5773795114320239,-7.360533322842904,1.8317689962420457e-13,1.0624260178203865e-11
INO80D,395.5914863367548,-2.2753628425194874,0.30938694163966424,-7.3544243026570575,1.9175173282434511e-13,1.1091623143963467e-11
PRNCR1,27.238421412214237,-5.675229825019054,0.7756178501339107,-7.317043856119638,2.534930267128146e-13,1.442960305903714e-11
RNVU1-31,50.16169700401133,-10.46897918837317,1.43088712088876,-7.3164256184447485,2.546630746077354e-13,1.445785603460847e-11
ABCF1,2064.514565886296,-2.377344082642066,0.32566972615710843,-7.299862074054731,2.8806286772733453e-13,1.6225273337082937e-11
SNORA79B,40.1935796626844,-8.319179092721077,1.1396189396554492,-7.299965631701668,2.878412426552133e-13,1.6225273337082937e-11
PUM1,1722.5443454304336,-1.7678496766465512,0.24221159283233004,-7.29878225882581,2.9038380291050425e-13,1.63131843205744e-11
POLR1A,1095.4973216290541,-2.228972150524997,0.30568434033437486,-7.291744641177304,3.059666822839605e-13,1.7143720631367604e-11
SNORA58B,15.746442274712269,-8.795742516683454,1.2134196826046504,-7.248722468225558,4.2072095418581404e-13,2.3042404373281146e-11
SCARNA12,24.831456255861923,-8.611332809847708,1.1935020606968076,-7.215180512399044,5.386247773781914e-13,2.8969643414877165e-11
RNVU1-7,1016.8461938901573,-11.13246986181474,1.544312347497891,-7.208690573413902,5.649246810864213e-13,3.03082091402865e-11
MINDY2,303.79477625521747,-2.154366828522665,0.29904829309307585,-7.204076660127064,5.843848331317656e-13,3.1196264972655944e-11
CDH17,32.33139741421863,-3.4389427220973197,0.47759620324280255,-7.200523577757619,5.998178400378249e-13,3.194067207744844e-11
SNORA63D,16.04676743939507,-8.840768364708548,1.2299478493758484,-7.1879213164972,6.578515221824536e-13,3.485800905193939e-11
CHD3,3275.0617442949474,-2.4370536270482854,0.3400705359406956,-7.166318070770117,7.70416630779035e-13,4.072202191260613e-11
LRRTM2,42.93955691189228,-4.972868430469988,0.6958715414029907,-7.1462448664646825,8.918391298798266e-13,4.6680165188344094e-11
ZC3H4,491.2313522254259,-2.1473334661090826,0.3005264071817526,-7.145240533922253,8.983843542674798e-13,4.690834122282267e-11
SYN3,36.79307197577319,-4.8267164942782665,0.6775936167829723,-7.12332048993346,1.0535744471847936e-12,5.4163387755341916e-11
SCARNA16,23.9842972202755,-8.512629796503948,1.1974949980003196,-7.108697581801236,1.1714310928134878e-12,5.985455059947012e-11
KAT6B,2363.627913203815,-2.3993253986130645,0.3392380030080097,-7.072690492628605,1.5195816793753089e-12,7.654981887181721e-11
GOLGB1,7230.204513881428,-1.7406790217159323,0.24631967841453406,-7.066747703309861,1.5860693404310825e-12,7.971205631300008e-11
SNORA6,22.08930000975276,-8.333319964680683,1.1797700857609774,-7.063511836126537,1.6234636569418353e-12,8.140077121021446e-11
RBM25,1912.6659609424835,-1.902205214548105,0.2693936963928206,-7.061060596512157,1.652365129885585e-12,8.246454811010385e-11
SCARNA23,20.283999025616048,-9.168988716540005,1.298980141184602,-7.058605767581917,1.6818146267136827e-12,8.373954034634717e-11
FAM157D,108.1057413383634,-7.542611799481455,1.0691049492751208,-7.055071445133174,1.7251206276588632e-12,8.549905004517137e-11
SNORA3A,19.323992126659093,-9.108842865554143,1.2916138920431852,-7.0522955208735,1.7598992826429249e-12,8.702174793897965e-11
ATXN1,846.1257678069422,-2.497914562813226,0.35424073521506666,-7.051460530920285,1.7704945110186112e-12,8.734439587691816e-11
TIMM13,322.99666873606697,-2.9237171035669225,0.4147676221562691,-7.049048545224617,1.8014530046529552e-12,8.866784743085418e-11
RN7SL5P,20.127717029362465,-5.539748079524696,0.7879633850435269,-7.030463832045547,2.0584808026176264e-12,1.0017006354688041e-10
SNORA8,36.45264191779573,-10.006393630930674,1.4240524356772228,-7.026703076542283,2.114707150351029e-12,1.0267333811432825e-10
CASC19,44.57840262455349,-4.279650814986034,0.6095138058112444,-7.021417356231906,2.1962871373661523e-12,1.0639350331349352e-10
NBPF9,1344.8403612880024,-2.7543665747613564,0.3928644382627288,-7.0109847227235385,2.366465772381593e-12,1.138662678818587e-10
PBOV1,17.85579002424415,-4.9987495701163045,0.7159555700752925,-6.981927062304464,2.9115829034799574e-12,1.3854228183742769e-10
CTNNBL1,571.0012550384744,-1.753888646640792,0.2512466097078934,-6.980745525998992,2.9361773301612687e-12,1.3940346350721422e-10
ABCA6,27.489766772330377,-3.6106521833342375,0.5177087519749292,-6.9742923401632755,3.074142492966891e-12,1.4499142395399886e-10
PAWR,1094.76365079912,-2.029952558007962,0.292427698141653,-6.941724641366379,3.873416692085318e-12,1.8031132800900416e-10
ARHGAP11A-SCG5,70.6663177817884,-6.8411671516191745,0.990578011504611,-6.906237643240206,4.976760262236653e-12,2.3067230070755634e-10
BOD1L1,1926.7714001346058,-1.9141507983683383,0.2784286252959638,-6.874834785157726,6.2061743613466026e-12,2.8519165266487813e-10
SAFB,1337.4852104177126,-1.7915533664096568,0.26115276517166,-6.860173834391681,6.8776803823344635e-12,3.133652250634768e-10
SNHG14,2289.098700479456,-2.8850736802037367,0.42299451184321585,-6.820593647023718,9.066506231791695e-12,4.0875467171060876e-10
LENG1,94.7478598027534,-2.2883645020340864,0.33746576225426433,-6.781027167757282,1.1932443345143462e-11,5.290707317908651e-10
NOTCH2NLC,185.2138868345546,-2.717074861206133,0.4017704853718797,-6.762753761494456,1.3539324425563563e-11,5.978475353345557e-10
SNORA5A,22.720455666689798,-8.342757720837346,1.236570754718416,-6.746688524699184,1.5125749663129377e-11,6.665268742726004e-10
CARNMT1,358.7864010096728,-2.2653258684732522,0.33581433397837374,-6.745768834927511,1.5221880655123655e-11,6.680195477688214e-10
EPIC1,131.40184724696002,-2.9019447878922775,0.4303840415758107,-6.742686781013253,1.554841633972086e-11,6.809571727559381e-10
SLC22A25,34.12485103898219,-3.1391351218713486,0.4687199202113736,-6.6972513573899874,2.1237614972575814e-11,9.133451248726993e-10
SNORA31B,18.023422570235724,-8.988242226728312,1.3456099822335552,-6.679678618174994,2.3946681150858294e-11,1.0236967679231455e-9
SLTM,1775.2858337271227,-2.0940113753514313,0.3135859727415354,-6.677630880758058,2.428357174629627e-11,1.0360346912038131e-9
GPR21,11.73551885353466,-8.366490104224425,1.2532384920151332,-6.675896214112931,2.4572582747120386e-11,1.0462849717325466e-9
MIER1,787.289065751446,-2.8561725635600657,0.428643260067352,-6.663285836131612,2.6777214491188295e-11,1.1378990554077244e-9
ANGPTL1,20.034939894428128,-4.513368355046645,0.6805793701465592,-6.631656134500102,3.319411634479264e-11,1.3967563465867648e-9
TTC14,942.1063447990609,-2.3987218006365287,0.3618008180159241,-6.629951291406291,3.357976591440108e-11,1.410218740749603e-9
SNORA10,15.234811811023208,-8.737658294863044,1.3253102825543568,-6.5929151911674495,4.312729663260746e-11,1.7936274917359615e-9
SCARNA11,21.64503528997199,-9.273221491768387,1.4071585769818828,-6.590033023611226,4.397287566300271e-11,1.8252570826461086e-9
ANKRD36B,171.30729806560868,-2.7447363754223493,0.4169478178436552,-6.582925387683778,4.612806637904743e-11,1.9073377735922117e-9
SUPT5H,2270.6844396258434,-2.4615855319961204,0.37661211799734823,-6.536129387141634,6.313130539446071e-11,2.5562222901228807e-9
SNORA74B,20.09417543431771,-9.16642441304883,1.4063562784720727,-6.517853657259337,7.132052122080898e-11,2.855482062310748e-9
NBPF25P,68.39750785478195,-2.6659633115366552,0.4093054977833579,-6.513382610237325,7.34770325562574e-11,2.9363447274809753e-9
CCDC85B,32.09287817449115,-4.844020505668684,0.7463024726944891,-6.490693362142539,8.544222567988918e-11,3.383007680978638e-9
XAF1,24.95710361005898,-3.89606237739373,0.6004773976107541,-6.488274817496569,8.682480192333752e-11,3.4188261454583908e-9
C1orf35,425.8509668382774,-2.4450671360316663,0.3771085154766759,-6.483722948926337,8.948648060113931e-11,3.5171792558616295e-9
PHC3,1358.9895497006223,-2.449828819207537,0.37806920972538516,-6.479842198699539,9.181859668466749e-11,3.602243299548381e-9
SNORA3B,20.703649785124405,-5.030837380383337,0.7766439133464244,-6.477662792342412,9.315424682633693e-11,3.6413299396961576e-9
SCARNA4,17.525740282077795,-7.948767295734927,1.2302224925344596,-6.461243672564599,1.0384594182457166e-10,4.037199115136427e-9
NFIC,1581.4526194097625,-2.0162204684563045,0.3123259474610743,-6.455501007349348,1.0786146325142788e-10,4.178171482627513e-9
PER2,346.27713230014564,-2.0082871068992545,0.3115484711186664,-6.446146564892991,1.1472971884246166e-10,4.420286833679043e-9
SNORA75,15.444865866114249,-8.786732975790922,1.3637984188384569,-6.442838512215432,1.172594439073668e-10,4.509655315863962e-9
OMG,14.887203590376375,-7.744645479763653,1.2021351018935174,-6.442408567526928,1.1759220750707008e-10,4.514362742579113e-9
OR14J1,19.30214110237934,-4.925571635720452,0.7646286349276059,-6.441782861279841,1.180781340932881e-10,4.524922781503505e-9
SEC62,3304.1008725105703,-2.2894802706263655,0.35665083324719504,-6.41938853690978,1.368227931562675e-10,5.215305756897869e-9
POU5F2,21.467487578555946,-3.415141438064111,0.5353946119242277,-6.378737032466518,1.7855432439374237e-10,6.769921910759207e-9
MRPS22,476.1294889359679,-1.590580499946779,0.2495748156907624,-6.373161072139586,1.851712261806598e-10,6.996081890558028e-9
SEL1L,1487.0901013225116,-2.2359155355270954,0.3508553500063638,-6.372755996129289,1.8566114967528142e-10,7.0022640984737064e-9
IL34,21.575513471090524,-5.434328381189259,0.8529494262544544,-6.371219926898777,1.8753049783521664e-10,7.060358743059209e-9
KPNA5,393.45077505231495,-2.879356503871067,0.45243484536544704,-6.3641351530855514,1.963931540120143e-10,7.355317775039838e-9
ERVH-3,27.203117799642563,-3.8017737751144,0.5988160490070008,-6.348817439710861,2.1697633174525503e-10,8.041989774185101e-9
POLR1HASP,139.05248321735343,-2.6682256362481103,0.42053219381249674,-6.3448784076631135,2.2260118925963924e-10,8.236244002606651e-9
TSTD3,176.54359701468627,-1.8264763123307723,0.2887444358138448,-6.325580983691448,2.52281550700094e-10,9.286384353385963e-9
CDK11A,176.66857737300296,-2.099304680579604,0.33200989686934806,-6.323018381002415,2.5650277555545824e-10,9.42559856750023e-9
SCARNA6,31.59989002474226,-7.101709639316163,1.1258455042346653,-6.307890036958321,2.8286506093040463e-10,1.0323612597902183e-8
RN7SL752P,13.110351637990373,-7.720340343986963,1.2272717191370095,-6.29065285511161,3.1613358447281057e-10,1.1440517239100362e-8
CACNG8,28.83690741596278,-3.3723777586426213,0.5361439127075158,-6.2900607070444625,3.1734184563403555e-10,1.1464909103209432e-8
XACT,1103.5369010486788,-3.803089285805627,0.6049707506482112,-6.28640191568057,3.249081316928402e-10,1.169887333243012e-8
SNORA4,14.13130306957342,-8.641003953079219,1.3757689940403008,-6.2808538283034565,3.367186140947123e-10,1.2083581034234995e-8
DHX34,307.5954354460732,-2.638693754908769,0.42069131724044345,-6.272280046608711,3.5579888241084656e-10,1.2704565751309098e-8
CDK11B,379.44926468185037,-1.9201671161612235,0.3063815309287456,-6.267241730728841,3.6749943509804886e-10,1.301408890627744e-8
SOX2-OT,52.43827903950384,-2.8640509247061523,0.4573405567985092,-6.262403108867445,3.7908942470144157e-10,1.3380360286337064e-8
RASA2,228.10687522062835,-1.7751452524495115,0.2835915293342093,-6.259514367784673,3.86178156130122e-10,1.3585874148446588e-8
COX6C,3636.315489227837,-2.196540927074305,0.3518901135167987,-6.242121738295001,4.3167475938202637e-10,1.5136830614931838e-8
RREB1,1519.130023788845,-1.6973768693279068,0.2724286352556967,-6.230537651575352,4.6483709053500474e-10,1.6193837602079873e-8
NBPF26,764.003838449257,-1.8770658341341568,0.3014666197335247,-6.226446681869294,4.771324945806513e-10,1.645609847859471e-8
ZNF66,238.87396609186627,-1.9682593182581856,0.31612278090147256,-6.2262495371114746,4.777329614242546e-10,1.645609847859471e-8
DYNC1I2,1930.754503062931,-2.327345993399688,0.3742374986029979,-6.218901104479124,5.006487145729469e-10,1.718501308995815e-8
RERE,1705.9264865708237,-3.1886912136568073,0.5151030050526274,-6.190395284785851,6.001352533377676e-10,2.04103051293637e-8
EVI5,258.07539144060536,-2.202931174836883,0.35594852685128237,-6.188903756180686,6.058405720846411e-10,2.057173841287405e-8
HNRNPM,3123.647263827423,-1.695864036355004,0.27411589214414656,-6.186668066159466,6.144916586162457e-10,2.083252921627904e-8
SNORA30,9.498947701261933,-8.067576520443739,1.306059646830297,-6.1770352832070925,6.531648051760715e-10,2.200457883685792e-8
ZSWIM9,217.146677196372,-2.541661351507915,0.41170164220631167,-6.173551647467657,6.677272373093526e-10,2.245991616404186e-8
KIAA1217,1610.8629825138528,-2.196480029541637,0.3565265610099943,-6.160775296290097,7.238964959355349e-10,2.419753707597598e-8
OLMALINC,414.5069107305276,-2.0644253163185375,0.33555879692923846,-6.152201447884785,7.641472871408409e-10,2.550326715714222e-8
TLCD2,95.38475230257127,-1.8537866850105142,0.30219436092326823,-6.1344185223933385,8.547123483096745e-10,2.8218656914962487e-8
NKPD1,24.454371260318954,-4.161923133618505,0.6794990311353231,-6.124987590732346,9.069067439908757e-10,2.980431657893445e-8
PRICKLE2,406.36728848460405,-2.687348249520398,0.43891473763824673,-6.122711358430869,9.199626127689841e-10,3.014106514507237e-8
YTHDC1,1727.2579554464173,-1.4270775208214375,0.23345354735180665,-6.112897135252692,9.783844035729862e-10,3.2006294665665065e-8
DNAJC21,947.3912064578639,-1.6804383346462566,0.2751404116666699,-6.107566403884327,1.0116172857454858e-9,3.3043085163010846e-8
SNORA54,18.340203559286522,-7.254671000736854,1.1879057849514023,-6.107109749477014,1.014514811584195e-9,3.3087367563217053e-8
MAN1A2,2038.2568125611992,-1.7779353938818696,0.29224207844442357,-6.083776174004949,1.1738444724831354e-9,3.788075545787682e-8
ODCP,13.69890070190629,-4.147622806435689,0.6820078541716098,-6.081488330473165,1.190720336931489e-9,3.8367655301125754e-8
HELZ,1271.491203942183,-2.0808386201251334,0.3423621631089169,-6.077887232717211,1.217763409797555e-9,3.912684568071605e-8
C13orf46,288.0420351049289,-3.4244394841722996,0.5643387553190674,-6.068056556272094,1.294673178060484e-9,4.1530173992792204e-8
HLA-V,12.896127252698992,-5.0940910809689,0.8402052291534717,-6.062912850591666,1.3367810777654632e-09,4.2816898401263945e-8
CCDC180,91.97597091124896,-3.401633547270049,0.562368705432282,-6.04876038515564,1.4596456177780458e-9,4.66130877344001e-8
GPATCH4,798.8021247668348,-1.9685948414736218,0.32667236989499515,-6.026205528512873,1.6785370775584833e-9,5.312891693865052e-8
NBEAL1,532.3179096503043,-1.509374555253029,0.25068703609699133,-6.020951776178203,1.7339441764275946e-9,5.480182919902236e-8
AHDC1,199.9213677993709,-2.377769705445486,0.39589393948050344,-6.006077558463316,1.900652985771762e-9,5.980647078396189e-8
TTC6,369.725410735376,-2.0628720245822736,0.3437395497511434,-6.0012646961216065,1.957865164645745e-9,6.13369145011645e-8
CCDC25,350.330214759198,-2.1164325155659904,0.35312469915624317,-5.993442318317009,2.054450571925828e-9,6.417541378970637e-8
COX7C,2823.831268129106,-2.2129549890210316,0.36934503896250587,-5.991565489108086,2.078306001630703e-9,6.482623080667862e-8
SNORA14A,9.673897765498994,-8.089013793835102,1.3504579587193934,-5.989830147326998,2.1006030224350714e-9,6.533179834993716e-8
PCDHGA8,36.35026827377088,-4.489963996631983,0.7503211286515193,-5.984056459534022,2.1764781423600756e-9,6.75936627135271e-8
RSF1,2227.8731006232592,-2.135113252634158,0.3571657221602177,-5.977934387769684,2.259847115876977e-9,6.987942234397685e-8
ITSN1,714.4733509457619,-2.0773708590000823,0.34772530166727333,-5.974172282084462,2.3126131160867783e-9,7.130557107934233e-8
SNHG20,91.74511802499877,-3.094787244876599,0.5194052805883339,-5.958328420094444,2.548310062638403e-9,7.834775636707755e-8
FLJ42393,13.257771159390048,-6.486488173718731,1.089422600950911,-5.954060589579242,2.615698926632132e-9,8.030457648859163e-8
GNRHR,20.952989903082344,-3.877335929868627,0.6535388154315919,-5.932831896615146,2.977536709623162e-9,9.037897848445976e-8
XPA,150.1466956178415,-1.705631126519998,0.2875164514534699,-5.932290545106523,2.987373673454996e-9,9.054949015867827e-8
MIATNB,112.23280965927219,-2.51826249999637,0.4246394774639218,-5.930354179588323,3.0228193084126252e-9,9.123727476587192e-8
B3GALT2,8.299498774431203,-7.868954047255154,1.3279565203304933,-5.925611213006266,3.1113792706937993e-9,9.35156850827576e-8
PRPF40A,2459.1803475344623,-1.5098578631663935,0.25491827073774376,-5.922909561550076,3.1629481059541957e-9,9.493268021507278e-8
POLR2J,529.0215087393026,-2.4027095061333226,0.4057083217689826,-5.922258374333932,3.175501820003954e-9,9.517635343196208e-8
SPDYE18,39.53738958499691,-2.832466963287005,0.4792412896137919,-5.9103149596513616,3.414542240424778e-9,1.0205581682383808e-7
KMT2C,2334.41124848841,-2.3941906743371932,0.40534532111712374,-5.906545726835703,3.4935535878549816e-9,1.0427212794905132e-7
YPEL4,11.77723758543699,-4.3062413910889905,0.7291967642123831,-5.905458721748758,3.516668346215699e-9,1.048162537635957e-7
NPIPB4,129.90879008829242,-1.8352429077797225,0.3109722813723582,-5.901628594293273,3.5993071538032983e-9,1.0670936278605098e-7
ZBTB7A,662.2503751093961,-1.958159612972691,0.3318018466089065,-5.901593475098305,3.6000735627726425e-9,1.0670936278605098e-7
HNRNPK,9109.397661368866,-1.5689759235143579,0.2661755908297172,-5.894514664637646,3.757842257196244e-9,1.1092612770210645e-7
OR7E126P,18.580914017762286,-4.824753276796675,0.8197884922683687,-5.885363508148913,3.9718005459871765e-9,1.1660032793007497e-7
MYLK3,47.470660766000975,-4.172764481341867,0.7094935939793167,-5.881327917195419,4.069879386902545e-9,1.1931640934826314e-7
NSD3,801.3603987111014,-1.5953651581696773,0.2713947105187635,-5.878394442987414,4.142648400735247e-9,1.2085289336831185e-7
RN7SL396P,11.260353128817394,-8.32124737960004,1.415851052615156,-5.877205348846711,4.172504896911725e-9,1.2142540719267158e-7
ZC3H11C,33.12354904043038,-3.0140869198481974,0.5134892079883312,-5.869815515025763,4.362803332838579e-9,1.2601044350298237e-7
PCDHGB4,48.33512534199192,-3.9031783370645576,0.6652630011451173,-5.867120718191176,4.434278380131615e-9,1.2790270703981783e-7
SNORA80E,12.611629860711336,-5.470324830063553,0.9338590904995424,-5.857762574370136,4.691447050081611e-9,1.3477704644545028e-7
ZNF221,66.63987309568198,-2.5206791608480024,0.43149648571080074,-5.841714230176655,5.166638098640765e-9,1.4783473812910776e-7
SNORA50A,13.00282979405378,-6.614942461071919,1.1342067998081342,-5.8322190117277755,5.469506198525242e-9,1.5608457848451022e-7
NEAT1,11641.214089984687,-3.203107204699402,0.5513859105548224,-5.809193059496807,6.2774668030366574e-9,1.7704564100512768e-7
SNRPF,975.9165786281958,-2.02876373184147,0.3494723425427906,-5.805219712324049,6.428165410021479e-9,1.805607718574096e-7
MZT2B,139.1583687644216,-2.543259438448932,0.43824165824962785,-5.803326522190778,6.501201190432257e-9,1.823735654204918e-7
SIGLEC14,9.982454135277141,-5.721326164356792,0.9863790979484679,-5.800331917268278,6.618378452805915e-9,1.849354187463736e-7
EXOC6B,509.466898861358,-1.746737678334819,0.30219993826639086,-5.780072915815953,7.466825647060569e-9,2.0756227770196864e-7
CCDC144A,44.9649616907879,-2.8762208198647676,0.49849482136605444,-5.769810831701103,7.936056821136886e-9,2.1946878786288346e-7
CCDC26,67.43876760198064,-3.5385655311246125,0.6146336921269654,-5.757194205998144,8.552350104805451e-9,2.356013263788511e-7
POU2F1,365.55100113825245,-1.8112814966860813,0.3150485058780013,-5.74921468565059,8.965891346796667e-9,2.451057685379063e-7
VTRNA1-2,7.67584200739009,-7.753807615403197,1.3522096531037366,-5.734175612195806,9.798776562929948e-9,2.651930579021501e-7
GPR18,13.483720494726608,-6.622596937846581,1.155716888836009,-5.730293467041562,1.0025703013153799e-8,2.7029093801794035e-7
RBFOX3,10.689356462578054,-6.841800904663356,1.2023767003923258,-5.69023077578843,1.2686779275759545e-8,3.3612133735530846e-7
NCOR1,1138.4813800207305,-1.4020188366476385,0.24674591190316064,-5.6820347126880995,1.331016365959347e-8,3.522023577495387e-7
GPER1,25.48538625189076,-5.05627899999512,0.8924944015044846,-5.665334137078857,1.4673830609022608e-8,3.87331371303352e-7
UPF2,841.6092198434866,-2.0863978282659525,0.3684079919859126,-5.66328058471037,1.48506028558616e-8,3.9151589347271493e-7
CBX5,3329.9925695423112,-2.061232821295896,0.3653340478987872,-5.642049606794228,1.6803766528832376e-8,4.3816382710661335e-7
PPP1R12A,1090.476034047564,-1.6901942362544984,0.29978296618817263,-5.638059619416701,1.7197697214692116e-8,4.4680700027517293e-7
DMD,35.338634804497836,-3.3094700079025605,0.5876139983771859,-5.632047597644588,1.7808251560062122e-8,4.5988577434287983e-7
CRCP,627.99995230681,-1.422205569376131,0.252531621145969,-5.631792022409994,1.783466771472845e-8,4.600143860072987e-7
RABGAP1L,479.89344244875736,-2.1413010450504584,0.3808756136719878,-5.622048165295662,1.887066308561488e-8,4.84407212700114e-7
SCAND1,48.57231350863712,-3.367255340681141,0.5991223124604431,-5.620313699973348,1.906110361712842e-8,4.887112110198039e-7
GSG1L,17.588708235856775,-4.8362194540616485,0.8630324516731569,-5.603751567725748,2.097613013661929e-8,5.33983099326038e-7
ECM2,8.359514081082166,-7.2479004403603895,1.2950389069051305,-5.596666170965737,2.1851287904501165e-8,5.523305517439281e-7
JPH3,20.68080360044443,-4.303484979127191,0.769804627791548,-5.590359974157641,2.2659935481236268e-8,5.714244599616102e-7
PSMG4,282.64034163325636,-2.8389329254752913,0.5081315726499771,-5.587003599618618,2.310209379902699e-8,5.812085966320273e-7
RAPH1,641.7858540915345,-1.3994763966917059,0.2506171093136428,-5.584121533140367,2.34884415636247e-8,5.89546147316241e-7
GASK1A,689.3673062639702,-2.881906157327237,0.517443714430727,-5.569506551060933,2.5546178542665266e-8,6.367258902736313e-7
GAS5,3858.3316849519783,-3.1204239788457024,0.5653366670941674,-5.519585338210404,3.398005435755496e-8,8.372123610942934e-7
DANT1,27.613644634632916,-3.7770035015074406,0.6845899689722016,-5.51717622619856,3.444899518723537e-8,8.458529024234222e-7
RB1CC1,969.8122451609783,-2.0256655392035094,0.36730679224096463,-5.514914458414398,3.489496415041236e-8,8.556761917535521e-7
MYO9A,765.0291545321461,-1.9054460615287303,0.34564008076940467,-5.512804120653927,3.5316121206389635e-8,8.64177834765247e-7
DDRGK1,645.715734745802,-2.1330201211063846,0.3871888608144434,-5.5089914431412685,3.6089544729234614e-8,8.810940044247722e-7
TTTY10,40.12083054447129,-3.7487752286110743,0.681406861062589,-5.501522574582265,3.765253914962129e-8,9.161264060667493e-7
ABCA10,25.449224215579754,-4.5491311656298175,0.8298682985102832,-5.4817507474331455,4.2113729113031e-8,1.0177484535649158e-6
UPF3B,490.1311519492401,-2.175021681552418,0.3971571594563396,-5.476476074433006,4.338794073225545e-8,1.046185627094609e-6
BCLAF1,3957.455285058313,-1.7273783593463612,0.3155626388006302,-5.473963476511883,4.400798046325383e-8,1.057035896338329e-6
ZFPM1,62.416048030780615,-3.03293064364078,0.5541202793821263,-5.473415712239697,4.4144289646783523e-8,1.058476486949692e-6
MITD1,211.4867247576746,-1.934133192936508,0.3538898262284432,-5.465354044080332,4.6198378833671634e-8,1.1064924216189658e-6
PTK2,1625.3795881658784,-1.592608545571838,0.29144288710069344,-5.464564812047007,4.640438158862109e-8,1.1101873231792737e-6
POTEF,46.34103422872262,-5.469784043612878,1.001861734345515,-5.459619682137194,4.771555957997194e-8,1.136488244823749e-6
CCDC66,148.95645154619658,-1.8143207468891056,0.33261441280383086,-5.454726785874894,4.9048200293044476e-8,1.1669339005418342e-6
AKT3,24.871028751795247,-3.0533350970647204,0.5598803799525961,-5.453549019387391,4.937432695940792e-8,1.173392089201433e-6
DYNAP,10.936437332875828,-4.70621732236875,0.8632570314308075,-5.45169880002995,4.9890906375927486e-8,1.180439747329001e-6
CHD2,2879.922016616696,-2.6168966965938076,0.4801732748644471,-5.449900762037532,5.0397933900701134e-8,1.1911229752302273e-6
R3HDM2,817.093009342293,-1.3912467221533986,0.2554490263218501,-5.446279213452601,5.1434376572868e-8,1.2129469464326893e-6
MAB21L3,132.28975723905498,-2.96946474814442,0.5458673012767233,-5.439902227517878,5.3309819720955326e-8,1.2530435172088734e-6
RBM6,769.2733055140627,-1.2026333851593436,0.22130739854433995,-5.434221327753715,5.50362344619256e-8,1.2922074305830671e-6
ZBTB37,472.61225384458584,-2.0164710489314936,0.37127471079887137,-5.4312103417780735,5.597311162413998e-8,1.3113351260415328e-6
ZC3H13,1491.5980253780872,-2.054853528726225,0.3793005085213112,-5.417481607754744,6.044436512185506e-8,1.40687209925706e-6
FAM193A,554.9878444501842,-1.6378632476560346,0.302412530716027,-5.415990017933582,6.09505015347616e-8,1.41711566948644e-6
NOL8,567.1051581788088,-1.82989371961275,0.33794452903755945,-5.414775391760741,6.13656879689509e-8,1.4221465051983653e-6
OR2AT4,18.638615686892276,-2.9112055062816293,0.5379661315531497,-5.4115033187623816,6.249783597618398e-8,1.4468215318758451e-6
ERCC6,482.22204262826864,-1.627517227720723,0.30140617521241325,-5.399747455650984,6.673477421494658e-8,1.5366182989836413e-6
UNC80,15.918669230568463,-4.0538767812007315,0.7517177189455551,-5.392817914265957,6.936123095530259e-8,1.5936745356539545e-6
OPHN1,400.4260801616466,-2.155461909787955,0.3997204093775201,-5.392423952393701,6.951352196916872e-8,1.5954654347148244e-6
RAMACL,9.22819282103113,-5.9612333551275505,1.105798350938866,-5.390886457794253,7.0110964760138e-8,1.6023230071912262e-6
UXS1,546.4313997670308,-2.281080589090601,0.424254616309586,-5.376678299773777,7.587256088145885e-8,1.7248147844450286e-6
HSP90AB2P,9.905268162461155,-8.11881644468063,1.5144833264993456,-5.3607829829641505,8.286201368835979e-8,1.8678769052018917e-6
SNORA25,10.472614622508193,-8.197475598173792,1.529537548164724,-5.359447113939672,8.347702577130263e-8,1.879765973821778e-6
TCEAL4,2019.0655412900117,-2.7063980519410453,0.5051517126429912,-5.357594528940564,8.433724537616108e-8,1.8971460018578793e-6
ADAMTS19,161.96125401437408,-1.8188089895120128,0.33984860843374937,-5.351821206196212,8.707341020933112e-8,1.9525552592395466e-6
C9orf78,739.1338643002679,-1.863584822955314,0.3483772591563048,-5.349329710752412,8.828058240126389e-8,1.977558766525181e-6
AAK1,391.540548655006,-1.7843251022774989,0.3342916709839647,-5.337629552735969,9.416961310461339e-8,2.089844774793178e-6
GABRG2,15.71598646508812,-3.815907607239364,0.7148951590360123,-5.337716389609991,9.412453601224406e-8,2.089844774793178e-6
MYH9,5408.446876920919,-2.5340373414441912,0.4751076485245505,-5.333606708529443,9.628093971685177e-8,2.1300917178594217e-6
ANKRD20A1,13.501130228581442,-4.112099330557231,0.7714634495103267,-5.330258138823448,9.807326467503617e-8,2.163054737848177e-6
KDELR2,3177.5888120848726,-1.9960824300354563,0.3749295454727621,-5.3238867252206665,1.0157317212597804e-7,2.233360936294558e-6
ZNF616,306.1225720017005,-2.0631890404374347,0.3879744517493295,-5.317847685935934,1.0500190832424014e-7,2.3040296039245333e-6
COL28A1,41.49947733957163,-2.7822762155513208,0.5234354489781867,-5.315414194783104,1.0641498670016873e-7,2.3326512917115637e-6
MACF1,2969.1645599166986,-1.8919725212870937,0.356131952828494,-5.312560432335679,1.0809556194839843e-7,2.3622512824975864e-6
PSMC3IP,228.4983444040913,-1.8446832883891973,0.347251047457262,-5.312246865479167,1.0828177950477378e-7,2.3639135179780725e-6
FEM1A,44.17978413449092,-2.3752795455277194,0.4477146394082007,-5.305342592030087,1.1246157792524917e-7,2.4452132343220337e-6
ZNF321P,142.1481764433138,-2.5748912707771057,0.48686111516296,-5.288759341388867,1.2314879061597426e-7,2.6640857324786367e-6
DHRS9,14.506199352234233,-6.0345180060001935,1.1440323163832011,-5.274779321862174,1.329159309433922e-7,2.8580920621695353e-6
DBN1,1913.7028744937522,-3.1887562488451207,0.6051782954534334,-5.269118659412474,1.3708033350910484e-7,2.93587221268003e-6
EIF5B,2542.0852516236255,-1.4478690427005725,0.274953595351599,-5.265866921467598,1.3952933514542606e-7,2.985343501715696e-6
ATP5F1D,196.00690600792964,-2.7602301825159827,0.5247037980519846,-5.260549271348165,1.4362571012437e-7,3.0668733724069453e-6
MITF,40.00123980828242,-2.8701678923368337,0.5458034785803402,-5.25861047973214,1.4514797313191104e-7,3.093222942811133e-6
ZNF248,212.6189516988154,-1.4821842251369532,0.28195693121566606,-5.256775276800148,1.4660327130295143e-7,3.118043807890325e-6
NSD2,2219.8510019938562,-1.7624632167328191,0.3353181125689957,-5.256093096880269,1.4714782305153998e-7,3.1265270125604434e-6
MEGF11,21.24921745247502,-5.012312138863395,0.9552004784037949,-5.247392827146936,1.5426673571162566e-7,3.2713084470073977e-6
SCARNA20,5.704704660014521,-7.323736789558611,1.396176042202733,-5.245568300974442,1.5580132695067534e-7,3.3005888216796573e-6
MEF2A,448.994819958226,-1.9886734105784292,0.37947271843363484,-5.240622880050925,1.600354769383846e-7,3.373635889094041e-6
TNRC6B,687.2067257431898,-2.8110232967899087,0.5364155869065242,-5.240383324804015,1.6024337896681985e-7,3.3747035452678645e-6
DNALI1,653.0503047719104,-2.1520028141672025,0.41093625104578396,-5.236828848004066,1.633590487281797e-7,3.4335800055893603e-6
SNORA40B,6.948224390928766,-7.612132547767182,1.453855998795296,-5.235822910986232,1.6425138290781184e-7,3.438863099708919e-6
NBEA,338.9080454945936,-2.513466316676335,0.4805999391162546,-5.229851508716777,1.6964624780355735e-7,3.54489627834892e-6
TAOK1,1796.5219483155195,-1.601633005883075,0.3071483337883482,-5.214526109025676,1.842877464301122e-7,3.832185114719194e-6
FEZF2,15.801141759240723,-8.794027562458112,1.6865527401242337,-5.214202528769027,1.8460968761273984e-7,3.835163500648012e-6
SLC16A8,26.995875735653758,-2.873199055539496,0.5515368511879422,-5.209441670762309,1.894097409005716e-7,3.93107644074107e-6
LST1,12.838056516909802,-4.421674085655694,0.8490056864274371,-5.208061802579701,1.9082337240161619e-7,3.948958121252347e-6
TMEM14EP,8.204140882216365,-6.41421209042793,1.232489364633594,-5.20427378481664,1.947567013536937e-7,4.026472843015671e-6
SNORA61,10.50039268624194,-8.226217568279322,1.5875180949972043,-5.181810269881559,2.1974267962215183e-7,4.503990357871422e-6
CPLX1,144.06546268789828,-3.6572600666297377,0.7066673767942054,-5.175362818106714,2.2746851228619341e-7,4.654510784448341e-6
LPAR4,7.159914171996949,-6.189003435289917,1.195868638164304,-5.175320463951819,2.275201217561188e-7,4.654510784448341e-6
RNVU1-15,6.230890397657539,-7.445120379918738,1.4386927613141705,-5.17492030273233,2.280082857492626e-7,4.660055059218262e-6
ATP5IF1,1552.0744524816798,-2.7833404082375797,0.5384605025983634,-5.169070702134057,2.352608896544644e-7,4.790036709663004e-6
PURA,502.30034287083714,-1.5442553987048508,0.29935483164784354,-5.158611906159208,2.4878739359235085e-7,5.0510666665012764e-6
PLCB4,1008.3020970201901,-2.315318942867311,0.4504331521397182,-5.1402054486192235,2.744382271960035e-7,5.524807087829489e-6
TCERG1,1211.1713942970855,-1.645400349389826,0.3202745885330232,-5.1374676864823146,2.784653305813957e-7,5.5953801444538875e-6
ANKRD65,22.682229847890753,-3.65093026148694,0.7108795484971173,-5.135793073813186,2.8095666439848635e-7,5.634887867281792e-6
CNGA1,14.135675072416108,-3.254880994643137,0.6343939657191329,-5.130693497302558,2.8867663733673884e-7,5.762791290461782e-6
PCDHGA11,33.3960622193489,-3.4532225109535144,0.6734315478671247,-5.127800326388737,2.9314711022080884e-7,5.841167117305996e-6
SNORA19,8.78928808095177,-7.956371506961899,1.5566465566946837,-5.111225456250079,3.200757214026149e-7,6.310946138816521e-6
UBE2K,1391.062103691888,-1.5396397250435114,0.3012332696798203,-5.111121114477125,3.2025257899213383e-7,6.310946138816521e-6
MNT,155.74607987964674,-1.8795904040377809,0.3678095355808787,-5.110227501495737,3.2177110722157206e-7,6.335053175206363e-6
ERC1,1815.3930718665665,-2.306926231835723,0.4521520448176797,-5.102102839689556,3.359001280093115e-7,6.577022579452394e-6
STK33,11.271775180927154,-3.5873689891201495,0.7037703473000946,-5.097357402002702,3.444276830197303e-7,6.73784692580074e-6
RPL36A-HNRNPH2,29.10780329529917,-4.447377565255183,0.8733957915967248,-5.092052890619699,3.542072564122625e-7,6.903985215810313e-6
IQCN,34.42723815959033,-3.393312000023838,0.6668415367460846,-5.0886332254913516,3.6065337222486045e-7,7.023249880168335e-6
KRI1,452.95090543919804,-2.078279582384316,0.40872872562637647,-5.084740690049015,3.6812866687000584e-7,7.155578751560976e-6
BROX,1314.9381372759142,-2.3257108493466925,0.45780952832093685,-5.080083977012174,3.7726805938924736e-7,7.293849148192115e-6
CACNB2,25.783872907006987,-3.4317891408993546,0.6755934642918006,-5.0796659859591315,3.7809904667950863e-7,7.30333532110014e-6
ZBTB20,261.84510110789387,-3.8347579193573624,0.7550519229017423,-5.078800282528906,3.798257301082168e-7,7.3235041941799945e-6
DHRS4L1,97.55997841019939,-1.7763045889830003,0.3497625358020186,-5.078601642997205,3.8022299738489677e-7,7.324583055547472e-6
RNF20,910.5156066805587,-1.3203102638261885,0.2600797282553806,-5.076559686842389,3.8433010506854546e-7,7.397061932530032e-6
POTEI,99.70435549827349,-3.6757304019546178,0.7248479870453396,-5.071036227799718,3.9565543840988417e-7,7.574278062690556e-6
SLC10A1,7.606587860064932,-7.73803179079196,1.5258794011869061,-5.071194869511266,3.9532571272516e-7,7.574278062690556e-6
DDX23,2338.163137826757,-1.6058962727512314,0.3167245722780706,-5.0703242290317885,3.9713854901126935e-7,7.595894172711087e-6
BAZ2B,893.8340975593218,-2.403127039942006,0.4740357544226085,-5.069505870647027,3.9884983593293774e-7,7.621832127445098e-6
VN1R2,6.3026070159005725,-6.737305498533517,1.3295059859186016,-5.067525509393235,4.030205066627691e-7,7.6878400648738e-6
TCEAL3,526.5299076350778,-2.195676053940967,0.43425821533224945,-5.0561531743528745,4.2779777857105844e-7,8.131568049720916e-6
KSR2,56.64945698003776,-2.3684287509286674,0.46862772719725077,-5.053966322252564,4.327279446808771e-7,8.203482060822987e-6
TMEM238,17.93686787692675,-3.549355369353306,0.7023546829310717,-5.053508513022381,4.3376697279106067e-7,8.215921655865986e-6
TEK,9.667941962017391,-4.186962951939101,0.8305417915060634,-5.04124295099789,4.6251782006829226e-7,8.691446951546019e-6
IWS1,1009.9962575956838,-1.1851523968776425,0.23587961628909404,-5.024395136479788,5.050216467052726e-7,9.39147706957985e-6
SPACA6,73.02790237318433,-3.4009536484402774,0.6775511449817245,-5.019478859462352,5.181184677294441e-7,9.626685989154865e-6
ERVW-1,43.376147934774664,-2.7641806312080743,0.5507346546913496,-5.019078802580918,5.191984999088998e-7,9.63332102794323e-6
RELN,8.569261906186936,-6.241776977817701,1.244179811653311,-5.016780468028494,5.254454937821092e-7,9.737530480625271e-6
GCSH,96.7729212003963,-2.3762179933153695,0.4737433553209432,-5.015833924901325,5.280392637883789e-7,9.777154961948758e-6
MUC20-OT1,607.3203677594738,-1.465056136302705,0.2925514583063929,-5.0078579159510905,5.503913917009337e-7,1.0121164752272526e-5
FBXO21,734.3162605415279,-1.5343897512555904,0.30652760737354995,-5.005714703490658,5.565513813009594e-7,1.0216931259810599e-5
DHX38,392.8049778602872,-1.4149134572502795,0.28291740725615355,-5.001153767711494,5.698823630268381e-7,1.0434876715491422e-5
CNFN,53.59023403053196,-3.4999983783867403,0.7006107982128094,-4.995638644615383,5.864137573136856e-7,1.0710161048469524e-5
TCOF1,1062.2388307383835,-1.7754911924174694,0.3554394523639977,-4.995200112449048,5.877479013288714e-7,1.072539962799114e-5
SMC4,2012.727808304565,-1.4494918247951505,0.29020271049149365,-4.994756328568604,5.891010011165357e-7,1.0740957930298094e-5
RRP7BP,71.60845416864098,-1.6231061301614742,0.3253736587275461,-4.988437406116496,6.086962679017674e-7,1.1051287571211445e-5
CPLX2,9.661150181055493,-7.512534411431214,1.50786959935365,-4.982217570174152,6.285969917169043e-7,1.1374107455518353e-5
DST,4457.7652184456965,-2.668341485945929,0.5359392941315335,-4.978812927441458,6.397544105286064e-7,1.155650643934671e-5
L3MBTL3,134.98459454671828,-2.378150857913505,0.47808387678892134,-4.974338130552521,6.5470944502701e-7,1.1806777050655154e-5
MRPS17,363.59477485111023,-1.7680129604937753,0.3556902857387446,-4.970652928633494,6.67278050227288e-7,1.2013244092179196e-5
SSPOP,39.66783188914662,-3.1208851120190295,0.6279955247076561,-4.969597694938767,6.709196014522675e-7,1.2038406895623463e-5
HES1,2404.9933147413494,-3.6476703415115033,0.7346283859832493,-4.965327247230379,6.858532082986701e-7,1.223475465510346e-5
PPP1R12B,328.86859441643026,-1.8985628215167512,0.38253268243803645,-4.963138860231334,6.936295325066307e-7,1.2352937566466636e-5
GAS2L1,147.59803135039718,-2.2693928242171224,0.4574309330637448,-4.961170441660694,7.006967306101856e-7,1.2468450944357034e-5
SPTBN1,2464.867014747328,-1.562477579945016,0.3150205585223026,-4.95992257544803,7.052128133519591e-7,1.252803557494457e-5
TRPC5,5.440705168740715,-7.286575101648781,1.4692644753257025,-4.959335248361949,7.073480696272515e-7,1.2555574503061056e-5
CASZ1,857.8666189904428,-2.15231585134314,0.43438415118353607,-4.954867357565592,7.237964758719254e-7,1.283691931587729e-5
PCNT,990.1582281302365,-1.9157718399858088,0.386717939215605,-4.953925447243651,7.273108203357028e-7,1.2877962214854937e-5
ASPA,19.454539727960025,-2.8891878301879452,0.5839826667943685,-4.947386274403387,7.521662206430985e-7,1.3285174563786742e-5
NCAM2,923.7569427059286,-2.401066159935205,0.48598379073441794,-4.9406301315249985,7.787050092270138e-7,1.3730679503387853e-5
PERM1,16.577319670324208,-3.579486528046618,0.7245221614142754,-4.940479006272797,7.7930883667877e-7,1.3730679503387853e-5
MYH7B,17.787194141080636,-4.155931981671257,0.8439869150155884,-4.9241663676675564,8.472073728221256e-7,1.4817498142430982e-5
ZNF451,955.7468319540409,-1.823403132879632,0.37041870283200296,-4.92254607809748,8.542544178148809e-7,1.491643596933063e-5
PDGFDDN,13.0727327998195,-4.102591313582017,0.8340455751938861,-4.91890543586699,8.702949878561996e-7,1.5171836262708403e-5
PRRC2B,4503.684340168785,-1.5421547259981165,0.31412178747444525,-4.90941662594345,9.134772551201966e-7,1.5783592507954444e-5
SNORA31,10.960290913892745,-5.1762428955662525,1.0552967672534619,-4.905011610182465,9.342181324505854e-7,1.60786839784774e-5
EBF1,20.290775463968973,-2.40352736040166,0.49075675549259873,-4.897594039208103,9.701720818629463e-7,1.662930740956775e-5
HSP90AA2P,6.099155384314174,-6.687551514119246,1.3683801020924464,-4.887203127181574,1.0227855437858479e-6,1.742066864812886e-5
ZNF284,68.8864609877004,-1.9004851391011326,0.3890351656406463,-4.885124294539019,1.0336362690912378e-6,1.756301214186835e-5
MIB2,56.84384799076773,-2.5453676179854074,0.5212074857392212,-4.883597583744118,1.0416756023139019e-6,1.765747111031306e-5
RNASEH1,425.10991123739353,-1.4230515734225024,0.2918004854423453,-4.876796456542128,1.0782259268206141e-6,1.821947117289006e-5
IQSEC1,512.9247338363315,-1.3838279893514607,0.2838196301893918,-4.875730365894837,1.0840660168535116e-6,1.8303742503285883e-5
GPR22,8.102813137004775,-4.9857448272973794,1.0228125992916945,-4.874543812571379,1.0906018018332533e-6,1.8399618449167936e-5
SMC6,534.4982960301251,-1.4159750482546762,0.29066720186284306,-4.8714648201788915,1.1077388907060022e-6,1.8659400780652123e-5
GIGYF1,640.0157323938931,-1.8208582890425271,0.3739489404288149,-4.8692698178379965,1.1201137627490353e-6,1.8853052038113175e-5
PHRF1,301.7203376713801,-1.835590982922522,0.37700656973243823,-4.868856752881633,1.122457344236053e-6,1.8877691698515433e-5
RNVU1-27,6.898065419583856,-6.6665184654090925,1.3703746906644634,-4.8647413811887095,1.1460656311552407e-6,1.922952966738973e-5
SNORA57,9.017996120430329,-7.995291701660719,1.644734043356588,-4.861145626525645,1.1670835538411602e-6,1.953635964542223e-5
PRKAR1A,4120.018514632029,-1.641921346344243,0.33786401720081194,-4.8597106017606935,1.1755746875585043e-6,1.963255470428444e-5
GABRA2,5.24709170775964,-7.209589340501354,1.485337105404873,-4.853840461042118,1.2109316723189346e-6,2.016027438942152e-5
SNORA36A,5.687237369111625,-7.308134147463017,1.5065664460927328,-4.850854183309737,1.2293090056567004e-6,2.0402497502736953e-5
SCAPER,381.501655020863,-2.2707124622472645,0.4683566798604627,-4.848254674031289,1.2455243691299359e-6,2.060829064111675e-5
PRR7,37.80038334714121,-3.1369383106035063,0.647548132227291,-4.84433226579431,1.2703818620595337e-6,2.0971072892151997e-5
PCAT1,76.60496607132521,-2.4100427432031775,0.4979344335182037,-4.840080502516743,1.2978654373836504e-6,2.140829537759657e-5
HHLA1,5.7158423498362545,-6.598005991061377,1.3641235728103673,-4.836809598904713,1.319397007203816e-6,2.1746743298459212e-5
HSP90B1,8672.900200406111,-1.4608711860688863,0.30215227553027185,-4.8348839455373405,1.3322333571220692e-6,2.1941464193276752e-5
HOOK3,401.8251299932487,-1.9421349945911248,0.40172745739685717,-4.834459180798626,1.3350809527314418e-6,2.1971500955227564e-5
OR10H5,8.162524843571994,-4.038914499046459,0.8362968893350438,-4.8295223270026515,1.3686096873913553e-6,2.24372527818323e-5
GOLGA4,2327.314968343402,-1.5318010482267042,0.3172603859402505,-4.82821403525364,1.3776298207568565e-6,2.255983953633684e-5
CASC2,36.12454617552433,-2.1737247001969164,0.45040463863210545,-4.82615966566995,1.3919093317397372e-6,2.2757428921841762e-5
SBF2,302.24898231893286,-1.5319685662672045,0.3174529866508489,-4.825812421642585,1.39433697557831e-6,2.2772048322610753e-5
VTRNA1-1,5.567976892045727,-7.280175997004305,1.5098715128736806,-4.8217188912639495,1.4232642519837729e-6,2.3156369103541903e-5
TSHR,15.065021987339076,-4.3990531380115625,0.9129025271150607,-4.818754475259672,1.4445719103383283e-6,2.344970740987937e-5
SNORA59A,5.162878210113902,-7.207149202691795,1.4957422827555877,-4.818443180876155,1.4468271488068665e-6,2.3468564333632162e-5
ATP5MJ,1816.030176870965,-2.2929198318715063,0.4761433443488375,-4.815608280752617,1.4675215854214734e-6,2.375038704611223e-5
NPIPB3,297.0657408309985,-1.834896738547964,0.3813675177334911,-4.811360834957723,1.4990609643135653e-6,2.420605590230934e-5
PCDHGA7,50.559002068665244,-3.1865963164907387,0.6623811515919323,-4.810819735483474,1.5031253900519835e-6,2.4253436744748544e-5
C19orf81,8.60413563601215,-4.6104542617902196,0.9586318438668192,-4.809410715163704,1.5137589119076874e-6,2.4406661344507115e-5
TCHP,296.7746590753573,-1.512840579116219,0.3146554140178617,-4.807928011784794,1.5250265838686268e-6,2.4551440727547433e-5
BLK,79.66673322341802,-3.002274817051902,0.6245539580745505,-4.807070355150215,1.5315810340183238e-6,2.4638477503773034e-5
SREK1,1290.9355061292565,-1.8291429314435668,0.38057773325184097,-4.806226879892529,1.5380535162281427e-6,2.4705560223245467e-5
ZNF805,189.69059206614324,-1.5329356925271342,0.31911855753760093,-4.803655745863392,1.5579459975475482e-6,2.4969022484966682e-5
SNORA28,16.723733074935712,-5.209416394398865,1.0848785267250056,-4.8018430322562224,1.572119105068643e-6,2.5177370145353044e-5
NBPF10,589.266203464326,-1.53549184226615,0.3197952066883146,-4.801484857034467,1.5749342057824067e-6,2.52036450828415e-5
COL19A1,4.666071341701521,-7.033646035352421,1.4665749645779946,-4.795967615181775,1.618914359053211e-6,2.5784302586469968e-5
UPF3A,777.9663393272585,-2.554127783115967,0.5325360271747994,-4.796159607578251,1.6173642788904787e-6,2.5784302586469968e-5
NEK5,66.07685994549227,-1.7453199373663197,0.3645414855014675,-4.787712803017296,1.6869282244506563e-6,2.6756452103999324e-5
AATK,128.3713687257139,-2.673145999883612,0.5586482422159844,-4.785025348473433,1.7096575465493293e-6,2.7096935708233833e-5
PRR14L,576.7510189573807,-1.662085232765815,0.34747401741172224,-4.783336737366492,1.724089345623304e-6,2.7285366782504502e-5
MBD5,356.0054230381359,-2.2087469097715884,0.46181681853138623,-4.782733805138533,1.7292706449166842e-6,2.7347198260804747e-5
EVPL,592.5496976845304,-1.721157719684166,0.3602902888788701,-4.777141579474602,1.778045887569113e-6,2.8015319197674865e-5
GNPNAT1,2321.239461297782,-1.6103844721070133,0.33727247992685455,-4.774728351557954,1.7994999139081264e-6,2.831178017043137e-5
CDHR5,5.195266783873111,-6.975376658985581,1.4613699571310903,-4.773176446489561,1.8134278120682846e-6,2.8489136784030298e-5
ARHGAP19-SLIT1,7.952831312714318,-7.823069622708459,1.6414789471589326,-4.765866559695211,1.8804368650223249e-6,2.9369850890377796e-5
TRIM52,310.7099208951884,-1.5272518209146544,0.32064577664416904,-4.763049858004195,1.9068870183236306e-6,2.9718079457679818e-5
DDX19A,275.1731089109071,-1.3397030002049075,0.2814296922898976,-4.760347031275201,1.932603649901068e-6,3.007518080266637e-5
PCDHGA12,27.653911006730095,-3.8046268489560386,0.7996329497378863,-4.757966577294203,1.955528667615385e-6,3.0387867637238354e-5
ULK4,82.8204340074399,-2.866651516618899,0.603348151319758,-4.751239413510114,2.021735836607441e-6,3.1303355738525024e-5
REST,1294.3514206470286,-1.6124424125163992,0.3396398652309842,-4.747506337101506,2.059399396130953e-6,3.1840569914243694e-5
INSYN2A,9.386677020735734,-3.9121752065621562,0.8243971078726959,-4.745498460878004,2.0799349530657525e-6,3.211180150560507e-5
TMEM213,10.577785315970758,-4.021523630804787,0.8475519955347751,-4.744869520680379,2.086407792699809e-6,3.218857744884105e-5
SNHG17,362.5290001790217,-1.654407603767417,0.3491064634010134,-4.738977295493448,2.1479956789425793e-6,3.3067422718872134e-5
TUT7,539.2551981552106,-1.2101690969676342,0.2555847693231771,-4.734903023260443,2.19159864313953e-6,3.364213653918048e-5
ZNF292,943.4662981827092,-1.6034685964205164,0.338965155190083,-4.7304820919463895,2.2398728591086873e-6,3.425561280076358e-5
MYO1F,20.367694560601457,-3.269900670453757,0.6918800800185364,-4.726108996180598,2.288628359446853e-6,3.483259900264501e-5
MIF,538.3195952089515,-2.637412965546854,0.5588305942502467,-4.719521430435158,2.3640014146081192e-6,3.5877984694123226e-5
LUC7L2,1618.6971301021636,-1.160244290905469,0.24587969263123777,-4.7187479311094025,2.373006353452298e-6,3.598919883044969e-5
GPM6A,6.453285149755541,-5.0428348780581205,1.0688202105825744,-4.718132037669327,2.380200014879529e-6,3.604734814348249e-5
APPAT,353.2674904849167,-2.0304622336739984,0.4306995538131771,-4.7143355865995265,2.425007176243757e-6,3.667417477250953e-5
SART3,864.9351132953955,-1.116747657586868,0.23700769315017192,-4.711862483211794,2.4546300596066396e-6,3.704385448604676e-5
DNAJC17,183.90437779787467,-1.6062438685087,0.3410592212310075,-4.709574667740043,2.4823426406097e-6,3.7409461423795054e-5
USF3,843.5814234206624,-2.1613797432938577,0.460011455873061,-4.698534603212762,2.620347980548631e-6,3.9213854715881186e-5
PPDPF,3326.021935732618,-2.675107025439261,0.5697464331304825,-4.695258925520315,2.662692279323058e-6,3.9764353732966476e-5
SMC1A,5727.71543120404,-1.8045186634770074,0.38446910579881943,-4.693533592842841,2.685258713388711e-6,4.007347148075225e-5
SPDYE3,12.53932543472509,-3.32488576299375,0.7086131455444699,-4.692102854568188,2.7041111118482754e-6,4.024287410559223e-5
MDN1,1745.108458298298,-1.3580558132721767,0.2899849722800126,-4.683193762057517,2.8243929479351184e-6,4.1887679794531885e-5
IFT20,215.65713865008712,-1.6174305391302297,0.345765960540009,-4.67781888247231,2.8994246580844094e-6,4.288191120778182e-5
NPIPB12,173.38820552249982,-2.016295522080575,0.4311414628270335,-4.676644897151722,2.9160657582049362e-6,4.2979925254861216e-5
PWWP3A,198.1561281705416,-1.4221958319038612,0.3040796230847223,-4.6770507588652555,2.910302380206068e-6,4.2979925254861216e-5
PWAR5,29.241643409893236,-3.0582423467801405,0.6544467380529438,-4.673019466608959,2.968036230324183e-6,4.3655968130745006e-5
OR51M1,10.483042044997498,-6.178478935686517,1.3231629745670745,-4.669476893205882,3.0196766000937393e-6,4.426383868716643e-5
OR5AU1,23.02675015831706,-4.382494404966025,0.9386880920818089,-4.668744007657104,3.03046700971469e-6,4.439168739145205e-5
PRICKLE1,65.98905866501309,-2.150792298909607,0.4614859218751428,-4.660580522522449,3.1531877047997224e-6,4.6032250438776903e-5
RPRD1A,810.2506922969162,-1.532772734457262,0.32891582737526676,-4.660075943102885,3.160927380419115e-6,4.6113869193605854e-5
POTEE,20.119350355655637,-5.563137304158755,1.1942468836965743,-4.658280779380453,3.188611161274154e-6,4.648613826151043e-5
CCDC171,47.647197006175645,-2.132859216168434,0.4580993292384614,-4.655888101198648,3.225871137049467e-6,4.696553229381381e-5
ZFHX3,1086.4448191331119,-2.5321190307709545,0.544533104406794,-4.65007363240001,3.31816542488356e-6,4.817850474830934e-5
CCR5AS,11.313476778075916,-3.8941631468957594,0.8375216470628671,-4.649626861051689,3.325360936018273e-6,4.8218044610326316e-5
AGGF1,548.2786710759063,-1.5872577383437891,0.3418945350632845,-4.642536149488287,3.4415840048147777e-6,4.970147560116092e-5
SZT2,492.45353686383856,-1.4389165391843675,0.3108121510073384,-4.62953759858119,3.664831813755194e-6,5.257171839785192e-5
RIOK1,345.6035554443707,-1.5680730091839215,0.33895588136426064,-4.626186165800097,3.724605402913076e-6,5.33578317399964e-5
CHD8,2080.921255064102,-1.746045547165649,0.37764276052543916,-4.623537717858701,3.772501066020746e-6,5.386418687744858e-5
SFPQ,4891.165584741584,-1.5686889808706705,0.3392778647085196,-4.623611334675083,3.7711618067018504e-6,5.386418687744858e-5
PLEC,4380.773748193823,-3.0103483515670275,0.6511383827328058,-4.623208263246128,3.778500191539265e-6,5.3913972147894036e-5
ZNF587B,212.16360300885992,-1.6975337595252153,0.3677647548544732,-4.615814150534735,3.9155723852623265e-6,5.553746423511535e-5
SLC38A4,8.830444573279644,-7.117403474060975,1.544361769716897,-4.60863744080229,4.053164048846375e-6,5.7375264174302915e-5
PEG3,99.87116034243562,-1.8050787245410904,0.39188878165176366,-4.6060995084699865,4.1029211012605324e-6,5.7964902457571444e-5
NOTCH2NLA,379.9478672532572,-1.4261442346398339,0.3100566934803313,-4.599624083684883,4.232540224069375e-6,5.96782609780084e-5
LOHAN2,8.189999262021,-3.8717411062534177,0.841981593602283,-4.598367868932616,4.258136364348659e-6,5.9921053363227693e-5
NEK7,645.3577984693109,-1.3266373459053862,0.28873772483073623,-4.594610374114041,4.335585963215834e-6,6.081155213765477e-5
ATP2A1,32.778048254275035,-3.1081615020188718,0.6768135882006346,-4.592345006373436,4.382930051554124e-6,6.139535176654798e-5
CCDC191,189.40435890908185,-2.007593382358045,0.43770446530109286,-4.586641310540527,4.5043356546974674e-6,6.293110187729929e-5
PBRM1,773.6114997081369,-1.5485850626216475,0.3379238847136322,-4.582644591500152,4.5913202310660345e-6,6.402191823175901e-5
SMCR5,10.512108532404158,-4.140119445647287,0.9039570840200146,-4.579995575935572,4.649857655339092e-6,6.479606836595903e-5
KCNJ6,15.077952902044327,-3.218589562798645,0.7032856844803727,-4.576503736425009,4.72811268205473e-6,6.563085262412322e-5
MZT2A,120.8804711349793,-1.873135138270257,0.40928646045311207,-4.576587107710698,4.726229648845651e-6,6.563085262412322e-5
ARLNC1,9.2842708794703,-3.4304783115769286,0.7497395890441663,-4.575559783298096,4.749483104648704e-6,6.588487874968403e-5
CNOT3,616.7266076323734,-1.1411795074732418,0.2494542503592706,-4.574704603468111,4.7689236142846154e-6,6.606914187382042e-5
SEMA3E,188.40556175495612,-1.825723231766778,0.39921222446770843,-4.573314943451732,4.800676932453745e-6,6.646614643255315e-5
PARAIL,215.16597604650423,-1.8327030327302958,0.40082215653501646,-4.572359593525085,4.822623747535022e-6,6.668395980805514e-5
ZNF56P,61.31201927434857,-1.855351923095679,0.406757967958191,-4.561316727018321,5.083383463612965e-6,7.006384658261671e-5
CD5,15.457031697640494,-3.6670182790291626,0.8061611729436982,-4.5487408747794715,5.396784655566017e-6,7.412934072767404e-5
SEPTIN1,16.28884751912665,-3.3382443905030446,0.7338975853976466,-4.548651551557141,5.399075468655849e-6,7.412934072767404e-5
RBM14-RBM4,29.799979201228545,-2.5768172729013985,0.5671010748014609,-4.543841278741234,5.523825718216793e-6,7.579367002105651e-5
TTLL10,5.343216714920766,-5.317313676738961,1.1707023429065928,-4.541986021431594,5.572673706859609e-6,7.631235891113947e-5
OPRM1,20.09937753822503,-3.0499618645355664,0.6716008228401702,-4.5413313397047554,5.5900096449968406e-6,7.636002990555837e-5
RNF4,731.0423857469049,-1.1250251002083635,0.24772860527035653,-4.541361297297811,5.589215243632182e-6,7.636002990555837e-5
NUPR2,37.738992944470006,-2.648646948743865,0.5837214789696742,-4.53751839562078,5.692006668743536e-6,7.760512268820602e-5
CDC37L1,138.015862297418,-1.6929958328218107,0.3734779423101902,-4.533054408379764,5.813683237181497e-6,7.911327981605258e-5
TNFRSF9,6.084946667891584,-4.4401692316007795,0.9839079121885457,-4.512789435470982,6.398053429703327e-6,8.592129324244894e-5
EEA1,820.2790714510602,-1.4098917325673779,0.31248828329815687,-4.511822707996213,6.427290231990911e-6,8.620603023657809e-5
RELL1,246.87225130121004,-2.331826863161783,0.5170231373972115,-4.510101568956127,6.479659408851882e-6,8.674578347720611e-5
OTUD7B,664.6396511093119,-1.2067634891281107,0.2679355983993614,-4.503931154864366,6.670782475775083e-6,8.897140579871554e-5
CWF19L2,154.32743110480965,-1.438963451791266,0.31961623362632785,-4.502160092010839,6.726628125478553e-6,8.949376290934268e-5
PHLDA2,21.529809723444036,-2.711576741134241,0.6030373062677511,-4.496532325531266,6.907068266369541e-6,9.149733641746318e-5
ASB18,6.2638677349659995,-7.414216963258039,1.648979457372018,-4.496245802281911,6.916377682429454e-6,9.156413637565459e-5
AOX3P-AOX2P,5.354197131929193,-6.52132625376072,1.452185385302741,-4.490698171019812,7.099009025930234e-6,9.369294815280616e-5
ZNF276,113.18846668372151,-1.6788538977100973,0.3738454993253093,-4.490769317110885,7.09663792462224e-6,9.369294815280616e-5
XRRA1,395.7571354760531,-1.5513086028975407,0.3456570458709493,-4.487999366507113,7.1895142647324264e-6,9.482911869769998e-5
SPDYE16,44.140337085742985,-2.46189436615194,0.5490358842693225,-4.4840318031822655,7.324573838645908e-6,9.631455550082181e-5
C10orf53,5.395009439442926,-5.939823864109602,1.3248251311323727,-4.483477648882336,7.34362978346465e-6,9.650599825667567e-5
KLHL33,5.659707914725253,-7.317223217008437,1.632570969524051,-4.482024581842009,7.393822434729761e-6,9.710613797386823e-5
ARID4B,2844.6768094040026,-2.149112253179222,0.4799063122275358,-4.4781912602980585,7.527814295957146e-6,9.874504571591709e-5
CREBRF,157.1716336934024,-1.7301445385611887,0.3863903385091287,-4.477711697546271,7.5447396737491805e-6,9.884622307610343e-5
CACNA1A,21.006569066764822,-3.334161435768435,0.7452690756965032,-4.473768662214303,7.685288826785895e-6,1.0044232534885829e-4
SURF6,487.80691113074886,-1.5965642616258142,0.35694567165948077,-4.472849479314895,7.71841099182354e-6,1.0081381611961848e-4
APRG1,21.26928347181599,-2.723461730990331,0.6090554679601241,-4.47161527030021,7.763099639174419e-6,1.0133583835564661e-4
HEPACAM,4.652723412558115,-6.300467230212901,1.4110925414897444,-4.464956794088966,8.008491132881275e-6,1.0434864584798552e-4
CACUL1,438.9886953832928,-1.4231508636694317,0.31882312603473556,-4.463762969046293,8.053265160346487e-6,1.0486836792538569e-4
TCEAL9,612.6091857795623,-1.6009651710862804,0.3587703765743339,-4.462367228790907,8.105915391341362e-6,1.0548996015657104e-4
MRPL53,169.69006913035426,-1.8203721272875932,0.40819895797827416,-4.45952173984844,8.214274159438932e-6,1.0631985733507809e-4
SLC6A20,16.345103215874108,-5.431277320245293,1.218626144142685,-4.4568856054423875,8.315894963780543e-6,1.073142257432658e-4
CDC73,1092.9808299415492,-1.087277930318903,0.24398997429020255,-4.456240193810959,8.340957549268087e-6,1.0757028185534443e-4
HES4,25.742251975385617,-2.5787237049524063,0.5793385259396854,-4.451151769631968,8.541094876643446e-6,1.0993134321099492e-4
SLC22A24,10.133770698835923,-4.830734795160171,1.085298497674724,-4.451065587495171,8.544523787322438e-6,1.0993134321099492e-4
MTNR1A,6.535340742509247,-4.199177912658344,0.9434453807360748,-4.450896679765554,8.551247900248975e-6,1.0995193525424985e-4
SAMD12,375.7920427312075,-1.7674425643352596,0.39744594501337044,-4.4470011243310115,8.7077382261721e-6,1.1183007919428681e-4
TRIM17,17.453295594675122,-2.9484028793405512,0.6634798484993986,-4.4438469171429915,8.836448867931332e-6,1.1334739552050591e-4
SLC25A53,44.16995379255597,-1.7076929597831338,0.3845386711429285,-4.440887452769099,8.958864397357634e-6,1.1484900236994912e-4
CACNA1D,429.4312714971885,-2.0402265755827913,0.4597445662901671,-4.437739399610664,9.090858771161833e-6,1.164715398382883e-4
FGD4,252.78378530723927,-1.5791545708395336,0.35592178785321854,-4.436802198495288,9.13051216086348e-6,1.1684076515357285e-4
EIF3A,4066.8394338221815,-1.5350188507313887,0.34662365337102213,-4.428488465235583,9.489579285727917e-6,1.2078669719556412e-4
PROB1,96.51676377473686,-2.1484240234421605,0.4852454863837397,-4.427499242606356,9.533190717452622e-6,1.2119802890789886e-4
SNORA9,4.057147252598806,-6.853418267474416,1.5483254954890722,-4.4263420627260395,9.584449804877534e-6,1.2177755643142207e-4
FTX,686.5884786386086,-2.8202724641921573,0.6372692352888829,-4.4255587874310125,9.61929551531469e-6,1.220757432044076e-4
ACBD3,2486.067886567652,-1.57460275142287,0.35602520062571386,-4.422728359272061,9.74622481288615e-6,1.233657444047995e-4
MT2A,889.1249283064952,-2.959338209275028,0.6691321083627896,-4.422651629311048,9.749687908226465e-6,1.233657444047995e-4
SNX29,385.28755102761556,-1.975505971313134,0.44694956115404477,-4.419975189621587,9.871223365090427e-6,1.2453642176063525e-4
ZRSR2,324.5891176960767,-2.3814784189042335,0.5393400404385292,-4.41554166267331,1.0075737078755345e-5,1.2677765718986103e-4
RNF168,845.4440503716679,-1.9563154057791583,0.443230259462836,-4.4137677065416865,1.0158696019249832e-5,1.2771272206977234e-4
ATRX,1989.1086464759562,-1.409242929052622,0.3194437917892578,-4.411552095469498,1.0263225330973739e-5,1.2895129719127425e-4
TMEM212,14.205838795918199,-2.8106150141411375,0.6372239905622333,-4.41071751184585,1.0302865472517138e-5,1.2934771730342695e-4
ZNF106,1638.8096333227547,-2.0218057578485396,0.45839343551362166,-4.410634187165316,1.0306831155119296e-5,1.2934771730342695e-4
HLA-L,16.420115147596146,-2.5211858832336858,0.5716587973073276,-4.41029840721279,1.0322826753383892e-5,1.2947274233057762e-4
RENO1,36.03499499746779,-3.197615062021531,0.7253419580776996,-4.40842422861604,1.041254361867349e-5,1.303694201031115e-4
SHISAL2A,16.47929920857972,-2.4320397165836196,0.5517101653488191,-4.408183624903777,1.0424115098650534e-5,1.30438198260665e-4
PRRG3,10.762277187592302,-3.6771951770246645,0.8343530019079507,-4.4072415016376345,1.0469543419119725e-5,1.309303040642828e-4
ITK,12.004954245854654,-4.935794754590198,1.1208375658817773,-4.4036664230709865,1.0643656304229261e-5,1.3280817282044753e-4
PPIG,1296.342916531164,-1.5740105393761517,0.3574331526957575,-4.403650102137921,1.0644457467435683e-5,1.3280817282044753e-4
RBM23,775.3760560286859,-1.6694129948042817,0.37928206113616986,-4.4015079168348255,1.0750114491960341e-5,1.338928943688154e-4
REL,580.2046072353239,-1.6622264951099688,0.37814891707773773,-4.395692860779124,1.1041997420359476e-5,1.3728926108975338e-4
PRKCE,187.1767706407882,-2.995659972679513,0.6818366689100047,-4.393515499054082,1.1153223379456394e-5,1.3851167460829527e-4
EZH1,251.48742992530453,-1.6251441993319027,0.3700297174116202,-4.391928871821114,1.1234945731500904e-5,1.3936528057688404e-4
ERVK13-1,554.5771595484457,-2.1792186680629237,0.4963827243623542,-4.390198451935078,1.1324726027709136e-5,1.4015491381467015e-4
OBSCN,420.00070882201044,-2.2681786947003895,0.5168051228504538,-4.388847158074176,1.139531175184301e-5,1.4078491087769198e-4
FAM153CP,26.174846336073248,-2.846355833047332,0.6487558406542796,-4.387406871245647,1.1471008387403305e-5,1.4163857306885783e-4
RAI1,495.24768542345856,-1.4725995887838959,0.3358543096716778,-4.384638059947689,1.1617878203591542e-5,1.4328716451096236e-4
ROCK1,1736.1023469616334,-1.2424607391259386,0.28338326309879225,-4.384382922052795,1.1631501782246585e-5,1.4337279049225258e-4
TSPAN7,53.92668279011093,-4.837649009525433,1.1035839580855509,-4.383580401003268,1.1674453424991566e-5,1.438196156718249e-4
MAB21L2,4.645004723823737,-6.324123994548807,1.4429289179857434,-4.382838208951393,1.171431092041315e-5,1.4422783267473678e-4
HELLS,609.9842055841897,-2.3587435454242724,0.538237565413852,-4.382346564031868,1.1740784913132853e-5,1.4447089692421505e-4
RBM39,2844.0616401534276,-1.0422537422927576,0.23795347523590174,-4.380073631030144,1.1863921380525309e-5,1.459024371496121e-4
TMED4,865.908582737704,-1.3138406654679144,0.30009323800384063,-4.37810819799645,1.1971391849922564e-5,1.470555633081501e-4
SCARNA3,6.198006602518661,-5.5210725993853815,1.2617444688054098,-4.375745434899829,1.2101818498451445e-5,1.4840287141529602e-4
DLEU2,95.3818840499338,-1.9193212154642716,0.43874347615209885,-4.374586335271005,1.216629658880045e-5,1.4902152841108696e-4
MIDEAS,663.4852500550875,-2.0145034803915918,0.46051431966649936,-4.374464363780215,1.2173100619973694e-5,1.4902152841108696e-4
ZC3H6,305.8612964565539,-2.73814152738716,0.6264219991679221,-4.3710813653164164,1.2363270736139386e-5,1.510050028443661e-4
UBALD1,84.0642875180197,-2.042771347821084,0.467414508432911,-4.37036358727895,1.2403982505079052e-5,1.5124401395397527e-4
ZNF483,129.02339671390877,-2.5857956573688536,0.5916846318917041,-4.370226161023786,1.2411791784876908e-5,1.5125329455051585e-4
PRPF38B,785.7880240228809,-1.6816494502084915,0.3849635249842058,-4.368334507217238,1.251976336655652e-5,1.5230959288339168e-4
SPANXA2-OT1,25.427766741019944,-3.3662321501509957,0.7711586934013387,-4.365161385010916,1.2702893863987185e-5,1.543624588455068e-4
A1BG,91.6274268705059,-3.1345240530055887,0.7182889339231242,-4.363876296806579,1.2777784993201758e-5,1.550968698835462e-4
ARGLU1,1555.9518449400614,-2.495891670669166,0.5727636697202296,-4.357629162981481,1.3147890858198535e-5,1.5904945761947045e-4
CCDC7,94.3687957529637,-2.58555484932522,0.5933779225482755,-4.357349255970788,1.3164710802162895e-5,1.5916320778276943e-4
PDS5B,509.257413645261,-1.49645931243248,0.34350449814948597,-4.3564475006707255,1.3219038054918771e-5,1.5973004316360183e-4
C17orf67,48.72751593426393,-1.7676358769697835,0.405767784375106,-4.356274561550009,1.3229481378278188e-5,1.5976627483277992e-4
VGLL3,7.884224939860132,-3.9575565543797797,0.9086260147222549,-4.355539562214174,1.3273953866715808e-5,1.6021318896497258e-4
SUDS3,1405.6665252204848,-1.4933963229543905,0.3431267499735878,-4.352316813158242,1.3470641407815268e-5,1.6240447450096386e-4
OR10K1,6.982567774226401,-4.594128678118437,1.057021420260042,-4.346296669170827,1.3845527742840251e-5,1.6654990210838105e-4
SAP30BP,657.9280935009565,-1.343518486091886,0.3094081425137564,-4.342220845180739,1.4104964362903795e-5,1.6910197498766225e-4
RC3H2,1684.1664733565624,-1.8101219549318228,0.41732921597246414,-4.337395719381546,1.4418090263774746e-5,1.7230538587353753e-4
SULT1B1,17.619788445135526,-3.41059940732653,0.7863304594675417,-4.337361431523325,1.4420338910944709e-5,1.7230538587353753e-4
RN7SL648P,7.6106759466298985,-6.953914609259934,1.603524952922109,-4.336642592675463,1.4467558474187188e-5,1.7267731082094387e-4
TRABD2A,9.650098616790814,-3.2520786629597516,0.7500464389289611,-4.335836415147309,1.4520690606169426e-5,1.731189002268866e-4
DCLRE1C,202.243256116064,-1.2337688321533322,0.28479181778803847,-4.3321779457568095,1.4764153577728683e-5,1.7543673077411823e-4
FAM133HP,5.580839905160523,-7.312659672402298,1.6884471812660795,-4.330996997441703,1.4843570621162407e-5,1.7599062183985926e-4
NPW,6.39458901277804,-5.934994328865798,1.3718433755934014,-4.326291495411107,1.5164072305555768e-5,1.794931007596397e-4
PTPN14,738.4016490146278,-1.6068505731276803,0.37209938368978956,-4.318337099067258,1.5720919104174765e-5,1.8543858553840691e-4
TAOK3,747.9882638769061,-1.8125759757397908,0.4198378200553988,-4.317324188422606,1.5793211376377274e-5,1.8581267332075456e-4
SMIM18,4.455226734437624,-6.227094509606951,1.442426943709561,-4.317095251696022,1.580959463083635e-5,1.8590350727547842e-4
FALEC,13.606042525553015,-2.8544930735618954,0.6619187692744379,-4.312452231398193,1.614537721851955e-5,1.8964411336038834e-4
PM20D1,5.42403606171819,-5.888534064796735,1.3655472119924668,-4.312215654707968,1.6162667150680693e-5,1.8974334630941339e-4
ST18,5.8250305975920735,-7.3191861938006,1.6985479848601628,-4.309084146600174,1.639319918221688e-5,1.9213438255072322e-4
NBPF20,403.95592805428987,-2.0913942343114345,0.48539111384247596,-4.308678454690777,1.6423293279319096e-5,1.923820271693165e-4
SPDYE10,30.39235557815148,-3.1592579358927693,0.7332552144430603,-4.308537973769972,1.6433726377327173e-5,1.923992187983858e-4
UTRN,2222.073948943279,-1.5873786050820256,0.3684948612806151,-4.3077360687350525,1.6493402518216657e-5,1.929925943516518e-4
TNNI3,117.64508929474596,-2.6006766607897145,0.6039260821122857,-4.306283066453455,1.6602058525603378e-5,1.940523834201789e-4
ASPN,7.75324919129209,-6.068634984229354,1.411597779542533,-4.299124773486157,1.7147392075325975e-5,1.9988214771129572e-4
SON,4772.913619686859,-1.1130834117827206,0.2589690296823299,-4.298133306318942,1.7224256616263822e-5,2.0056025338308282e-4
GTF2I,3687.513660389283,-1.3530763388300653,0.31516359744558853,-4.2932507110491,1.7607598991896566e-5,2.045798994943694e-4
FAM85B,16.290283313445837,-2.398937819970354,0.5591912985471243,-4.290012784897063,1.7866283274608253e-5,2.0736097299788703e-4
ZBTB16,48.98282594661655,-4.902499518508651,1.1438001588985018,-4.286150408677892,1.817959252326779e-5,2.1051969963332645e-4
SNORA52,4.408296119726706,-6.94884269721721,1.6221580637082598,-4.283702588964807,1.8380857776265348e-5,2.1229989659776876e-4
NOTCH2NLB,167.24251040875276,-1.3358238229017745,0.3119515494647571,-4.282151587942954,1.8509481241789035e-5,2.1355562766064122e-4
RASSF8,260.1508131045804,-1.992704203415707,0.4654142521738879,-4.28157108233805,1.8557842322825756e-5,2.139985471509085e-4
VILMIR,6.496813444446057,-5.200577861388991,1.2150654447163491,-4.280080454928121,1.868257630044529e-5,2.152056293116242e-4
RO60,1003.5686142208968,-1.6640212689126483,0.388961634872157,-4.2781115660920515,1.884855509039385e-5,2.1688471433772225e-4
IGSF6,10.884059238078295,-3.765874258432066,0.8808114877562839,-4.275459971605257,1.9074307116365658e-5,2.191298879642436e-4
SRSF4,1183.9091907544669,-1.3204321540634627,0.3089112180320434,-4.274471359361557,1.9159133031150986e-5,2.1998662110674167e-4
PCM1,1806.1685453930888,-1.7251713945280756,0.4036117218631933,-4.274334220433849,1.91709283036745e-5,2.200043429929705e-4
NANOG,10.307619212849753,-4.61056118434355,1.0796832767413944,-4.270290448749694,1.952185678985829e-5,2.2355338671844127e-4
TRIM44,1432.9986504741778,-1.7233901383768775,0.4036010670172599,-4.270033652570044,1.954434755302951e-5,2.2369157252694042e-4
TRAPPC5,112.92398115249135,-2.723149186033861,0.638192661207212,-4.266970386156938,1.9814545005002852e-5,2.2630129633175155e-4
ZFX,485.1862608673164,-1.6948190490088713,0.39752605028312954,-4.2634163164949115,2.01324919159053e-5,2.2968807895551712e-4
DNAAF1,30.05756888480297,-2.427055223242156,0.5695570579090519,-4.261303041616795,2.0323842296768874e-5,2.3173763906032282e-4
RNVU1-22,5.136570022990176,-6.196319531456292,1.454975331703553,-4.258711056084609,2.0560903458480235e-5,2.3420222304617084e-4
TVP23A,11.610392631235564,-2.8783929461697184,0.6766083742597719,-4.254149158763751,2.098453922057584e-5,2.3861750043563653e-4
CFHR2,6.043309107755706,-5.956304542463937,1.4003552014132223,-4.253424085869716,2.105263302150027e-5,2.3916861018602212e-4
EXPH5,174.3389803425599,-1.627541614162102,0.3827272242059558,-4.252484566622515,2.114117905855962e-5,2.3979371173186545e-4
UIMC1,417.1298207354271,-1.3579340028240345,0.3193217424162748,-4.2525572876706965,2.113431274284778e-5,2.3979371173186545e-4
NACA,7608.881303842958,-1.633797930347729,0.38428130506103386,-4.25156755957264,2.1227945234216004e-5,2.4039667795581817e-4
XPC,609.7413237110757,-2.367310280833335,0.5568505381347508,-4.251248977441907,2.1258168383848015e-5,2.4061196915473544e-4
PARD3B,265.9156407278192,-1.688924512859171,0.397390601719496,-4.250036376178125,2.1373580174966246e-5,2.4179073829982902e-4
NDUFB7,252.00954811948387,-2.397370213343858,0.5641838911086102,-4.24927094007075,2.1446738942864588e-5,2.4249052566589782e-4
TBC1D3K,28.529260044520647,-2.5708822200323405,0.6055082859938788,-4.245825002728914,2.1779056732040086e-5,2.4585931481829575e-4
SUPT6H,2457.061530421208,-1.2094411533910467,0.28497605364470135,-4.244009761251511,2.1956079482203027e-5,2.4772737417879965e-4
MACC1-OT1,10.673397346264842,-3.1764781348515614,0.7492017836161906,-4.239816567867172,2.237025117110091e-5,2.520029344524019e-4
MTCL1,139.52490705269213,-2.655198862000572,0.6267514894148055,-4.236446034583367,2.2708546662104344e-5,2.555455749180699e-4
DLEU7,13.109568254114716,-4.171392729725145,0.9851089044405411,-4.234448304062529,2.2911348119222954e-5,2.575576378410291e-4
TATDN1,226.89843039752355,-1.228986292794559,0.29034139549512666,-4.232900688166553,2.3069639361205227e-5,2.592012883201383e-4
ZCCHC17,570.7592742945362,-1.4825100212289328,0.3505864414563766,-4.22865760315891,2.3508980588236426e-5,2.633103984465312e-4
OR9H1,6.047622587703552,-3.934787609007887,0.9334020436821528,-4.215533526673724,2.491883668745782e-5,2.7750816570464183e-4
NPIPB5,707.3480535260683,-1.3878825389029807,0.3292753468776581,-4.214960373023757,2.4982205039809508e-5,2.7806956439539005e-4
COPG2IT1,122.95736412420405,-2.963682013137252,0.7040640402974464,-4.209392673832885,2.5605803828671187e-5,2.8456786647503034e-4
CREBBP,1548.8668939727786,-1.5453086494987118,0.3672966853960264,-4.207249101179691,2.5849814988081994e-5,2.8668580343371556e-4
PVT1,276.3412159533391,-3.2142117874906475,0.7645722411090585,-4.203934716264663,2.623146242875134e-5,2.906180607749116e-4
UBXN1,395.72833441191534,-1.382504080965273,0.3292179780533036,-4.199357790665466,2.6767307797334078e-5,2.954868443059616e-4
PALS2,281.3748556820839,-1.5376353631447717,0.366723160892352,-4.1929049678870145,2.754048357345347e-5,3.032501269937799e-4
SRRM1,1354.5868789305516,-1.5989957981945948,0.38133204431677925,-4.193184973634896,2.750649715293908e-5,3.032501269937799e-4
BCL9L,689.924413412329,-1.6993116505638488,0.4057253132312624,-4.188330368224389,2.8101423947936606e-5,3.086266928980141e-4
PDK3,503.4212077335872,-1.2603760522368472,0.3010862239593588,-4.186096712305825,2.837924680194092e-5,3.115184840765484e-4
TMTC3,787.1199205335486,-1.833511761720016,0.4385678754208017,-4.180679581149848,2.9063917203064082e-5,3.175721299275739e-4
PODXL2,534.0210165208065,-1.1749398507374231,0.2810603437908907,-4.180382884650494,2.9101866577536564e-5,3.1782496526917793e-4
TRIM66,52.4188055503865,-1.7847098951977443,0.426987555535158,-4.179770281503654,2.9180371505150727e-5,3.1852023016303894e-4
CHD7,661.1686592898905,-1.997089461231637,0.47820097174595316,-4.176255547829797,2.9634688632165086e-5,3.2249514099709064e-4
CCDC124,162.07233679005213,-1.8583746028258166,0.4454285186562715,-4.172105118980691,3.0179833696117418e-5,3.272659075890247e-4
HLA-DQA1,39.93563503613503,-1.7420576762249464,0.41788082649187336,-4.168790635477564,3.06220109223581e-5,3.3122396894849035e-4
ZNF676,5.861805851397783,-4.8870511070760285,1.172975107440442,-4.166372394500426,3.0948499759487716e-5,3.3408189378199515e-4
MED13L,1447.9449326031545,-1.2115684981357062,0.29104599344102317,-4.162807684831488,3.143581214726962e-5,3.3917170873826353e-4
OMD,3.2290241683672205,-6.508992221790755,1.5662094446949122,-4.155888756665406,3.240254652982435e-5,3.481545220909547e-4
GPR183,5.687313113406987,-5.150672093712015,1.2411343767964873,-4.14997134073951,3.3251690517777314e-5,3.562562548734404e-4
FLRT1,21.223203728056625,-3.721509131863088,0.8968318496679413,-4.1496174932246275,3.3303131400024104e-5,3.566293412397791e-4
ZNHIT2,29.740695175396613,-2.309326972450828,0.5566960183495695,-4.148272838913531,3.3499301942101536e-5,3.5820448822231245e-4
MESTIT1,6.922441393081664,-3.846894869428243,0.9278306616677447,-4.146117420299063,3.381604584717118e-5,3.612206788851635e-4
ERICH1,123.21915369792092,-2.2614680844047244,0.5459913329094097,-4.141948686903323,3.443673983613687e-5,3.6639994607105933e-4
PCDHB3,66.30851060552314,-3.500951960278128,0.8454002182354768,-4.141177024516661,3.45528152401584e-5,3.6744470518027716e-4
CR1,4.026779502797684,-6.0600258765360815,1.463431073234685,-4.140971165209267,3.458384384720511e-5,3.674565714418987e-4
CSKMT,107.8676282924176,-3.652732401060848,0.8821386571831211,-4.140768995120214,3.461434214315463e-5,3.675525890114292e-4
ZNF580,122.48367167033805,-1.5884340548084863,0.38400884565903193,-4.1364517322053675,3.5271750567913365e-5,3.7360896702241895e-4
HCLS1,11.642173783429147,-2.700180327571476,0.6537885372639335,-4.130051497800148,3.6268198428561043e-5,3.828408943811707e-4
CRTC1,181.39805405190037,-1.9792625884971908,0.47928249735096334,-4.129636695345125,3.6333692544482955e-5,3.833436784683403e-4
ZNF660,12.980312428136342,-3.8043561792155423,0.9217354304442882,-4.12738412082282,3.669132195956654e-5,3.8653585467542237e-4
EIF4E3,168.9973446443866,-1.5505831843767444,0.37578204468299936,-4.126283323847415,3.6867302983271574e-5,3.8801977539039135e-4
ZNF236,281.2831378894191,-2.1216191456164206,0.5143591789208085,-4.1247813445613035,3.7108712795075186e-5,3.9036910616780074e-4
DNAAF11,133.80166488963067,-1.5627096626844785,0.3792522156468887,-4.12050239447902,3.780471378880041e-5,3.9671841462477105e-4
PNISR,3101.592436134347,-1.291288290962636,0.31381029344866823,-4.114869135654594,3.873991375938088e-5,4.0593679163882505e-4
CLK4,305.6173998238942,-1.287720570937098,0.31322134295646115,-4.111215917735516,3.9358092131725316e-5,4.1181114439143115e-4
OR1D2,11.808486039639465,-2.8455682727085265,0.6923756788690288,-4.1098616828318715,3.9589618195532725e-5,0.00041337387782958693
OR1I1,11.265488146203475,-2.757427596816488,0.6717415699525359,-4.104893489041214,4.045012073115912e-5,4.215928076205317e-4
XIAP,791.1352325253653,-1.4537974472069106,0.3542824123506967,-4.103498780988956,4.0694859806400584e-5,4.239377142938624e-4
TRHDE,5.32113202871447,-7.206993463373998,1.7566529859878888,-4.102684776595761,4.083834746862373e-5,4.2522607310852266e-4
OGN,5.10865069451347,-6.074491099153527,1.4808259010559532,-4.102096738598308,4.094230170398899e-5,4.261017432432608e-4
EHMT1,1355.327469869298,-1.8184669414941426,0.4435147310777249,-4.100127490862216,4.129225968133856e-5,4.287043506345068e-4
FBXW7,481.0664726348065,-1.9848590856604023,0.48416347384756575,-4.099563872274504,4.1392942441899795e-5,4.293342410841805e-4
ZNF69,222.9295337938703,-1.4021682230185961,0.34233389412977205,-4.095908255251704,4.2051645256831115e-5,4.355348973028937e-4
GOLIM4,673.5880271334416,-2.3640846015803287,0.5773516119014973,-4.094705120497123,4.2270603746914435e-5,4.375914888609666e-4
NIBAN3,11.295407734544511,-2.7528892084422383,0.672566025184098,-4.093113694954639,4.256188926013401e-5,4.393353263696372e-4
WASHC2C,431.8348579372313,-1.309735584818305,0.31997781519388,-4.093207474476672,4.2544671719595424e-5,4.393353263696372e-4
FAM242E,5.309711195492715,-6.175451091676612,1.5097127723881165,-4.090480788546332,4.304798701867051e-5,4.4349966462826175e-4
PAFAH1B2,510.75384053104943,-1.072971342845903,0.2623361182810185,-4.090063350318081,4.312553817626773e-5,4.440854363064805e-4
RBMX,2522.1949604832566,-1.256122232097767,0.3071398462874148,-4.089740381397193,4.318562985992932e-5,4.444909433065147e-4
HOXB7,198.15761208741853,-1.943782398919103,0.47529852652825905,-4.089603250229168,4.3211168537148515e-5,4.4454059290853655e-4
CYKILR,140.7583991217472,-4.098121081698858,1.0022588571365585,-4.088884874918582,4.334518972582814e-5,4.457056883163737e-4
SPTY2D1,707.4711167949786,-1.7587703744079954,0.4308045030929192,-4.082525511644085,4.454891984093473e-5,4.5677010023242203e-4
RSRC1,609.372473852889,-1.7439546365764058,0.4273649381353573,-4.080715287935135,4.489732262404461e-5,4.5990288473126366e-4
MAST4,151.6682077852022,-1.952164883530397,0.4784856711729544,-4.079881595502917,4.505864605548794e-5,4.6111518567037253e-4
PDXDC2P-NPIPB14P,213.74519674274268,-2.041812108740927,0.5005522921257245,-4.079118487440833,4.5206792853531134e-5,4.6241076007472745e-4
MPDZ,476.4168245701476,-1.6345854114713356,0.4007609968674573,-4.078703826590036,4.528748706825895e-5,4.6279498689754143e-4
RUNDC3A,11.032481404080652,-2.8226500720387913,0.6929450416489682,-4.073411168830742,4.6329527057687746e-5,4.7172735643128175e-4
BRWD1,1654.216981077736,-1.2702655640613942,0.31211317771144553,-4.0698876393991235,4.7035817112545215e-5,4.7793022501667624e-4
CCDC186,431.2200344754297,-1.5597622048298878,0.38342423110206825,-4.067980263914714,4.742239679739744e-5,4.8140238186951227e-4
INCENP,660.982741885675,-1.3557009204256385,0.33335217485044494,-4.066872883111862,4.764821677532475e-5,4.8346606713875614e-4
TMEM160,22.769177350235893,-2.4912495909670627,0.612632001921586,-4.066469892452551,4.773064841395379e-5,4.838449291277507e-4
SLC22A9,3.999889056163977,-6.079975760778082,1.4953860697995194,-4.065823457612656,4.7863158956608685e-5,4.8473024596924134e-4
ZNF154,17.522155321531528,-2.302211582828277,0.5663430392046902,-4.065047901111753,4.802259797532594e-5,4.858863519804313e-4
GPATCH8,860.3925815449371,-1.3393041964707897,0.3299545178230258,-4.059057003696303,4.9271285804013224e-5,4.978162868898888e-4
GPS2,302.6797558390268,-1.617976445975792,0.39888434379032406,-4.056254578962093,4.986590668301604e-5,5.031018933106633e-4
LDB2,5.179746254763044,-6.303979082790226,1.5566883728461236,-4.049608895879744,5.1303300986433124e-5,5.160701830847938e-4
CASC15,27.853187870613993,-2.1426753757082557,0.5291996930305923,-4.04889761639448,5.145944890046003e-5,5.172457955053265e-4
COL10A1,13.89230834356459,-4.103448471194424,1.0136984402277047,-4.047997223190633,5.1657759156075565e-5,5.189960259781749e-4
EPC1,340.2644507771093,-1.4941448316865313,0.36912618319058244,-4.047788804282935,5.170376622525676e-5,5.192151722948105e-4
C2CD4D,7.301825389737875,-3.418894550821304,0.8447514862660795,-4.04721933776441,5.1829670201344306e-5,5.199126526610143e-4
NPIPB13,378.3434574006233,-1.7877417724949232,0.4417192197315167,-4.047235647979136,5.182606011995072e-5,5.199126526610143e-4
ISY1,320.72714924850266,-1.429581054320111,0.3533733059730468,-4.045526445138872,5.220567162558464e-5,5.227875469365592e-4
FOXD4L5,8.384612389032235,-3.539008966323795,0.875045688983096,-4.044370495026987,5.2463898514092795e-5,5.251283871793057e-4
SDS,7.896480560974545,-3.687169789851084,0.9122932634971154,-4.0416496946573615,5.307648168093539e-5,5.307648168093539e-4
WDR87,12.558662424753878,-6.525090572310821,1.6156956097472608,-4.038564277173176,5.3779357357795944e-5,5.372928346826355e-4
CLCN7,450.6028433058592,-1.6814846748200398,0.41698400610663106,-4.032492014549956,5.5188490880628837e-5,5.495800530386518e-4
HTR2B,5.282158200649565,-5.790050681568917,1.4375190162457552,-4.027808061065024,5.629927447948718e-5,5.596027931124571e-4
OR8A1,11.955053788874912,-2.7258254099543193,0.6779694623054844,-4.020572550104178,5.805686569331934e-5,5.744123272377285e-4
ZRANB2,831.8004058146528,-1.4758265439525904,0.3672195884559015,-4.018921077054196,5.8465249057971434e-5,5.779199653542455e-4
LMOD3,6.192888464563312,-3.5715863537399173,0.8905550019514992,-4.010517425553049,6.058582853972034e-5,5.958624566738765e-4
MPHOSPH10,641.0484637038396,-1.1554447992337693,0.28822223257611435,-4.008867702211823,6.10105830115139e-5,5.994904356351136e-4
CENPS-CORT,30.42665524942757,-4.006852211307702,0.9995542273949707,-4.00863915282548,6.10696495309918e-5,5.99592097606071e-4
CRIPTO,5.211840252847801,-3.9177660780937553,0.97807944075239,-4.005570421846312,6.186799772792146e-5,6.056967295808369e-4
KMT2A,693.2845972722013,-1.1938261505657317,0.2981584436527104,-4.003999135292909,6.228059208975249e-5,6.091802672042335e-4
FLJ13224,5.006381156833813,-6.397069943944252,1.5989037141350229,-4.0009100531766215,6.309934126917595e-5,6.16065452063929e-4
PUS7L,495.16434296561533,-1.4287778496207806,0.3571375315465408,-4.000637635125133,6.317203143735273e-5,6.164946769647975e-4
ABHD17A,105.39433005098472,-1.8392156212687876,0.45992838437250694,-3.998917404887025,6.363287981544647e-5,6.205449380179152e-4
DBET,11.783283460153372,-5.239714921998357,1.311438619712007,-3.995394708712332,6.458655709548684e-5,6.288691085613192e-4
KILH,15.061686898684613,-3.6754245218816695,0.9200105608150599,-3.994980795248177,6.469949728413135e-5,6.296830892142671e-4
MYH10,810.0801613784779,-1.954108445818906,0.48923733642204303,-3.994193207145549,6.49149145456674e-5,6.314932303490582e-4
KAT6A,1502.539601434232,-1.827684024996695,0.45841949946744165,-3.9869246991455753,6.693525783810965e-5,6.487943239412074e-4
TM6SF1,5.638293383030429,-5.192439855380274,1.303143753711329,-3.9845487810476032,6.760846826875348e-5,6.535485265979502e-4
SPDYE12,9.55706240089305,-5.769218467812391,1.4480097677836425,-3.984240021144948,6.769642355499792e-5,6.5410411953636e-4
OR2T12,3.876760294423847,-6.041450148378836,1.5165456483014772,-3.983691592234778,6.785291948478367e-5,6.553211755821141e-4
RPL28,2220.1067445577414,-1.8402359901935879,0.4629512704421272,-3.975010131057914,7.037626025485928e-5,6.757380514851365e-4
RPGRIP1L,163.66567654029143,-1.6676657231396022,0.4197567285607569,-3.9729338678086705,7.099276430949783e-5,6.807438436469273e-4
MOG,4.642332854333776,-4.584578225975249,1.1545612855293081,-3.9708400787693576,7.161964372484591e-5,6.864482154243829e-4
SNORA26,2.9766067008438704,-6.388299036503671,1.6096356612884382,-3.9687857259512604,7.223980243465694e-5,6.90541719486743e-4
TRIO,1438.4770717575564,-1.1605433673999221,0.2926544993566,-3.965575003806103,7.321922324921092e-5,6.992810551526775e-4
TNFRSF6B,5.073747625706915,-7.147261097187669,1.8041388262019784,-3.9615915324176463,7.445182987842124e-5,7.103294394136399e-4
MAS1,4.918651382048692,-4.667171375282288,1.1797690283670021,-3.9560043220853442,7.621378245459227e-5,7.240140643982072e-4
CENPC,339.2342777204425,-1.2124598093233188,0.3069071979863895,-3.9505746925397562,7.796376154426875e-5,7.403107622743397e-4
ZNF462,317.624835997596,-2.320424965018973,0.5877854691712945,-3.947741287804355,7.889199080205662e-5,7.480246102564967e-4
SYNJ2BP,505.8131982322993,-1.4641979299537202,0.37107371765992875,-3.945841109920879,7.952033526209375e-5,7.527597682948972e-4
TACR1,8.140194734320325,-4.173303733283165,1.0582773435128758,-3.943487743421003,8.030509743071921e-5,7.591838726269754e-4
SUMO4,5.295382984908961,-4.1759787743278745,1.05952593961124,-3.941365301410289,8.101912802478392e-5,7.645868458275561e-4
HMG20B,1218.1772309139083,-1.1075484027660227,0.281062366336814,-3.9405788017837318,8.128524239851938e-5,7.667610118119674e-4
ARID5B,1041.8434848487327,-1.5316703636280287,0.38876149964828205,-3.9398715279515906,8.152525584785979e-5,7.683495786100444e-4
COA5,371.24840569044125,-1.2833450820909613,0.32592261837136816,-3.9375760065497234,8.230886466853368e-5,7.740351602921704e-4
SHPRH,469.2831904191729,-1.0580740841329312,0.26874354982664017,-3.9371143412203518,8.24673181058453e-5,7.751855657255543e-4
SERPIND1,3.386278617732409,-6.571836639359547,1.6693500762942115,-3.9367636139858453,8.258788787176248e-5,7.759790165183988e-4
STRN,805.6670383758768,-1.5789636067320971,0.40125599710031734,-3.935052979002188,8.317834589723064e-5,7.808430896564172e-4
WIPF1,37.4807127995023,-3.61555387821585,0.9194328026980999,-3.932374250305092,8.411098139509835e-5,7.885634166617783e-4
HIPK2,1595.0008741261129,-2.0364815817482516,0.5179082256486356,-3.932128282376155,8.41971120261265e-5,7.890262113889409e-4
CLEC11A,8.01605947255238,-3.8383419175358284,0.9762771403791456,-3.931610972725609,8.437853049327828e-5,7.903811717091889e-4
ARMH4,28.87690758789447,-2.057471265540965,0.523587947164336,-3.9295619325919975,8.510075660081323e-5,7.967985325713141e-4
GPATCH1,232.8175072396944,-1.0180056102340356,0.2590760387157782,-3.929369984504233,8.516871104539529e-5,7.970870209481826e-4
EVI2A,4.182337034025221,-5.477388391034808,1.3941983269523506,-3.928701021330381,8.540594177637992e-5,7.982628530144221e-4
SPIN2A,15.708474862782062,-2.37112953520723,0.6041885613093254,-3.9244859751545125,8.691512243896448e-5,8.102513151781831e-4
SVIP,377.1348566643766,-1.3199915988414763,0.3364101835941889,-3.923756364146753,8.717890161394008e-5,8.123574592423596e-4
CCDC112,262.09308998696105,-1.5896127561379034,0.40545917709521667,-3.9205247924740005,8.835634495965765e-5,8.222580931631627e-4
MAP1B,139.83315984418203,-2.4076156468706658,0.6143583113840951,-3.91891116675303,8.894988809529195e-5,8.270643841096036e-4
TPGS1,6.139326169913012,-4.062007713565993,1.036932208784489,-3.9173319906106046,8.953440495555502e-5,8.321387312023434e-4
NR1H2,217.92506600937187,-1.6915662951404884,0.4324249699187751,-3.911814563942099,9.160523950841594e-5,8.488119343050976e-4
MYT1L,9.430328832517043,-2.8885352665636135,0.7386833499890041,-3.9103836124187876,9.214965460996912e-5,8.531197532053224e-4
ERVK9-11,9.195157262291524,-3.225977572355058,0.8250182515734399,-3.910189339693528,9.222380214007164e-5,8.533392207721618e-4
ZDHHC8BP,7.152839784299571,-4.983317229849833,1.2745366440350185,-3.9099050256203647,9.233241708448088e-5,8.533392207721618e-4
LETR1,7.044909729958259,-3.7323101782212476,0.9547121831417362,-3.909356394656116,9.254234914979646e-5,8.549112409619596e-4
RIMS1,138.68538282184142,-3.221910304017243,0.8247385488995594,-3.9065838602017653,9.361016479253738e-5,8.632892722165243e-4
MEG8,7.770883914441774,-3.2661956888520414,0.8365213970819062,-3.9044974823665375,9.442137506187579e-5,8.703963525892844e-4
FAM169BP,14.322211699377695,-3.5875861851158795,0.9192819924825879,-3.9025959547269515,9.516649145783609e-5,8.761359531038877e-4
GSG1,5.670696937255576,-5.571485116236364,1.428440535942859,-3.9003969546123525,9.603509564574425e-5,8.822402194168115e-4
ATP9B,238.72699802417299,-1.3358095097209033,0.3425516933088183,-3.899585189078718,9.635763033145451e-5,8.844459995350787e-4
SHOX,6.690133387767424,-3.955703468556699,1.0157293014378241,-3.894446544918188,9.8423192578342e-5,9.010928808580288e-4
SERPINE3,8.151691124501998,-3.8662672991370077,0.992976390633844,-3.8936145265941957,9.876154292687541e-5,9.038049941197212e-4
GON4L,1079.4451756857284,-1.2414500276010836,0.31892948337339827,-3.8925533458680297,9.919467850094531e-5,9.073818417008893e-4
ZBED3,239.76552807767706,-2.150385108582688,0.5526015329841294,-3.891384623872274,9.967378339616956e-5,9.113759657783548e-4
KDM4B,1061.7849426679013,-2.4978636560340868,0.6420256631521856,-3.8905978364948846,9.999754775310525e-5,9.139469228201188e-4
TESPA1,4.751263235560625,-4.009449995770345,1.030590063585579,-3.8904411535085655,1.0006214149548489e-4,9.141479593414669e-4
UTS2B,7.042290163425428,-3.433895374182778,0.8828620250065152,-3.8895039960037208,1.0044931483181104e-4,9.172945941662403e-4
NPIPB2,46.12429942239215,-1.8564291574648757,0.4774733581932542,-3.8880266838123734,1.0106251836255668e-4,9.221095425427153e-4
JUND,278.7370824340317,-2.312347748212321,0.5948679754641902,-3.8871612586102633,1.0142337901285491e-4,9.24615851153724e-4
FAM242C,13.710986011023664,-3.672603424599455,0.9449953719286737,-3.8863718634980318,1.017535973667142e-4,9.272323564712046e-4
DUX4L50,5.231555164157433,-7.21176462952109,1.8564880656304992,-3.884627519580545,1.0248689053050014e-4,9.335181115384264e-4
ASPG,29.65870895118747,-3.7448055443206347,0.9643195969409926,-3.883365593937818,1.0302048938916241e-4,9.375825709463212e-4
ERN1,160.74924056302493,-1.293321806324033,0.3332197182831619,-3.8812883372796088,1.0390456139186161e-4,9.44827070961589e-4
RHOXF2,4.129531590915933,-5.390614893852677,1.3891352817275011,-3.8805543022051925,1.042186722295177e-4,9.472819593585132e-4
AK9,214.32349699480005,-1.9954396560775478,0.514341638828091,-3.8795996774130237,1.0462851930852667e-4,9.502022955399841e-4
PHF21A,398.1570800548339,-1.6967904885117895,0.43757733418600264,-3.877692823528488,1.0545174275643678e-4,9.556564187302083e-4
NEK10,7.024122849754359,-4.292903511988801,1.1074688727148527,-3.8763197934991735,1.0604828576901963e-4,9.590905430507268e-4
OR6Y1,6.873590219757929,-3.1833990725003085,0.8211903607141398,-3.876566536572468,1.0594084864729933e-4,9.590905430507268e-4
STK10,188.95706560705622,-1.521004725951241,0.3926314705524911,-3.87387369588831,1.0711894436903063e-4,9.674968628616992e-4
CCDC148,43.67422385098817,-2.0305701268780725,0.5242299792974761,-3.8734338116245324,1.073125607904645e-4,9.688378437372185e-4
BHMT2,3.5476073288226653,-5.859720913004062,1.514352050676067,-3.869457508502101,1.0907778888851107e-4,9.818831164209094e-4
PTCSC2,7.064669293156505,-3.348233239144797,0.8667495064011494,-3.8629768051983935,1.1201364711404612e-4,0.0010062004466586145
GIT2,396.44219771135386,-1.0377483679028576,0.2687659023799502,-3.8611608046760666,1.1284959808003182e-4,0.001011533098489742
KDM5B,2434.7859862086043,-1.4554369388964115,0.37709837070678853,-3.85956835657633,1.1358748149963267e-4,0.0010160847657282688
AUTS2,930.013779754894,-2.3500003583131006,0.6103620560232756,-3.850174392596065,1.1803375168465858e-4,0.0010536623590485746
FLJ46284,12.235118018593145,-3.2475288027963103,0.8435552706336212,-3.849811524924725,1.1820875052319393e-4,0.001054785773899269
SNORA51,5.797244862475505,-4.684383624655304,1.2174057057031138,-3.8478410300778356,1.191633332268502e-4,0.001061978875020019
ZNF767P,149.40190321394803,-1.7618637249671676,0.45809692872159397,-3.846050070416279,1.2003724341969914e-4,0.0010688793542683584
BICDL2,196.85412764395127,-1.6040555548942357,0.41740555377033495,-3.84291857260917,1.2157981538444696e-4,0.0010812693071488735
CLSPN,786.9930779800221,-1.4891719965483723,0.3882175675891643,-3.8359211969621776,1.2509451690330604e-4,0.0011093092284070031
NEDD4,670.794242407043,-1.2588444583717926,0.32845184368257885,-3.832660655083307,1.2676476127338365e-4,0.0011222655845407646
SYF2,478.38502873810415,-1.9369428170658947,0.5057672607202235,-3.8297117419337234,1.2829345212585794e-4,0.0011348629359525604
RSPH1,78.55239201028597,-2.0971131706011534,0.5476220747444979,-3.829489838552612,1.2840918502181963e-4,0.001135418669372991
LSM6,144.0599636715006,-1.2475205704304673,0.32580813409589776,-3.8290037598118234,1.2866304152650204e-4,0.0011371947574788854
ASPDH,3.436116801739297,-5.849559410757146,1.5293675330393603,-3.82482253898259,1.308663167866522e-4,0.0011538172383901218
ATP8B5P,5.010605806484075,-4.982488049358782,1.302780649003093,-3.8245026537440934,1.310363347840009e-4,0.0011548417841743981
UBXN7,944.9446575670318,-1.6857619410598543,0.44088222429435947,-3.8236105884240374,1.3151156493546612e-4,0.0011580788606955696
SESN3,511.03271947619896,-2.2157122834630574,0.5797780556013538,-3.8216559975953044,1.3255851823162042e-4,0.0011651438725096244
CTAGE3P,7.10247022447322,-3.8442720042489418,1.006199936290117,-3.8205846229953697,1.3313571437181522e-4,0.0011690230893695395
FAM228B,106.99906660415377,-1.6450636658211517,0.4305690452332791,-3.820673325296454,1.3308783681351954e-4,0.0011690230893695395
OR1A1,6.345550377596256,-3.513837169837216,0.9199072881443396,-3.8197731609730123,1.3357445942611498e-4,0.0011719165573525869
ARL10,25.705218583052627,-2.4981159181669055,0.6545991652233795,-3.816252832089135,1.3549366960151476e-4,0.001186212303327439
JRK,254.1903788792253,-1.7959154832037951,0.4706179176402136,-3.81607970263633,1.3558872321168194e-4,0.001186212303327439
STAT4,9.112984386222303,-3.0279885914118885,0.7943600451642936,-3.8118591309380676,1.3792547821672054e-4,0.00120467267502272
C3orf85,6.832632169576824,-3.7705298596796464,0.9894060096454923,-3.8109025242636645,1.3846035951185738e-4,0.001208852447162107
CT70,3.076837945885198,-6.460751905881078,1.695946383713678,-3.8095260368631023,1.392334443024885e-4,0.001214120160394719
CBX1,2222.6539290693668,-1.240350359875521,0.32589811532151014,-3.805945176000392,1.4126367443034857e-4,0.0012298249303347992
SGF29,128.58671370494977,-1.3139117680016732,0.3457100668217152,-3.800617610245251,1.4433589188896678e-4,0.001253013042045804
ANKRD20A5P,72.96022577657828,-2.125405814203239,0.5594080669499193,-3.799383562328061,1.4505644388955553e-4,0.0012582503176515206
MAGOHB,218.72842476394985,-1.382076619224576,0.3639259718580695,-3.797686139761367,1.4605309251251855e-4,0.0012648504299106731
APCDD1L,5.851485600904679,-4.097883950800424,1.0792668135571273,-3.796914626971912,1.4650821764949259e-4,0.0012666222327271455
CBX4,337.3165365561597,-1.5304642718501429,0.40319380018034257,-3.7958526920939484,1.4713685088241037e-4,0.0012706466076203326
MPHOSPH8,627.7203318927071,-1.5546928713549817,0.40975490039623774,-3.7942020213829672,1.4811904219085297e-4,0.0012775862722731932
PCDHGB9P,12.579618361224657,-2.7885491386688224,0.7351702888340051,-3.793065608094034,1.4879882152070114e-4,0.0012824187589695769
ZCCHC7,228.34432765579157,-1.1669763375405742,0.3076570267418044,-3.793108026490609,1.48773395012108e-4,0.0012824187589695769
TCHH,92.76436878896055,-3.0984070521964697,0.8175328932479884,-3.7899478758423566,1.50678900058689e-4,0.0012955004788699784
ERBIN,1414.319619109739,-1.2266265354139496,0.3239876270987193,-3.786028949309831,1.5307384953251022e-4,0.001312411031149688
SLX9,63.855012577000494,-1.2786058159067049,0.33797778913725257,-3.783106041289192,1.5488338854554353e-4,0.001325278117299587
CYSLTR2,4.030429468775635,-5.320684412611741,1.4074986050568719,-3.780241339846125,1.5667641448194826e-4,0.0013386066917913844
TMED5,588.0269217659704,-1.3245732361178584,0.35056354776941495,-3.7784112026077037,1.5783211099712046e-4,0.001345680215335004
KCNE4,13.330674348721447,-3.1468188652586564,0.8331150206220893,-3.7771721639455236,1.5861908944246448e-4,0.0013513833333126243
SKOR2,3.2065146782123146,-5.769842636416779,1.52756116914785,-3.77715979755854,1.5862696256358343e-4,0.0013513833333126243
LCLAT1,373.53845286853766,-1.379262017625498,0.36531170690072684,-3.7755757386672286,1.5963850772473433e-4,0.001359461260227301
EPB41L2,458.85753129956805,-1.9471853495441525,0.5159139101368696,-3.7742447165798905,1.604931591567065e-4,0.0013661972215402306
UQCC3,138.62969072316093,-2.0961147992442086,0.5554384506475617,-3.7738021139883977,1.6077830761405837e-4,0.0013680818720847314
STK4,417.89424349174413,-1.3374443842135442,0.35454862680225463,-3.772245280643798,1.617850957533804e-4,0.0013755579060489474
NT5E,6.777058703944528,-3.261416562700841,0.8646956270884097,-3.771750961297948,1.6210600581632507e-4,0.0013777405484429054
PLEKHM1,218.68551640795448,-1.3611993525197685,0.3609360511660455,-3.771303387739344,1.6239708528660313e-4,0.0013796680325615612
SNORA37,9.577944518543587,-6.150728672719547,1.63130739074359,-3.770428986970931,1.6296717130656428e-4,0.0013834159399679074
PRG4,6.475824854109444,-5.94295944119182,1.5766434140514873,-3.7693744750566314,1.6365718973570395e-4,0.001388175214121821
DRAIC,169.7128260992999,-1.829359932762037,0.4854096312651854,-3.7686931097636887,1.6410450108661782e-4,0.001390869902574573
SATL1,14.018096397709437,-2.424493176127424,0.6433153589992322,-3.7687475391525944,1.6406872635830083e-4,0.001390869902574573
TAF1,878.6508761439795,-1.378021560609339,0.3656977015547962,-3.7681985824645823,1.6442987478674915e-4,0.00139266261279639
THSD7A,12.534743010748615,-5.687814719944389,1.5095965788805996,-3.767771336738212,1.6471146926570925e-4,0.0013938123542752842
ST7-OT4,7.258953400929692,-3.465155889593358,0.9207639632385556,-3.763348727729899,1.676531564365948e-4,0.0014148001325715
TRAPPC11,391.9836539860731,-1.1988218806151103,0.318580098978924,-3.763015594688542,1.6787672897807256e-4,0.001416129954351194
PCDHGB3,63.1307678564787,-2.2264811137509617,0.5920346204489049,-3.7607278980792587,1.6941964282960224e-4,0.001428022598241659
SNHG26,5.20090384798403,-5.187051166184627,1.379983643507293,-3.7587772801433315,1.7074574303127394e-4,0.0014369426060592701
CHM,253.71447973931345,-1.259598271105469,0.3352520817521448,-3.7571676349401533,1.718473837501835e-4,0.0014440127103524515
SNORA47,2.634518479674745,-6.213423932211685,1.6537570057627045,-3.7571565293814646,1.7185500756011933e-4,0.0014440127103524515
CSF2RA,11.266370498740331,-4.4766234023091656,1.1935018887217943,-3.750830597430808,1.7624975158532052e-4,0.0014780459824232036
MYL3,14.807502882590242,-1.9908268658064383,0.5309691042718013,-3.749421293611352,1.772431122648201e-4,0.0014846359052314753
OR1M1,4.964920106290243,-4.3278049772343685,1.1543656064352503,-3.7490765084372946,1.774869375365457e-4,0.0014860981972431805
ANGPT2,6.117933898947356,-3.432479398098332,0.9156566462205714,-3.748653397827777,1.7778658403410098e-4,0.0014874464301644472
CCDC30,117.2752970708194,-1.3556315176300586,0.3616854698738752,-3.7480950454072333,1.781827367504554e-4,0.001490179863860005
TVP23C,60.720012777399816,-1.857067687095089,0.4958668549638319,-3.745093402604096,1.8032667495590472e-4,0.001506935531368269
GPR78,6.234540835045326,-3.5944350403547265,0.9604770498903571,-3.742343495625479,1.8231207653256074e-4,0.0015223413083224723
LHFPL4,12.500170178175894,-3.551301520072873,0.9493034441379131,-3.7409550571028434,1.8332230354214533e-4,0.0015301814990332319
OR2A5,15.043101261417007,-4.124869996721064,1.102691856710953,-3.7407277215454315,1.8348821329064035e-4,0.001530970862059542
PDPR2P,63.22561932560002,-1.6353670981647137,0.43737995057811957,-3.7390079174939777,1.8474790905356446e-4,0.0015396854867143661
DOCK8,53.45071578179483,-1.9766499110374744,0.5287624069690897,-3.73825726826496,1.8530027781511602e-4,0.001543090400431661
SPATA6L,14.003627440245026,-3.129119402178217,0.8373095276817624,-3.7371119027413084,1.861460928532242e-4,0.0015477315585548978
KRT10,243.9223673457882,-1.3456427931365504,0.3602542878617651,-3.7352582286345846,1.8752266441490628e-4,0.0015573670194829292
MACROD2,126.86565447594813,-2.1522321108360676,0.5765135012939123,-3.733185963564864,1.8907289108122883e-4,0.001565999321730286
RSKR,110.51082287814576,-1.4654633006531175,0.39282032419563456,-3.7306198543924607,1.9100924856628739e-4,0.0015789901672698487
LAMC1,1415.2260786345978,-1.7951739175605868,0.48169521000822696,-3.7267838256683654,1.939386578023127e-4,0.0016013557508417202
GOLGA8O,6.939203520919874,-3.97907778304841,1.068835493596172,-3.72281591216673,1.9701316839083457e-4,0.001622094477086486
ZC2HC1A,223.80391813889008,-1.5352804784456462,0.4126438985119177,-3.720594158746068,1.9875462012834252e-4,0.0016335787621425625
OR6C75,6.336576062972876,-3.323203258293064,0.8938947714556316,-3.7176671845630223,2.010709204360927e-4,0.0016500887007872083
IL3RA,8.670018781337921,-2.8395596368836524,0.7641169084785608,-3.7161324469805566,2.0229556723402124e-4,0.0016582363914599296
PELATON,4.115293487211397,-5.463724962306658,1.4714968978531147,-3.713038722866577,2.0478553951040637e-4,0.0016773655259134813
PARD6B,425.14306003581436,-2.6752624345804925,0.7211417298812228,-3.7097595711471687,2.0745616471054144e-4,0.0016953576902849275
UBXN2B,460.84605408576243,-1.3696013189858134,0.3692280910345279,-3.7093638112646654,2.0778068488633018e-4,0.0016973633413249506
RTTN,180.0802525130451,-1.3302705856217902,0.3587686540643375,-3.707878518793993,2.0900287121629506e-4,0.0017060485417655733
MUSK,3.9537320970294703,-6.703931840695012,1.808167955575518,-3.7075824842616636,2.0924727149012145e-4,0.001707394085999242
PLN,3.24528230893302,-5.786226865028609,1.5607139220981692,-3.7074231113731644,2.093789577282376e-4,0.0017078192447160692
KCNJ2,5.058225424048769,-3.734593670521947,1.0074950218287242,-3.706811040855777,2.0988542166363767e-4,0.0017108796874384118
PEAK3,3.2763368407567035,-5.793077991139925,1.5628450885999812,-3.7067512534652085,2.0993495497848575e-4,0.0017108796874384118
CCDC40,203.48882153896756,-2.314241000747314,0.6245849890780325,-3.7052459492557297,2.111857099201304e-4,0.0017186368353758054
WNK3,62.93478233719952,-2.57328148243007,0.6948973597553585,-3.703110173473683,2.1297233557826932e-4,0.0017285227592041307
ABI3BP,9.982177043710074,-2.5648435780919185,0.6930483032580161,-3.7008150312678114,2.1490809161159205e-4,0.0017416645188764218
KDM3A,655.9313226277163,-1.3976361275190927,0.3776751527643365,-3.7006303361216784,2.1506458227675833e-4,0.0017422747963983518
C1orf198,819.8822116238196,-1.5598090385520107,0.4217321876788843,-3.6985771637133893,2.168114395241121e-4,0.0017544394766920986
EVI2B,2.8338790543959496,-6.33571176940453,1.7134890084682706,-3.697550283715083,2.1769010757929965e-4,0.0017595592122982187
GOLGA6L10,11.904373245892439,-3.7217257991230253,1.0076592109954587,-3.693436985949209,2.2124335278802333e-4,0.0017855894512339152
RSPH4A,13.304743468815154,-2.1896771950020413,0.5929554117312736,-3.6928193109980403,2.2178160579178753e-4,0.0017885882225823976
TRIM54,20.253088762014052,-2.8279151688426176,0.7658840519754483,-3.692354164509057,2.2218775395147666e-4,0.0017898457957202286
MAGI1,389.090926883369,-1.4713921993036292,0.39857233079281335,-3.6916566596001146,2.227980973533408e-4,0.0017935997084775693
CCDC136,52.38190956459966,-1.778235547518855,0.48200561960727534,-3.6892423556549225,2.2492287940063723e-4,0.0018077900417461958
RFX3,44.39458746034302,-1.6525102519037749,0.4496925919265496,-3.674755336360282,2.3807744652072594e-4,0.0018954294424034517
UTS2R,7.868463860833359,-3.2780926190196698,0.8925626510813623,-3.672675094625769,2.4002458051070857e-4,0.0019091651214825079
SKIL,767.5551364789551,-1.4380933144057104,0.3919581855127342,-3.668996764347427,2.4350416076205356e-4,0.0019339745706712323
PRDM2,989.0402944670143,-1.7396317354547775,0.4741624815411271,-3.668851508032881,2.4364253496724772e-4,0.001934357676802492
SYNE3,52.29803974785972,-1.5747695022204429,0.429274138256731,-3.6684471806653276,2.4402809421461647e-4,0.0019367022565997297
CLDN11,4.102003349189108,-4.280916022846979,1.1671517479082216,-3.667831565620554,2.44616232872888e-4,0.001939218454913992
TNR,6.896792215435101,-5.0310602545337755,1.3747011820621375,-3.659748256698864,2.5246315053892223e-4,0.0019918600038842907
STK38L,377.3985777862035,-1.7203133326473807,0.47019225180493834,-3.6587445370347393,2.5345382936613745e-4,0.0019982068986764546
TRAPPC6B,254.34263842235725,-1.2968630924472835,0.3548536464123046,-3.6546421477108275,2.5754094324297754e-4,0.0020237380600491755
BICRA,111.5270070673731,-1.2874983504936344,0.3524797802953157,-3.65268711134278,2.595103691378621e-4,0.0020377213763990197
FGL2,6.015311845617695,-3.7077063457106574,1.0152204675700705,-3.65211938110847,2.6008491833127864e-4,0.0020407394323178206
CCDC146,68.69664502843969,-1.787707518134211,0.4897772311705239,-3.6500421096786173,2.621973211126504e-4,0.0020528108395029103
PLPBP,201.74527413202887,-1.3283343816628461,0.36447521460083826,-3.6445122423964986,2.6789938399061013e-4,0.0020913498655651124
ZNF662,7.303131055674768,-2.843831567918298,0.7804554393955089,-3.643810298921036,2.686314431844999e-4,0.0020955400838747248
PRLR,3228.3912800605235,-1.5290685773513113,0.4202013220611042,-3.6388952082567685,2.738101818634364e-4,0.002131042246443437
ZNF148,931.3970527431013,-1.2014622675783575,0.33018083455801367,-3.6388007474348343,2.7391061998115743e-4,0.002131042246443437
CELF5,26.324568360442242,-2.590613590138169,0.7120911078214107,-3.6380367086228005,2.7472427575372493e-4,0.0021358829585475365
KATNAL1,230.5611039927746,-1.5286090782073622,0.4201929745009959,-3.6378739554669526,2.748978905642263e-4,0.0021358829585475365
RPGR,93.29169284036882,-1.5494491019678374,0.4260253078844368,-3.6369883978539117,2.758443508979026e-4,0.002140911309319707
BRD3,846.5560286753998,-1.4513441569658039,0.3994439233796123,-3.633411530425301,2.7969837739633233e-4,0.0021669051187455926
NFIB,839.0994079801662,-2.0509344519578985,0.5649722449424212,-3.630150808854191,2.8325567304247207e-4,0.0021920904231848
TCEA1,1486.4594724818814,-1.1293735861728256,0.31116841304016757,-3.629460892700054,2.840137530910927e-4,0.002197164795001748
MYREM,3.486250616606055,-5.189700885849047,1.431339260462906,-3.625765763017398,2.881064218536711e-4,0.0022233166147424275
IFITM10,133.8757652309697,-2.913514947223079,0.8036141707966631,-3.6255146475761686,2.883865489085665e-4,0.0022238775753381356
ZNF267,166.13758384718767,-1.5645454006839996,0.4315388365038547,-3.6255031258815205,2.8839940783625495e-4,0.0022238775753381356
MRTFA,129.0160283623887,-1.6854101526287244,0.4649660303935202,-3.6248027650585386,2.8918206355100525e-4,0.0022273746369589568
PDCL3,475.30782550393,-1.237510084048246,0.3415128536586595,-3.6236120274557266,2.905172860809955e-4,0.0022335277111439874
CP,8.621050473115918,-3.66714547165125,1.0120985292818572,-3.6233087644671347,2.908582687767729e-4,0.002234807894002702
HYDIN2,36.70792492864387,-3.4705590818881324,0.9589028585519076,-3.619302050188083,2.953986779145374e-4,0.0022664482045212627
TEX41,8.221285555445766,-5.996801468342396,1.65785936601699,-3.6171955180672057,2.9781234470467203e-4,0.0022808896921349972
ANGPTL3,5.131590175439968,-4.853904894541721,1.3423316373824827,-3.6160251009256763,2.991613800350668e-4,0.002288961067323661
GRAPL,5.1632455030158,-5.706597908424445,1.5781528300007477,-3.615998273387592,2.991923687333435e-4,0.002288961067323661
RN7SL674P,10.962759887026928,-4.378061485913073,1.2114011575814514,-3.6140476327873277,3.014536423360768e-4,0.0023005672704595336
MRPL42,807.3958979920781,-1.2032561690437478,0.333242699355298,-3.610750277115165,3.053125228376626e-4,0.00232576940149824
SKA2,1036.6457442362853,-1.078988523921244,0.2988563608914143,-3.6103916968770187,3.0573494492285984e-4,0.002327446583201338
PER3,423.81846543501126,-1.3386587758738,0.3712981097839185,-3.605347672394155,3.11735302756571e-4,0.0023689233700977387
MARVELD3,187.0785455974284,-1.1448909576711468,0.31757849691673895,-3.605064476299566,3.120754396344547e-4,0.0023706686494001407
NCL,8697.981248449545,-1.742778950780482,0.48346951104353,-3.604733930416489,3.1247288613161497e-4,0.002372847889732646
GPR146,18.86845748547595,-2.460925507227843,0.682737918403422,-3.6044951377282524,3.127603038859651e-4,0.002374190350687234
MS4A4A,2.7992056143416817,-5.782275759240125,1.6047821169576757,-3.6031531621265107,3.143801536908561e-4,0.002384799610535798
SLAMF6,3.2355675620040962,-5.629260541580846,1.5625223032725708,-3.602675321683944,3.149588312314161e-4,0.0023880221081302223
RAB8B,121.00435684230027,-1.3146110765809156,0.36511773794646146,-3.600512766031876,3.1759023412945457e-4,0.0024040516488247248
IK,2118.3735386446947,-1.391245736048802,0.3865883569140008,-3.5987781607150007,3.1971576501334736e-4,0.0024184350783173895
HELB,34.949920881096496,-1.7314166869144687,0.4813869961848158,-3.5967250894532623,3.222487399964572e-4,0.0024350204085647788
GALR2,3.299884892646278,-5.80023028668089,1.6129071633479215,-3.596133998587566,3.229814728082371e-4,0.0024396981367352227
ST13,2388.6483020536684,-1.099995989331859,0.3064190847636769,-3.589841638552708,3.30878915888292e-4,0.0024897130206741748
SIX5,46.07739083320192,-2.0804705177597924,0.5795950892393976,-3.589524059788003,3.3128225527688445e-4,0.0024918742370283703
KCNJ15,7.713406884484865,-3.9394547425790156,1.0985673440236847,-3.585992942544706,3.357980395842375e-4,0.0025205407238467078
ANKRD11,1308.9636417571974,-1.7838147603119154,0.49763159783335104,-3.5846091126015813,3.3758341394513183e-4,0.0025330559661757095
CHIC2,99.356403415167,-1.2807859190772415,0.35761316484747097,-3.581484254427607,3.416477316091749e-4,0.0025555107425349927
RBM19,361.42453414781716,-1.0207109997731387,0.2851394018762322,-3.5796911723066223,3.44000510927022e-4,0.0025713169503635987
MX2,25.307703454685285,-1.870974320076643,0.5228619703355712,-3.5783331476103672,3.457925104134505e-4,0.0025838117247467436
TNS1,158.91400059807114,-1.4549356611111393,0.4068944392357091,-3.5757079006634256,3.492814727423598e-4,0.0026062518793640616
ENAH,4054.682306582112,-1.7672422244582502,0.49452460000984266,-3.5736184295444073,3.5208189070331917e-4,0.002624410341956662
ANKLE1,7.12185700645262,-2.823185546947625,0.7904249644796225,-3.571731250677632,3.5462922124976696e-4,0.0026406464566342816
NRG4,9.481488176034917,-3.811792204708568,1.069163641536913,-3.5652093436596397,3.635658767322044e-4,0.0026950340983326795
TPM3,5308.31326504987,-1.3394104897288617,0.37581640423734136,-3.5640021952926157,3.652428966300697e-4,0.0027055963278154287
ZCWPW1,59.00021375728027,-1.7956844026148204,0.5040578343955779,-3.5624570834575917,3.673999835240493e-4,0.0027159502743458828
HSP90AB4P,4.981001102747795,-5.6625057784361985,1.5903658926927364,-3.560505041295055,3.7014220456247406e-4,0.002731517094192123
PHF21B,35.11033851335211,-2.920853111852522,0.8203276424585237,-3.5605933052538847,3.700177997855238e-4,0.002731517094192123
CDC42BPA,1727.3267931703058,-1.104741662217242,0.3105544694154658,-3.5573201193871635,3.746574847849429e-4,0.0027610403926802453
ARID4A,627.8185727242767,-1.278208916516876,0.35955684764873214,-3.5549563994554148,0.00037804177296536123,0.002781205501486682
RNVU1-2A,3.1345767683543806,-6.477174087470054,1.8224202066240713,-3.554160595853273,3.791875904265471e-4,0.0027877237720293595
NEXN,13.508925670108283,-3.024976390572918,0.8512438111354261,-3.5535957513019363,3.800028361814475e-4,0.002792760570018446
SPIRE1,537.3695983822528,-1.502903819385918,0.4232756436970992,-3.550650366410908,3.842805491546735e-4,0.0028197973949778965
ANGPTL7,3.1231788213967655,-5.397831980092388,1.521013636081392,-3.548838650782182,3.869340948190314e-4,0.0028368997864080675
VPS13B,829.97920930737,-1.0814100371254276,0.3047506134753163,-3.5485081548917634,3.8742000157428527e-4,0.002839492224653061
KLHL29,22.279279976927185,-2.7102595505906417,0.7640216493770066,-3.547359623644989,3.8911305061808477e-4,0.0028499542888273375
GPATCH11,282.89133967579454,-1.32078012212617,0.37244950843581276,-3.5461991282337553,3.908307564776241e-4,0.0028605522595493687
PPARGC1B,105.66100566810155,-1.6785688671760026,0.473480759298817,-3.545168064826571,3.92362825400877e-4,0.0028698385252565847
OR4K17,5.627771824839556,-3.9446517365313514,1.1134194375450306,-3.542826363107942,3.958632572155736e-4,0.0028914994893962593
LCOR,939.6367072148566,-1.6347489365015122,0.46174629677271156,-3.5403617699314123,3.995788912623109e-4,0.002914064830387885
RPL26L1,438.93921446629827,-1.7266184978868084,0.48770663744607856,-3.540280909294997,3.997013474690893e-4,0.002914064830387885
HNRNPH3,1900.1033397290087,-1.1329985962297597,0.3200663203909812,-3.539886967318931,4.002984390391781e-4,0.0029159553638088125
PRDM10,152.77842084545048,-1.281020907440714,0.36189970515336606,-3.539712492713533,4.0056315359031304e-4,0.002916893544637977
BTBD18,5.49072146678396,-4.529670317426506,1.280935519660041,-3.536220401342822,4.058959048647655e-4,0.002950720229809576
ONECUT1,8.746847885156708,-2.7577837784497934,0.7804930494557966,-3.5333867231395266,4.102718618991336e-4,0.002977488723826651
GAPLINC,3.983797008118046,-5.317482935847659,1.5051304943366512,-3.532904924759502,4.11020256259356e-4,0.0029809039200154714
CCDC144NL,25.1647465088943,-3.451620223271656,0.9771452574648912,-3.532351200502728,4.1188195040643856e-4,0.0029861441404466795
SUGT1P4-STRA6LP,48.24990064450152,-2.1229375681167837,0.6011666727593676,-3.531362705740915,4.134244214270168e-4,0.0029953032018311208
DNM3,38.0677036136614,-1.7124829468474916,0.4853744692666324,-3.5281685693830087,4.1844559060428714e-4,0.003026573095506573
PTPRZ1,9.622404410457309,-3.8295824991907863,1.0855416255682508,-3.527808062805612,4.190158682904111e-4,0.0030286562928636654
PCHILR,5.696952416826696,-3.20494270411156,0.9088134989249684,-3.5265130941636245,4.210703432736735e-4,0.003039411223226718
TCEA3,800.5513848526627,-1.5390733102723075,0.43656971369374087,-3.5253781057107108,4.228787402968793e-4,0.003051438388288847
MND1,106.19898170354884,-1.486834973030012,0.4217979449662427,-3.5249934021110665,4.2349333919923445e-4,0.003054444546884353
RPL36AL,1296.223901694076,-1.2105171268179684,0.3436227626235013,-3.522808319145904,4.270000600077226e-4,0.0030749735864985662
ZNF568,150.75738784419997,-1.1892962483708969,0.3376179367107237,-3.522609787731463,4.2732001225398886e-4,0.00307624537503207
TAC4,5.009121765302477,-3.810718915115157,1.0821895628263898,-3.521304442414486,4.294292811491791e-4,0.0030895713645377517
NASP,1928.7993347583308,-1.3979263463699425,0.397041519303459,-3.520856833366857,4.3015479472325306e-4,0.0030925031473236215
TRMT5,291.0748930275391,-1.0937901920931268,0.3109779894838319,-3.517259192229726,4.360277843354554e-4,0.0031294836962671817
TSPYL2,254.72795448744637,-1.2366737127199974,0.3516682660406722,-3.5165917204965256,4.3712560123135107e-4,0.00313631407637071
SNORA36B,2.407732347845673,-6.113470505873336,1.7395736765455447,-3.514349859566454,4.40831794069363e-4,0.003158681235635569
LCORL,232.325184112965,-1.3832879269904474,0.39367277218495034,-3.513801371918525,4.417429965292566e-4,0.003164153773537332
SHOC1,10.33111106127967,-4.266315685342059,1.214790760454584,-3.511975744485883,4.447885913230815e-4,0.0031806608363190033
KRR1,736.5465844842608,-1.1791140433924574,0.33579416548675733,-3.5114190911663052,4.457211176046513e-4,0.0031820276725867654
PPP1R2,629.6557476381296,-1.1541601283213376,0.3293327297765076,-3.5045412252361796,4.573947450693881e-4,0.003253460798537974
EML6,35.11845151465414,-2.321416811919654,0.6626951082567714,-3.5029937342168904,0.00046006028515991877,0.003270252971027445
STX16,1093.8430070838763,-1.5095269249637544,0.4312553619510659,-3.5003087686479337,4.6471953506270464e-4,0.0032995478806449896
KRABD2,98.29130974900309,-1.4224683921621255,0.4070127836774296,-3.494898561440459,4.742419579404506e-4,0.0033577144234252956
CXCR6,6.509780066471752,-2.930547234745101,0.838731506957506,-3.494023069880426,4.757999008772181e-4,0.00336430965367517
ELK4,484.37168174175423,-1.0201527612521826,0.2919575470577485,-3.4941818477821323,4.7551700063830723e-4,0.00336430965367517
MRNIP,166.13885476196404,-1.1287602971891426,0.3231141755027936,-3.493379067732618,4.7694895295596234e-4,0.0033690995821049874
RNVU1-19,3.127589398591557,-6.4539939920016405,1.848062161952805,-3.4923035192614154,4.7887375870419034e-4,0.003381583041063483
POLK,311.5138987791899,-1.2202900034031716,0.3494763362726397,-3.491767186351574,4.7983628720465896e-4,0.003387265369543415
AFF1,832.5697713665397,-1.5097464294768108,0.43257512878588084,-3.4901369242245917,4.827731233327582e-4,0.003403518799842638
TPR,3728.7481966202226,-1.018631287907889,0.2919472088135175,-3.4890941141298732,4.8466047626116146e-4,0.0034145810310454777
SLC60A2,433.37925787945653,-1.8719824966601897,0.5365753101245033,-3.4887600330060424,4.85266574307223e-4,0.0034166078361656843
POLR2I,227.2018261436774,-1.0461320199092712,0.30011156855796345,-3.4858103769072852,4.906486682598697e-4,0.003448843898086081
KCNQ1OT1,156.274141403586,-2.5596096136486426,0.7343879546754954,-3.4853643736295474,4.914672969773144e-4,0.0034534669918576183
MINK1,542.0240404802502,-1.122054167022166,0.32195338513136146,-3.4851448030725076,4.918707813675911e-4,0.0034551708570044206
HHIP,8.88501121783019,-4.5115282703190465,1.2949410827069765,-3.483964120505033,4.940457133534497e-4,0.003467044149301841
FN3K,205.76213632377969,-1.8651440868952256,0.535790280989295,-3.481108472985703,4.9934322281718e-4,0.0034973582120289438
RGS7,14.076180533963097,-3.0209293075482133,0.8680251884416008,-3.4802323109676165,5.009791779944959e-4,0.0035072020349884215
MYH14,737.7501411705236,-1.6623293989338768,0.47807611215668777,-3.4771229029511814,5.068254360709685e-4,0.003541671721941708
GLB1L3,8.113078091459393,-3.2180584245989414,0.9258813858297801,-3.4756702897908456,5.095783566237527e-4,0.0035562769213482053
MC2R,9.339279413691324,-3.870928227534306,1.1137609789499825,-3.4755466394447496,5.098133352661727e-4,0.003556760134854378
TAF1B,156.28870127709413,-1.2393433611379032,0.35664162728141635,-3.475038431674636,5.107801678025471e-4,0.0035615997413534026
PCDHB5,19.396943640469328,-2.8265704982189046,0.8137231635995287,-3.4736266886092877,5.134748940841375e-4,0.0035764917971585824
TET2,822.9303732121334,-1.7958482119950576,0.5173010856705633,-3.4715724782737474,5.174196356641939e-4,0.003600462185912322
YWHAB,2617.5660045722293,-1.2341058957349478,0.3555067059555119,-3.471399765633067,5.177525832806051e-4,0.0036016111627882614
TSPYL6,3.308709493256177,-5.080292453766025,1.4643279972196026,-3.469367835220146,5.216846699675092e-4,0.0036256081195040154
PCDHGB8P,18.028323694162083,-3.170300481897757,0.9141511009391138,-3.4680267612661466,5.242950740514477e-4,0.003641220805548242
LUCAT1,11.305689922165733,-2.365881907328079,0.682250431026838,-3.467761689453606,5.248124757535505e-4,0.0036436349821000304
ANKRD20A11P,21.45587027296498,-4.461458667511823,1.2867713536237515,-3.467172823631526,5.259636040289122e-4,0.003650445971041545
DNAH17,12.527832138403753,-3.2707843679180324,0.9434534794026169,-3.466821034979968,5.266524107445399e-4,0.0036528638444013662
PLPPR3,14.356956903917952,-2.13268928069428,0.6152287382593888,-3.4664981462473703,5.272853708517396e-4,0.0036560723936925137
ZNF564,136.12165371662982,-1.8497564352331277,0.5339463499476701,-3.4643114152094396,5.315907220967912e-4,0.0036811671171981734
SLC4A8,352.7918010062841,-2.4030650139813803,0.6937467055417957,-3.463893946861567,5.324163705172137e-4,0.003684506711157499
BRMS1,214.46139220014174,-1.1069299509175194,0.31978874675120134,-3.4614412238174266,5.372914291507743e-4,0.0037134538066266078
COX17,620.1788196360098,-1.3319506105700754,0.38526550168627816,-3.4572278201402087,5.457632474983588e-4,0.0037574845336268143
TRIM46,40.76960335704108,-2.8186208986214742,0.8153443152717559,-3.45697007488428,5.462855093571135e-4,0.00375987396754447
GOLGA6L5P,108.24895119454212,-2.9363116003010656,0.8494831752477764,-3.456585940556863,5.470647338605328e-4,0.003764029877732297
ESF1,364.70064863736906,-1.3787046887826684,0.3990641681827934,-3.4548446057205155,5.506100709732485e-4,0.0037835709648049672
TXK,9.308528941358817,-3.237782054274696,0.9374201014704654,-3.453928552626313,5.524837240393481e-4,0.003790103580166513
METTL16,354.90478736535954,-1.243391109703675,0.36054979571176926,-3.4485974600237097,5.635060724572793e-4,0.003854906061502459
ZNF611,183.79133200410737,-1.2201695296827049,0.3538251969808558,-3.4485094337380495,5.636897788814164e-4,0.0038549339244089214
BCLAF3,137.79263498178165,-1.0978817332199868,0.31841745973865637,-3.447931951096783,5.648963399370711e-4,0.0038619545890568796
CACSTL1,8.432422514197956,-2.9113471736316976,0.8445075263910411,-3.4473904407615974,5.6602992708494e-4,0.003867240444203378
LTV1,476.0324282674221,-1.2081280906102552,0.3505909752122947,-3.4459760120142646,5.690008657126918e-4,0.0038863012661344257
TIGD1,103.52040358944335,-1.283633958180237,0.3725260089923318,-3.445756610799918,5.694630060996418e-4,0.0038882202070945953
SFT2D2,443.68149217060295,-1.3235903101896398,0.3841563261874798,-3.445447126500497,5.70115489183078e-4,0.0038902184274740305
OR51D1,2.237858125109475,-5.989984497901823,1.739284139723727,-3.4439367099922436,5.733098889361574e-4,0.0039057873703396626
DLG2,81.02066085160234,-1.9274613996321184,0.5598155106729583,-3.443029646168794,5.75236251679669e-4,0.003913941014916201
BPTF,2675.004013537847,-1.3162099721376426,0.3823280953135456,-3.4426190182498213,5.761102966337288e-4,0.003917807707317716
FAM110D,3.596713878783831,-4.583605611153692,1.3321321968730515,-3.4408038645961025,5.799887897807697e-4,0.003938784629333961
RORA,181.5108076259445,-2.611745409038173,0.760433517928674,-3.4345479880374574,5.935429692861432e-4,0.004015583896872835
NOS1,10.624223266761609,-3.848070209675785,1.1208560448709282,-3.433152925645245,5.966054934354333e-4,0.004033759889453182
BSN,15.926538689961756,-2.5983572217798887,0.7571779725684565,-3.43163340180894,5.999579740995648e-4,0.004055149015488712
PCDHB15,13.963445185907478,-2.424688773445892,0.7067204316766461,-3.4309023268132814,6.015771630187187e-4,0.004064812946593735
RUFY2,232.6020505533205,-1.1709623260183293,0.3413837881134998,-3.430046671194063,6.034774393495693e-4,0.004075086799383813
SCN8A,117.67257728076764,-1.8543866348987548,0.5408486837742735,-3.4286607151524366,6.065672864122056e-4,0.004092088640806644
CCDC183,50.386408525898176,-1.6597695859168942,0.4841434757397905,-3.4282597392863763,6.074639632029686e-4,0.004093502523169376
ENEMAL,3.931847947480511,-4.4156466010875635,1.288740425119632,-3.426327377507123,6.118025037201272e-4,0.004117052909951059
HAVCR1,7.10482656206909,-2.8089282665182536,0.8208620315361024,-3.4219249503620315,6.2179474186926e-4,0.004171214492189534
FAM227A,40.179666433552335,-1.960616905255482,0.5734106710756048,-3.419219425368825,6.280106144835188e-4,0.0042038403932752825
PRR12,390.9184198455158,-1.5420715286391031,0.45110936609387536,-3.4183983852780386,6.299083355392618e-4,0.004212475188741838
ELOA2,3.0834350065915563,-6.460610452107763,1.892386061629568,-3.414002345031232,6.401602477229065e-4,0.004274374273843676
CBFA2T2,328.4660978613722,-1.2570088517028486,0.3685114444562703,-3.411044271793335,6.471458294078525e-4,0.004314305529385684
SEC11C,364.27977785019436,-1.432315290012344,0.4200377760596567,-3.4099677972985853,6.497055038480648e-4,0.004330024879683065
KALRN,190.16836811440146,-1.6939067820761087,0.49684102105376465,-3.4093537173791573,6.511698966045601e-4,0.004338437125468444
TYRO3P,6.665620949816554,-3.4824717970682033,1.0217726274782346,-3.4082649147325936,6.537739066378524e-4,0.004349035349178026
ELOB,916.5140771573838,-1.6082482166698324,0.4719065203220719,-3.407980494891695,6.544557263260944e-4,0.004352221842875112
FXYD1,4.059759862561604,-3.794979511336439,1.1143756024478095,-3.4054761276184458,6.604878788831121e-4,0.004381474460844385
OXER1,3.5849827307857147,-5.211577817176429,1.53042663872811,-3.4053104443526996,6.608887701158264e-4,0.004382779050273682
AUH,116.05833214928013,-1.1376407323945499,0.33419470467418455,-3.4041255486189304,6.637623741715658e-4,0.00439911690849963
CHD9,576.0038734387531,-1.920758785148327,0.5643365282922709,-3.4035698361768327,6.651140838194022e-4,0.004406714491745715
TET1,60.168484543808844,-1.6451095177295993,0.4834314370135468,-3.402984149918864,6.665414713947828e-4,0.004414808634608654
FAM229A,18.965053891589633,-2.6054861105454825,0.7671017231816302,-3.3965327306774538,6.824539505573228e-4,0.004510459433002817
RCSD1,6.14489716294152,-3.400572624759851,1.0013621115795848,-3.3959469660737063,6.83916095143951e-4,0.004515870726227971
RFX1,63.155186816340795,-1.705643451115827,0.5026778882288712,-3.393114141394739,6.910283756479965e-4,0.004558705484600678
DCUN1D1,628.9621727384988,-1.4088303010933199,0.4152250277689957,-3.392932041363127,6.914879116328882e-4,0.004560335151703067
ANKRD26,345.99649590522137,-1.7504994365604818,0.5159892360152762,-3.3925115377962207,6.92550152939416e-4,0.004561733051589891
IL1B,5.384719340791699,-3.745315167551483,1.1055597713391958,-3.3877093438509225,7.047890907554775e-4,0.004635235638250857
GAK,559.3424308158415,-1.8872270288651325,0.55729088362928,-3.386430828681113,7.080812449995884e-4,0.004652609772716218
LILRA5,3.1214487562441824,-5.746942657769846,1.6970976797518198,-3.3863358169285034,7.083264681272946e-4,0.0046527964511820456
TRAPPC3L,10.339266241236976,-2.542445097572384,0.7510186778899964,-3.3853287174101174,7.109306243952854e-4,0.00466561810382961
C20orf204,41.72168649933224,-2.305531327619625,0.681804944080021,-3.3815116004043424,7.208818897092153e-4,0.004720819454732915
C6,8.972306788177335,-2.5683403939045006,0.7601149882337315,-3.378884028944775,7.278070300144604e-4,0.004758908855609482
SAMD11,90.86761123980963,-2.226462840245195,0.659086007455397,-3.378106673575328,7.298676174335938e-4,0.004769475965324276
PIP5K1C,325.0575282199573,-1.1288459139633487,0.33462945947758116,-3.373420605961254,7.424045279087429e-4,0.004836673093175963
VHRT,8.00461489624356,-3.3339324383739024,0.9891395591648285,-3.3705379665422335,7.502156740239737e-4,0.004875720279998327
PCDHB12,24.302908923182187,-2.188175908813021,0.6495213368682716,-3.3689053532306077,7.54673383365074e-4,0.00490320642053118
INPP5F,135.4951654155983,-1.2582509292400852,0.3735631944924155,-3.3682411645230528,7.564939216978003e-4,0.004913547082213921
CALB1,6.035099468593142,-4.273548631326126,1.2700316773862403,-3.3649149918222556,7.656724512808615e-4,0.0049612757103229994
ESPN,138.09315971177716,-2.258933425967283,0.671343297998876,-3.3647962714466018,7.660019617628188e-4,0.0049612757103229994
OR4F17,42.58067586626562,-2.2833909022743204,0.6792426116212615,-3.361672049437786,7.747207599510447e-4,0.00500617510043644
MYH11,61.948210297382985,-1.9885466975094352,0.5919735587433613,-3.3591816190755424,7.817367221258098e-4,0.005045434603554851
PIAS1,576.2200345320982,-1.2298525796738764,0.3662598717047077,-3.3578687557271607,7.854589763590163e-4,0.0050664110708339314
RLIM,1124.8677106850648,-1.139851238466023,0.33946923805390833,-3.3577452996934367,7.858098460857413e-4,0.005067151231069714
LRRC74B,6.090649001775179,-4.1423562241621035,1.234126658705135,-3.356508179240151,7.893338614672421e-4,0.005088346250251431
ELOA3CP,2.1681495504182573,-5.9544331676252575,1.775951399965555,-3.352813127510553,7.999469739588744e-4,0.005152119466133687
LPP,1668.871274777684,-1.9486992507202063,0.5812764013295086,-3.3524485877339885,8.010011690639697e-4,0.0051573612625600935
UACA,311.046649816055,-1.4973719125144962,0.4467273389038914,-3.3518698814997747,8.026773500856712e-4,0.0051666034591597194
CDYL,614.9840381244674,-1.279274284080069,0.3819466857895048,-3.349353016208895,8.100052009814627e-4,0.005210644967944302
FRG1HP,103.34839894847433,-2.156609641248602,0.6442305340152317,-3.3475743967106237,8.15221030690686e-4,0.005237917161264108
CYBB,6.634204521577288,-3.340601891776826,0.9990066042108914,-3.343923731530829,8.26024427230775e-4,0.0052978504396403656
UBTD1,41.01892432064112,-2.0853145779866242,0.623864583512664,-3.342575669619325,8.300472078370037e-4,0.0053156708684518345
SLIT3,39.118848302998835,-2.7232874286581894,0.8149908471318658,-3.3414944943762794,8.332866910485668e-4,0.005334824698658187
USP17L2,5.348295852498633,-3.485203830953678,1.0436822744000358,-3.339334121543033,8.397948905401932e-4,0.005368483274051995
PCDHGB6,42.298669094562584,-2.5766561668239336,0.7719355115138824,-3.3379163523267907,8.440915601000575e-4,0.005389528378383587
TBCA,842.5417809644599,-1.306066732094226,0.391493867441043,-3.336110321807054,8.495944184205792e-4,0.005418215815544021
HISLA,6.963224579578028,-3.9028738086197228,1.1701994703650644,-3.335220966560643,8.523164352696098e-4,0.005433960398361803
BAAT,7.143355976333871,-2.6727267073548275,0.8016035004071932,-3.3342253445714167,8.553732928685939e-4,0.00545021106441806
TMPRSS11D,4.868604060012828,-4.6461204272667525,1.394106869009141,-3.3326859873870176,8.601195982585962e-4,0.005475575965182282
PLAC9,6.7992370707566625,-3.948545454544281,1.1866231013137076,-3.3275481070382464,8.761386037554325e-4,0.0055627024960330125
RAVER1,214.67544017947432,-1.3959040458054126,0.4195445725815547,-3.327188902042261,8.772688226929523e-4,0.005566584546123819
KCNC3,278.0847509095665,-1.5009875444241385,0.45126801290078294,-3.326155414330574,8.80528179118433e-4,0.0055856147572809845
SRSF10,1274.639081507238,-1.1986280717868993,0.360486779351092,-3.3250264377088543,8.841015112649774e-4,0.005604968517502634
LRRN3,3.3602231744802316,-5.838245465242656,1.7559769469515087,-3.3247848016332067,8.848680598145362e-4,0.005606515666849703
CATSPERG,54.121402008080736,-1.9463078758849417,0.5854095679886154,-3.3246943376278946,8.851551996610207e-4,0.005606679629493951
TEX35,5.259804151611579,-3.694473010901172,1.1115639425973065,-3.323671153157936,8.884088862729935e-4,0.005622310439226907
GHRLOS,16.576353669603776,-2.4051555730448273,0.7239156892752403,-3.3224249849492655,8.923866260060906e-4,0.0056424917484062176
AKAP17A,316.05859090955653,-1.2836879906293153,0.38638080152474763,-3.322338960847917,8.926618211465646e-4,0.005642569272991244
C12orf50,6.6763894507496575,-3.332382495680914,1.0038112220642346,-3.3197302664421424,9.010446144285854e-4,0.005685509387132444
GRIK1,5.0059963487990675,-4.9145318553912265,1.4806422236679184,-3.319189319899787,9.027920032499836e-4,0.005693187302305215
ARGFX,7.7209197877049505,-2.659337054893396,0.8014850646987911,-3.318011990520136,9.066059249836176e-4,0.005707707377314366
PRR36,384.8041846056762,-1.356574589714317,0.4090467706337624,-3.3164290421178224,9.11757374730714e-4,0.005736239595931141
DGKH,305.8259425996589,-1.6250485076364682,0.49005660134818674,-3.3160424799213475,9.130194932526509e-4,0.005740078426840719
PCDHB19P,3.4883164861707963,-4.1228234724803885,1.2441464321199425,-3.313776711520502,9.204498004266462e-4,0.005770625976382071
ERC2,6.291663633278007,-2.8933590082454237,0.8732005409932625,-3.3135103248495907,9.213270540776592e-4,0.005774438837764769
SCN3A,3.9140645844608164,-5.428984893378375,1.6393763306678697,-3.3116160040975133,9.275877314787119e-4,0.005808588479000046
ZBTB43,299.23130529573564,-1.3855563542860254,0.4186861988313939,-3.309295501388124,9.353106424567271e-4,0.0058552410697553575
FAM107A,5.756144890865603,-2.964584365621053,0.8958907032686567,-3.309091560839697,9.359922210391299e-4,0.005856091272157355
SASH1,923.0863290456841,-1.2784971567654573,0.38634948916941186,-3.3091726341194776,9.357212153688736e-4,0.005856091272157355
SNORA1,2.716168923713478,-6.25090214824365,1.8895389862473218,-3.3081625696742676,9.391027777148215e-4,0.005872128674172515
MSI2,1821.641765720088,-1.855854651626234,0.5616253408749229,-3.3044353887862465,9.516790936670374e-4,0.005938654652542781
SERPINB9,8.315727679057357,-2.931107194508621,0.887371651042762,-3.303133688195063,9.561079440564942e-4,0.005958513454254778
RHPN1,130.12703099968928,-1.9875363570871647,0.6020969267577106,-3.301023919504189,9.633266944771857e-4,0.005988699554890037
RBM27-POU4F3,145.93219651044973,-5.291090833826667,1.6033578632673096,-3.3000061652141244,9.668270449709129e-4,0.006005241211309925
ZNF160,407.8464795113046,-1.023467723107939,0.31018037012053223,-3.299588954356564,9.682653545187908e-4,0.006010695547576873
ANKS3,106.20303816037267,-1.4999908655449432,0.45474730304450434,-3.2985151434711093,9.719763719778744e-4,0.006028500850475488
ZPLD2P,4.973918338969381,-3.314042129956989,1.0052475925992481,-3.2967421701433155,9.781324865298085e-4,0.0060592012831342835
FBXO15,61.207718368852426,-1.6900415312211685,0.5126776259554532,-3.296499487512289,9.789779323199845e-4,0.006061415587878496
OR7C1,19.035014560438523,-3.872769433502807,1.1750196799655865,-3.2959187829230494,9.810037099257803e-4,0.006071944782242538
TLE3,1226.058374812834,-1.4965720793702666,0.4540777464112301,-3.2958498653552466,9.812443851266134e-4,0.006071944782242538
CLEC2B,2.6975783986917605,-5.267382088297432,1.5984477991098889,-3.2953106702831487,9.831292601842083e-4,0.0060801019952602614
GIGYF2,1895.248101681536,-1.771261631270713,0.53761340930603,-3.2946753198680794,9.85354569837135e-4,0.006092108634026193
ANKS1B,98.75267064985313,-1.7650364469507889,0.5357621456220664,-3.2944403806309017,9.861786230859657e-4,0.0060954473650417125
GTF3C3,539.975391992112,-1.376832582046909,0.41794242638954765,-3.2943115967930416,9.866306052319375e-4,0.006096485110359165
SCML4,4.623911532740409,-4.152819264664525,1.2606366627351013,-3.294223773925858,9.869389399843071e-4,0.006096634902724016
NPIPB15,19.38812985590127,-2.8697714323950594,0.8718054932434837,-3.2917565381680505,0.00099563763256872175,0.006146830723511154
EMC6,158.9275727302287,-1.4162639194557862,0.4304743551009655,-3.290007645458018,0.0010018466059082323,0.006181606717306114
AP3D1,1184.2402229721768,-1.270292099629202,0.3861877996306709,-3.289311834408131,0.0010043268485297604,0.006193348899266856
GNG2,2.449114151234129,-5.9482748131759315,1.8087309927414736,-3.288645374600563,0.0010067077960654184,0.006204767686117163
IQCE,756.4594197688621,-1.413674490019518,0.4298684421743886,-3.2886212415798135,0.001006794109949548,0.006204767686117163
PCDHGB2,123.60567016642844,-1.9789882832185894,0.6017812642188619,-3.2885508421193568,0.0010070459389909636,0.006204767686117163
LAX1,4.8400127078260065,-3.165094300997821,0.9626402717804668,-3.2879304905286895,0.0010092675483369968,0.006213104299286274
CCDC198,3.8983034883605034,-6.4895871084792445,1.9743008329674274,-3.2870305275236196,0.0010124985706305792,0.006229420678248919
CNTN2,8.705374849891939,-3.010293620193378,0.9159722566589278,-3.286446285145832,0.001014601223961519,0.006240568147381541
AJM1,73.71290977899872,-2.2307113668225855,0.6789541295858855,-3.285511155493175,0.001017975113062131,0.006259526053384908
FRG1BP,147.42347725890232,-1.7065988863780632,0.5196178714247796,-3.284334470057026,0.001022235274610785,0.006282121704795948
DCAF8,1311.5212583978107,-1.163802506817217,0.3544024509595046,-3.2838444081477234,0.001024014394418402,0.006285854949719366
RN7SL308P,2.7171002069667276,-6.2526281528674685,1.9054649532782604,-3.281418607101707,0.001032863295802144,0.006327837997656027
CARMAL,2.996420331274693,-4.912433141902047,1.4979640671577412,-3.279406528904908,0.0010402566416167333,0.006369160493322424
IER5L,82.99263170510508,-2.292216010882874,0.6995945300183048,-3.276492185870719,0.0010510522109213802,0.006427702713497481
POTEB,3.065292039320686,-5.724399283982556,1.7476202829099337,-3.2755395093326296,0.0010546036202908262,0.00644229823269033
BAZ1A,786.8218299669293,-1.2124056454933745,0.37036771835027177,-3.273518682712928,0.0010621736865911813,0.006483005493244241
APOLD1,109.3748707961885,-2.1235954028164867,0.6492906056902856,-3.2706393473209294,0.0010730466168729646,0.006543785279367383
ZNF570,117.02823349962817,-1.4002043538673696,0.42835984471466637,-3.268757263650742,0.0010802092763725932,0.006576252786086766
C20orf144,7.618642490368804,-3.309598358123295,1.0130769957684802,-3.2668774159784015,0.0010874075485110871,0.006610698581033408
BRD10,204.67023086426025,-1.1180209005933106,0.34266142882387524,-3.2627567813241183,0.0011033416667251734,0.006692400273578921
MYO10,1033.6558294814786,-1.5818965122489488,0.4855982448068724,-3.2576240321422203,0.0011234914829998759,0.006803083302815276
CCDC88C,375.93948149880316,-2.195099079097887,0.6742370357900145,-3.2556785856858985,0.0011312173037142386,0.006845168775295711
CYP4Z1,20.927372862675295,-2.01856199681014,0.6200213428123761,-3.2556330845871777,0.0011313985855533031,0.006845168775295711
TAF3,207.4238106362141,-1.0158347831007934,0.31213704200380715,-3.254451239043917,0.0011361166185915365,0.00686597089129101
CRACDL,203.45034737202334,-1.1373594498219148,0.3496268209894742,-3.2530669317733953,0.001141666022109293,0.006895624214597645
ESR2,14.66639835433048,-2.4608638615272866,0.7566183014682835,-3.25245088144414,0.0011441436886596317,0.006908644782958835
AHI1,597.7980416431577,-1.3972479603667893,0.42976813178690804,-3.251166982896691,0.0011493233263377288,0.006937968659130143
CYP4A11,4.010837309807453,-5.069371648291656,1.5594539281211406,-3.2507351175159953,0.0011510704682803714,0.006942656618689368
CHD4,3702.583282021821,-1.4854966063459434,0.4570078069442529,-3.2504840918989997,0.001152087137959508,0.006946836184493128
COQ5,285.01208932827075,-1.0614976823386835,0.32678414127706223,-3.2483145546487773,0.0011609085479136827,0.006992168801074272
LRRC4,17.701177472613587,-3.2149763854151,0.9899464745440686,-3.2476264809123085,0.001163719290181855,0.007005165769229343
RNF213,2429.9449669266533,-1.2158198597318812,0.37478588167175336,-3.2440385809322616,0.0011784778272417229,0.007080354106099778
GPX4,1341.7999561039007,-1.0541221276616028,0.32495585043205055,-3.2438933666221947,0.001179078780385005,0.0070817326132275975
CIITA,17.543438142400028,-2.305761848550996,0.7112044449750954,-3.242052077770321,0.0011867233460258922,0.007121667507191175
ZNF892,153.61191532113733,-2.721023075318696,0.8398620665635163,-3.239845188451446,0.0011959461195620179,0.007173002718222723
FCRL5,13.702624910510277,-2.050883047057681,0.6331641489718548,-3.23910166169065,0.0011990682624478,0.007189719170754342
SPAG7,177.71633836067423,-1.3975264089593145,0.43157245695522234,-3.2382196464041595,0.0012027816959702426,0.007207957329103995
RN7SL667P,2.615214112226961,-6.237237689845717,1.9262161867673029,-3.238077705241093,0.0012033802837245978,0.007209531236384664
YPEL2,261.69869693409373,-2.1251569845702325,0.6572503194969671,-3.233405783958754,0.0012232367679802139,0.007306056510118394
DNMT1,1332.9425198752358,-1.172245483778834,0.362923578954742,-3.2300064028769477,0.0012378744580895833,0.0073811575078084075
MORN1,45.54453167451669,-1.3302381224803548,0.41217352871688695,-3.227373981588387,0.0012493205749481379,0.007438363848233826
TENM4,21.036484021093916,-3.471117889546816,1.0755051039487395,-3.227430420183534,0.0012490741506892642,0.007438363848233826
MOK,205.06935764569334,-1.5366431365556672,0.476382966622637,-3.2256466839061164,0.0012568841108022192,0.007475812920680606
CCDC47,2495.051462247906,-1.046539115853653,0.32459418889278807,-3.2241461851903948,0.0012634888260893385,0.007510933575589253
CTXN1,71.1127649698802,-2.212086854581443,0.6868395302639306,-3.2206749278560136,0.0012788911840624078,0.007594079914216732
AK5,11.525868733707831,-4.0528110508015605,1.258931107300222,-3.219247683451729,0.0012852741630334475,0.007625652070416861
TAS2R45,3.1111386308858404,-5.715658402340944,1.7762688432098763,-3.217789032437364,0.0012918279732413666,0.007656029244365741
RAB6A,2574.4234637378286,-1.5721366521619207,0.4889981896214434,-3.2150152813019326,0.0013043757827525286,0.007709144670302743
CPLANE1,498.76883290081753,-1.2949616039085288,0.4028583308977563,-3.214434218159893,0.0013070185870824682,0.007720511664957272
COMMD3-BMI1,56.267901278042864,-2.9620976962826804,0.9218486624188234,-3.21321472497501,0.0013125811891001027,0.00774697258473273
SRRM2,11911.405568745651,-1.2652215729906502,0.39384209276156784,-3.212509775476477,0.0013158067055853442,0.007763874594957791
ALMS1,812.4551912333042,-1.349336268365432,0.420433054564718,-3.2093962492136217,0.0013301404139779511,0.00784255339120456
PHAX,756.3537413029856,-1.3531914394353248,0.42169246531076116,-3.2089533267759642,0.0013321911566033346,0.007849758984268962
SPATA24,57.51305367060575,-1.3015337662374133,0.4056484352721147,-3.208526529541094,0.0013341699985442823,0.007857104327321706
ANP32E,690.8730191635335,-2.389947568713535,0.7451593096667238,-3.2072974700973016,0.0013398836825975469,0.007888588155978973
FRYL,839.664311490308,-1.067629691850203,0.33324814804321956,-3.2037078018862397,0.0013567009319946865,0.00797228970443756
ZNF969P,5.369354854400709,-4.214173590961086,1.3159774796695023,-3.2023143678867845,0.0013632813342345958,0.007997817778205147
MAB21L1,2.0425583869474795,-5.829157730756608,1.8239818849149199,-3.195841898960806,0.0013942348697125663,0.008161560366620751
HCRTR1,3.164085349285447,-4.76941700153952,1.4925015525163634,-3.195585956676738,0.0013954720896596638,0.008166575141558873
CD84,2.069440921616317,-5.857516632542331,1.8344517683680395,-3.1930611278776113,0.001407731430729327,0.008220385443116016
KMT2E,411.9441977054618,-1.3049842121277915,0.4086930943204491,-3.1930664605371977,0.0014077054336076426,0.008220385443116016
CD3D,7.453975119132869,-2.3812951704600356,0.7458916978416281,-3.1925481639636715,0.0014102342392113502,0.008226046962075448
SALRNA1,11.08531335039873,-3.123034778792103,0.9784250309218193,-3.191899920885863,0.0014134029581497726,0.008242290076601664
NAV3,26.29670502967592,-3.337975678938639,1.0467787185405057,-3.188807357100921,0.0014286104754333729,0.008326447800869143
MIPOL1,455.84768323601133,-1.774797378608596,0.5567596311579254,-3.1877264070267572,0.001433961466926943,0.00835536602776329
NOTCH2NLR,40.416112168399444,-2.2102727821534747,0.6934618781734203,-3.1873025060517195,0.0014360649285701465,0.008365165336062895
EXOC3L2,2.8778672779506542,-4.853155153283628,1.5228249048861104,-3.186942331788688,0.0014378544031009917,0.008371230464066001
ANKUB1,2.694744393462766,-6.187727067911273,1.9425638635622005,-3.185340355587822,0.001445838523081992,0.00840403431888937
YJEFN3,64.407905505211,-2.259006205611654,0.7094003982713348,-3.1843881270949312,0.0014506036963278586,0.008429449045002937
DNAH5,111.06708449132014,-1.3378221332508153,0.4201916041712172,-3.1838383251124824,0.001453361620887246,0.008440904028211177
PRKG1,28.456358087664256,-2.871452166495782,0.9019270970606897,-3.183685439603291,0.001454129385666168,0.008443078088851723
HOXC9,178.40195936423385,-2.4955068623952714,0.7840157502382521,-3.182980522568481,0.00145767419550687,0.00845679595446808
OR13H1,3.9215047874275584,-6.783025313742224,2.131137925409086,-3.182818546312612,0.0014584898484656828,0.00845924112110096
TNIK,978.3321423512614,-3.2125445818172884,1.0096136266266968,-3.181954459698593,0.0014628481830815188,0.008479935712838843
HDAC4,168.20713329166983,-1.6480912381719885,0.5183002151458436,-3.1798004129869697,0.001473765206157774,0.008533999277967034
SGSM2,547.773526561885,-1.5339780995089083,0.48246684697764114,-3.1794476845784123,0.0014755600221918973,0.008542087422778018
MILR1,3.70185256274675,-4.41293075659601,1.3885001682235978,-3.178199655706035,0.001481926650101739,0.008572006984146447
PDE11A,44.195779743726746,-1.553368920145718,0.4889114114678681,-3.1771991483733397,0.0014870488538446228,0.008594685807569514
DCDC2B,7.4832789688329155,-2.8148505648801825,0.8862993606224252,-3.1759591509841387,0.0014934197888139484,0.008624539469307678
NUDC,1018.6867097966707,-1.2438936765541972,0.39182630039679717,-3.1746048575466297,0.0015004066861585433,0.008662557838300333
LITAFD,2.0247376731490667,-5.809226521266613,1.8307088649741043,-3.1732115534103698,0.0015076262606372017,0.008699558901122438
RBBP8NL,51.52333752191481,-1.5917845889373345,0.501759140232017,-3.1724077576370253,0.001511805768736428,0.008716644760097729
SNORA58,3.3841055719390427,-5.593726659912106,1.7638430011276285,-3.1713291128156103,0.0015174311860736854,0.008737599938231528
RAPGEF6,639.0663602167973,-1.3747467011346943,0.4336864373610627,-3.1699093693127374,0.001524864915870464,0.008770732000691546
PSEN1,519.3631814661808,-1.2974407507229848,0.409659031796615,-3.1671235100880923,0.0015395491583647216,0.008850448684304025
CLCN6,121.3435108592239,-1.3435773212882962,0.42430449780935475,-3.1665403695342915,0.001542639324182588,0.008863464497177601
CCDC17,10.878712861525404,-2.287503093110263,0.7228449939971673,-3.1645831569793335,0.0015530527510960314,0.008916134841765873
DNAJA4,797.2341726362502,-1.576763146748622,0.49860845683308824,-3.1623273234542264,0.0015651352839833835,0.008971101280524415
BSND,3.4481017699856986,-5.1306113299150775,1.6239449370955976,-3.1593505498352075,0.0015812117407643744,0.009049861533333706
GNB5,120.65403358213587,-1.2855092301027606,0.4069897507754028,-3.1585788773638397,0.0015854040010635983,0.009067902415465038
RN7SL338P,4.319164038425514,-4.155503727178295,1.3157434973773645,-3.158293189714672,0.0015869586483075423,0.009074375857362073
NOS3,13.786545632815388,-3.096652010564218,0.9816838807980209,-3.1544289064285316,0.001608125538931049,0.009163668100228443
ZBTB32,10.241208323265258,-3.9070985261573017,1.2397001446578764,-3.1516480360140275,0.001623518417693333,0.009236666289421772
IGFALS,5.583761850008121,-3.3519602179546752,1.0641007942157892,-3.150040142978157,0.0016324803001314813,0.009276438237463163
PTCSC3,6.804704202709628,-3.3795154647130663,1.0729721542474808,-3.1496767659206015,0.0016345119446568648,0.009284443179549053
HOMER1,146.13961959267144,-1.2217893643202953,0.3881865043132659,-3.147428750728318,0.0016471324292771992,0.009334845194475387
TAF15,1976.807545656902,-1.6080723647170942,0.5112578185344769,-3.1453257171237823,0.0016590200976690144,0.00939134035768321
GAU1,1.9083528096795908,-5.761426993994148,1.832331006512458,-3.144315614109527,0.0016647578532195415,0.00942133531911692
RN7SL471P,55.87023064754143,-10.6275923369415,3.385183623935272,-3.139443385522153,0.0016926911875164029,0.009546689325650988
FAM157C,125.52250123715294,-1.5303931476584638,0.4874989801240254,-3.139274562726498,0.0016936667616679279,0.009549681740776072
PWWP2B,50.18983314597032,-1.3669270160327875,0.43547152032357744,-3.138958467403543,0.0016954947685898945,0.00955496789231595
CCDC88A,57.55270502920333,-1.6629218891546629,0.5298684002184888,-3.138367731438532,0.0016989159122820778,0.00956922191012425
MKRN5P,91.94920249014355,-3.207792456043672,1.0228132426174192,-3.136244548256733,0.0017112644437077033,0.009631431557984288
CHST4,2.545049245731558,-5.132739762016344,1.6367334157791833,-3.1359656450667943,0.001712892677426966,0.009636594637773634
RN7SL180P,2.459694317048906,-6.134234944193386,1.9561157873442998,-3.1359263004167386,0.0017131224856992736,0.009636594637773634
NSA2,713.061696244137,-1.03048589776441,0.3286378742514713,-3.1356273226618114,0.0017148697123271152,0.009643895185151963
STAG3L5P-PVRIG2P-PILRB,600.1478903525675,-1.1764596324529868,0.37531275315747875,-3.134611394245247,0.001720819053586295,0.009674817105046344
CCDST,6.2474203707480624,-2.9739824871186076,0.9488434920079827,-3.1343235340371467,0.0017225082290350047,0.00968177752621561
ZNF586,157.4723476555626,-1.3915286406178333,0.44412444402543744,-3.1331953449923886,0.0017291431981548927,0.009713195164926497
MISFA,18.410444047399825,-2.2721249767612717,0.7257614227794478,-3.1306775276918373,0.0017440355191127746,0.009772063248083588
AFG2A,158.94024981080628,-1.5776640166961882,0.504129228795409,-3.129483328046532,0.0017511400939139354,0.00980675010840111
SPG7,556.2146086526994,-1.5869798301972824,0.5072386802361003,-3.128664851542086,0.001756024761590421,0.009828975321786759
FAM20A,21.61692778277971,-3.1530817543814758,1.007979050312685,-3.12812230909299,0.0017592695556621664,0.009844569664800545
TSPAN19,7.979335798277339,-3.6789182280048425,1.1762036229598787,-3.127790253482609,0.001761258205420267,0.009853128542314633
CYP46A1,51.06461147901689,-1.2483634807678237,0.3993949909804835,-3.1256362972985436,0.0017742083105538734,0.009902343392584168
CLTB,420.27172432255816,-1.2021456938295991,0.38495958213187353,-3.122784182100932,0.0017914906126622427,0.00997545110216184
LCN15,3.338335036299609,-5.09769460960239,1.635574388744542,-3.116761086920267,0.001828496897476734,0.010144659622505355
LPO,7.518697764981216,-3.3837428983167634,1.0858734902590772,-3.1161483622824613,0.001832300616921139,0.010163135497319111
NME9,10.02760965337164,-2.7240889634188794,0.8743084694160143,-3.1157069372076514,0.0018350454340650513,0.010173101269707052
ZNRD2,65.3611555907789,-1.619570010407364,0.5202182244113829,-3.1132511980714956,0.0018503845163746217,0.010234343227164789
TRIOBP,317.28758036613755,-1.2583466053795396,0.40424043101721563,-3.1128667714238354,0.0018527963651425701,0.010245042513774687
KCNAB1,15.86686605459838,-1.9059574387956562,0.6123175478704492,-3.112694459638299,0.0018538783667005644,0.0102483847886126
TRPS1,6280.647155412254,-1.9444392452878791,0.6256423713972519,-3.1079085020174517,0.0018841639163194649,0.010389043587927985
TMEM184B,470.7931954501853,-1.301883530742065,0.4190543052065432,-3.106717946974423,0.0018917680067804088,0.010418089618958704
IMPG2,17.90250587488741,-2.21058710148308,0.7119674537648385,-3.1048990930605553,0.0019034394886774785,0.010476484079768835
PANK3,2861.5038993697262,-1.5031867112028032,0.48423344025863385,-3.1042604376928953,0.0019075533661696994,0.010495616420254018
EPPK1,649.2288780786951,-2.26439588168669,0.7297679101200901,-3.102898675435129,0.0019163523936350747,0.010539447044440979
GRM6,4.216081979472254,-3.8916348454828054,1.2553005039013312,-3.100161940019977,0.0019341486344903245,0.01062642849364116
ITPR2,863.4740268001444,-1.3393990533581772,0.4321824873021857,-3.0991516146781253,0.001940756763923615,0.010657277419089246
GALR1,2.354716409464617,-6.084354180249005,1.9636878369222868,-3.09843248292717,0.0019454729353630465,0.01067771079102071
TESHL,10.433518702296883,-2.5843881133058138,0.834502931194827,-3.096919155940568,0.0019554319440269405,0.010710456742934697
STAC3,21.846465286533025,-1.5228793904125055,0.4922694361779382,-3.0935891576702272,0.001977511244244261,0.010809320249995374
IATPR,2.3540679640236344,-5.824889572768252,1.8832286494891721,-3.0930336442939415,0.0019812167276877946,0.010824060839149711
NDUFA6,380.0039543665899,-1.0597810856124221,0.342707999721393,-3.09237335129025,0.0019856294200750065,0.010839889940170348
RYR3,23.96530220049509,-2.4203500110471667,0.7827033933279303,-3.0922952828353325,0.001986151742063137,0.010839983821127903
CELF4,12.062775525597461,-2.001981815565767,0.6475407575913587,-3.0916691993450565,0.0019903451570339576,0.010846432746380197
GRIA3,3.123108787551691,-6.3197413069081145,2.0451428693934135,-3.0901221628504327,0.002000741851184718,0.010890939160066348
ATAD5,197.73203062458944,-1.007962597346902,0.3263055767806903,-3.089014313795663,0.0020082176334195356,0.010921915874681432
OTUD3,197.67043490556293,-1.3149959622839713,0.425702284793938,-3.089003769196347,0.0020082889115327555,0.010921915874681432
TGFBR3L,25.827167735451482,-2.319108184179352,0.7509022902456626,-3.0884287001184147,0.0020121797121281176,0.010940303172604358
RGSL1,5.140736392877289,-5.416276501100136,1.7560512236066992,-3.0843499485031045,0.002039974854498422,0.011060601409180429
NRDE2,160.3188851868536,-1.3997516662402287,0.45424422645280954,-3.081495778539402,0.0020596339713346516,0.011147476677135339
PITPNM2,38.65341577667969,-2.7905388593117366,0.9061858174904519,-3.0794333849096454,0.0020739474502625673,0.011210809139202693
FCAR,3.937751522252622,-4.669824255143652,1.5171383590015513,-3.078047712284412,0.0020836155192030833,0.011248902903672494
CD3G,2.655222863128092,-5.5987584805306865,1.819576827482157,-3.076956353790227,0.0020912591919233997,0.011284491390162474
RBMS3,3.028903777878866,-4.698244995940285,1.5273786742008049,-3.0760184591411974,0.002097848571545297,0.011317202198431894
HSF2BP,28.054638440518854,-2.4424891674345313,0.7944532666762735,-3.074427747843606,0.002109068006328759,0.011363745924293874
SIKE1,303.24516453531646,-1.414440339321047,0.46006638314283144,-3.0744266287370148,0.002109075918825211,0.011363745924293874
SNHG1,1026.1925057157155,-1.3802860225406886,0.4489582088765492,-3.0744198351883307,0.0021091239523048696,0.011363745924293874
FRMD3,33.48138371469402,-1.9462463402256758,0.6333987656699569,-3.0727030832892406,0.002121294379594823,0.011414989314469636
RWDD4,208.9704630669526,-1.0369211494883375,0.3374794917673008,-3.0725456650957517,0.0021224135685776607,0.01141814870435613
TAS2R18P,2.593280942247693,-4.736501075228342,1.541908813609647,-3.0718425327241468,0.002127419210695916,0.011442209589356982
COL8A1,9.57039418490758,-2.2120240415465577,0.7201478059531548,-3.0716250514973433,0.0021289696633953474,0.011446225831893966
PSD4,720.2333245682804,-1.0443936328932089,0.34001746804422794,-3.07158817133877,0.002129232689698076,0.011446225831893966
EYS,8.869663691505044,-2.7344666433668756,0.8903814240911263,-3.0711182526725938,0.002132586721273249,0.011455647318779455
PIRAT1,6.80702912733392,-2.8777505258956513,0.9374693155519928,-3.0697010325092067,0.002142731450336447,0.011495754231055038
ZNF836,124.19327658601752,-1.041233187351733,0.3392240343620056,-3.0694558223447483,0.0021444911945483498,0.011502319678832189
ZNF226,219.4392942820972,-1.0267435738706618,0.3346100424804785,-3.068478059592498,0.002151521266890903,0.011523471497784573
FRG1JP,21.328859252567522,-2.509074761463989,0.8178618171583709,-3.0678468034877473,0.0021560711888698363,0.011541353882052055
SMARCA2,1458.5989518948588,-2.452456926675456,0.7996609040019768,-3.0668711129954076,0.0021631210569819925,0.011571424889469011
IFTAP,94.52675608340346,-1.9698307449510828,0.6425333828279571,-3.065725139885096,0.0021714282888103324,0.011606189558622599
MROH9,2.6604565173667245,-5.541889276282998,1.8098126509668864,-3.062134234348656,0.002197648755528818,0.011720065182318199
TCEAL8,477.79974582089585,-1.036870688048463,0.3386873287604188,-3.061439268612043,0.00220275672675276,0.011741470282194294
RBM7,144.75832306391638,-1.0141417860096442,0.3313537809270059,-3.060601219555874,0.0022089308263847024,0.011768534144542134
GPATCH2L,328.3576168997496,-1.450329650776753,0.47396557869547207,-3.059989408447328,0.0022134481904940045,0.011783824899032829
AIM2,4.198745428037738,-5.244715943510659,1.7150770150850398,-3.0580060821645416,0.002228150536439953,0.01185621386362544
NTN3,4.690132741875242,-4.754137318092981,1.5548615121693636,-3.0575953426617044,0.0022312065011031246,0.01186953185762842
PCDHB18P,7.84423729681367,-2.8954503783363035,0.9489864125475301,-3.0510978240073428,0.002280062755872617,0.012096451604703674
KCNA7,5.061555794300316,-3.62039185697635,1.1870973098937172,-3.049785242374519,0.0022900505489872936,0.012137437584901782
ZNF366,2.9930723667401957,-5.512713313939793,1.8078105050679667,-3.049386702027454,0.002293091073816817,0.012150551714594787
P4HA3,11.589181583388637,-3.1352128539137882,1.0283428504591094,-3.048801139147372,0.002297565130222427,0.012164227037129438
PTPRS,1262.7975871781296,-1.3020059264138104,0.4272114515628254,-3.0476849851538645,0.0023061153784520267,0.012198480656046461
FBXW10B,29.290119057056828,-1.922833779924689,0.6311923143360058,-3.046351700190534,0.0023163671440472942,0.012244131473179556
SPATA12,3.033715671218953,-5.434963109772658,1.7840960342059244,-3.0463399982791186,0.002316457305736673,0.012244131473179556
CHURC1,624.3551120694381,-2.0161289048223807,0.6620885191706801,-3.0451047653684533,0.0023259927094935262,0.012288479454882097
ASXL2,718.8264679621999,-1.200402453642276,0.3943799258042784,-3.043771690950639,0.0023363237225016847,0.01232485424898873
RN7SL359P,2.5850487680193903,-6.196768260819243,2.0370552792087895,-3.0420226314261454,0.0023499422562583824,0.012378439081812687
CLDN3,149.286515811837,-2.7810979596473238,0.9143897092225117,-3.0414799418642176,0.0023541824999880616,0.01239469000239053
TBC1D3,41.05095460913066,-1.6738681166247724,0.5504267799082169,-3.0410368421825122,0.0023576498033793672,0.012406857474379897
GAN,297.4184049903498,-1.7435207078170207,0.5734062444996415,-3.0406378105254674,0.002360776270445225,0.01241417759464703
TFPT,261.42629958034007,-1.3947379740950625,0.45872141288811263,-3.040490229818975,0.002361933546555772,0.012417220457885075
SIGLEC8,3.3533067270194343,-4.140652395417807,1.3618722938170167,-3.0404116554956158,0.0023625499107001536,0.012417418830180087
TPO,56.701822630614146,-1.4146520924241877,0.46574303514405924,-3.0374090124324047,0.0023862143136271032,0.012500263912240746
EPS8L3,4.602003699272911,-6.137702682290601,2.02618568513404,-3.02919062518427,0.0024520990700784666,0.01279719018576943
FAM50A,1246.382973554785,-1.5061167873366594,0.4974551807320496,-3.0276431840960516,0.0024646891969266112,0.012850396055890447
TRMT10B,82.14841924280078,-1.5133875105739643,0.5001182289985759,-3.0260594851827998,0.0024776355414690807,0.012905354058234581
NHERF2,825.2468642663599,-1.8282014080025069,0.6043117728787948,-3.0252619426780294,0.002484178782520491,0.012932152498111324
RC3H1,527.9441948941314,-1.1302570309804725,0.3738376961348056,-3.023389675964894,0.002499601501159246,0.012990506114645094
SFMBT1,167.1680369957146,-1.0780389627574587,0.3565558677458704,-3.023478395048638,0.002498868708892002,0.012990506114645094
ING3,126.81560134608968,-1.0134551962015892,0.3352986924843896,-3.022544432524956,0.0025065928161600443,0.013011969481082377
FAM184A,207.91070133454608,-1.2703239889801612,0.4204868076646658,-3.0210792962456803,0.0025187538810184417,0.013068776181493172
AGXT2,4.6924207727211105,-2.9247520594839744,0.9698146980731451,-3.0157844228335096,0.002563154216597374,0.013286301808739045
RASSF9,4.069058768113292,-5.279637798877699,1.7507930630262547,-3.0155692927819913,0.002564973236686716,0.01329252008193599
MYO1E,147.30659278366971,-1.2615779016068307,0.41864973806239975,-3.013444860722193,0.0025829997473668744,0.01337545145053429
ANXA2R-OT1,52.209785094272384,-1.6491954842987333,0.5476336061464026,-3.0114943016441598,0.0025996528202316144,0.013439785478720897
CAMTA2,256.94429055563864,-1.1228506632541846,0.3729171132199813,-3.010992586419124,0.002603952101536281,0.013455529039000384
PEAK1,262.0244813506119,-2.3833688236506676,0.7921421110319714,-3.008764198315008,0.0026231261960955234,0.013535053659103135
GAL3ST4,5.436610028279241,-3.015171418546124,1.002896956258161,-3.0064618301323995,0.002643072341653746,0.013621597610924444
KCNMB2,11.94096236194122,-3.809296395827576,1.2673484462494529,-3.0057214391990423,0.00264951598236322,0.01365152772665419
C2CD3,559.1667579096846,-1.0105954678942666,0.33632385133946535,-3.004828423168333,0.0026573070253628184,0.013685099295485021
PIPOX,8.066168120690428,-2.7450578174887226,0.9138128418881339,-3.003960648897035,0.0026648979033371037,0.013711030689430411
TAS2R30,7.230633203682837,-3.380097815180375,1.1255226571371137,-3.0031361818855005,0.0026721283040890497,0.013741642321052242
LNCRNA-IUR,20.580659472367987,-2.037738220059134,0.6786385310091767,-3.0026857110940837,0.0026760864071199548,0.013755404621986642
CCDC57,380.59796384442274,-1.2170304761782276,0.40572876571672445,-2.999615947930952,0.0027032021460740474,0.013861581375089381
KIF24,164.37598959566267,-1.2607467126485863,0.42034470117215345,-2.999316297155471,0.0027058624167672746,0.013865283539595442
FAM106A,84.47125299515233,-2.4169005512032244,0.8061878145540534,-2.9979373386338573,0.002718135538947735,0.013918202974425767
HNRNPU,9639.293274347061,-1.0147838882267959,0.3388247989326857,-2.9950106704804775,0.0027443524108931487,0.014029014468262737
MCC,184.62381130471866,-1.5549193225689577,0.5191577250491326,-2.9950807770833068,0.0027437217101667685,0.014029014468262737
PDCL,502.8147734601971,-1.1099787622618689,0.37086395283876944,-2.992954030084516,0.0027629136214413013,0.014113812500864159
CBLC,118.07343969150487,-1.2417102175260057,0.4149738839332502,-2.9922611171495763,0.002769192950380569,0.014136458076133578
STK3,502.621400431658,-1.2051329508129605,0.4027518567155097,-2.9922467909669392,0.002769322914821322,0.014136458076133578
GADL1,6.213661974882559,-2.628897779903559,0.8787965407751525,-2.991474884032554,0.002776333752564081,0.014165506973377361
RIN2,200.01702491053044,-1.4130749729600274,0.472535992787535,-2.990407068515909,0.002786058902728442,0.01420837073492214
KLC3,103.55175168937822,-2.166148854801872,0.7245203177369814,-2.989769647271972,0.0027918790485591837,0.014227908900992658
IGSF10,5.154267777799874,-4.396799876899661,1.4707681129121695,-2.989458255383204,0.002794726331262025,0.0142331565878115
ZNF552,872.8006899448421,-1.6472366693020886,0.5509922871688423,-2.989582082475359,0.002793593772565034,0.0142331565878115
GJD3,21.44621712057472,-1.7835913021569085,0.5966649882848017,-2.9892675742280357,0.0027964711767909673,0.014234409737650416
BBX,1559.190257450728,-1.8362439888705042,0.6145748795964048,-2.9878279276178312,0.002809676941509943,0.014279443292858966
EGOT,6.528216366918118,-3.375223949423371,1.1296397398519153,-2.98787642674985,0.002809231137457123,0.014279443292858966
POM121B,6.90447562241723,-2.5834581833200962,0.8646703866707189,-2.9877953763020693,0.0028099761894568227,0.014279443292858966
ZNF385D,3.005456325920341,-5.043808955789692,1.6880825514959024,-2.9878923582973456,0.0028090847087575642,0.014279443292858966
PAPPA,28.899724114431155,-2.722282396824203,0.9113490153047619,-2.987090951005035,0.0028164591856049,0.014302227667553515
CCNYL6,12.760832426387957,-2.718538838240665,0.9101743995538168,-2.9868328966111766,0.002818837538753504,0.014310918756009035
KCNJ13,11.06614461088479,-2.764620966998898,0.9263659877500874,-2.984372271388628,0.0028416081335389826,0.014408504608570342
CWC27,297.0644636876446,-1.1399173702755792,0.38206545464591335,-2.983565659795178,0.0028491089788579755,0.014437279500895432
ZNF70,78.7424240702213,-1.4941201407614384,0.5008376456899379,-2.983242481110193,0.0028521193522828632,0.014442369914953833
SPATA1,3.859605929300648,-3.8091135447080644,1.2769249236962512,-2.983036413512873,0.002854040364872726,0.0144486214272632
S100Z,2.4914316196916575,-5.372139152928803,1.8014365571030881,-2.982141742236987,0.0028623944150151215,0.014484080204250063
CHRNG,2.475464173175508,-5.396176845803273,1.8096716478693105,-2.981854112682087,0.002865084912834209,0.014490860765831283
PCDHGB1,133.00761555509544,-1.4336657911050612,0.48094724456087856,-2.9809211037564993,0.002873828212596715,0.014528234026460663
TMOD2,56.63052895645354,-1.855510292070087,0.6225446310361149,-2.980525731917276,0.0028775406154603407,0.014543575508190982
NR4A3,16.388688007162326,-4.387720571591103,1.472719187088431,-2.979332794777826,0.002888768424343225,0.014586581267389556
VNN3P,4.622421056208967,-2.969709531067271,0.9983107005960156,-2.9747347487052704,0.002932419907500655,0.01476877052686319
GABRB2,9.050082156404667,-3.3565313748728727,1.1288165467162916,-2.973495901204643,0.0029442833896788996,0.014818086665691647
FRMPD1,19.285916582150914,-2.5889775953732577,0.8707693973358861,-2.973206917117459,0.002947057058695301,0.014828568459461
SPDL1,313.64612200578824,-1.0662366118453335,0.3586866914787478,-2.9726126928478696,0.0029527679163506787,0.0148538207887683
HIC1,8.331845808677972,-3.1322749710846147,1.054229432644778,-2.971151130951238,0.002966857407774416,0.014910716620805379
RN7SL233P,2.2391616217282504,-5.992343320531657,2.01820918523281,-2.9691388605192635,0.00298635611663108,0.014984148296212996
BOLL,3.2498769391117666,-4.867875057671328,1.63985201390591,-2.968484361022733,0.0029927233077188843,0.01500907739744035
MYHAS,4.078056033079406,-3.5885281413894043,1.2088568335817922,-2.9685303021009903,0.0029922759736352093,0.01500907739744035
PHACTR3,18.20738678614584,-2.005460595460127,0.675653186026457,-2.9681804762208253,0.002995683809255968,0.015020414613699318
HTN3,2.4326317621935085,-4.5845167356227625,1.544710542119551,-2.967880784533384,0.0029986060771849564,0.015031554874185742
SYT1,289.21622511637133,-2.2989687123071407,0.7746624010018269,-2.9677040080091857,0.0030003310290806547,0.015036689370404215
SFMBT2,199.41267759587683,-2.57828946827841,0.8690360471719567,-2.966838345392872,0.0030087910785167237,0.015071666484434683
GSC,17.490326715549767,-2.4275248725630374,0.8185555468739054,-2.9656202096899187,0.0030207326763713803,0.01510718322883473
HOXC5,13.452625833437681,-3.013753302041551,1.016442725337295,-2.965000611363981,0.003026823280417256,0.01513411640208628
ZNF837,13.557979192392763,-1.9339933633703101,0.6525751883295684,-2.963633000391658,0.0030403064589272725,0.015196764258927806
BEX2,153.559763534313,-2.160810651348905,0.7296192212889097,-2.961559383717609,0.0030608546207790883,0.01528309778554482
PLGLB1,32.28989896994244,-1.7391550690451985,0.5874451947694923,-2.9605401227728585,0.003071001175816447,0.015319313164347037
SLC25A32,324.99741739916044,-1.3289823272980559,0.4489847211331361,-2.9599722768828403,0.0030766672722948247,0.01534044601845886
HRC,7.4785637925733965,-3.1975278179454136,1.0813378127016966,-2.957011010237834,0.003106370254565026,0.015454237288563197
SCUBE1,8.701669452536372,-4.384155752312771,1.4827676070250546,-2.956738285582665,0.003109118925577615,0.015462732825700027
PHLDB3,94.11834060035194,-1.3243797608489323,0.4479926669296083,-2.956253212638027,0.003114013241162289,0.015479899039921871
ZGPAT,309.47277067903894,-1.8054477884320104,0.6108147754460723,-2.955802415083212,0.0031185680194396478,0.01549536228228174
NPDC1,447.5972160922682,-1.6593280930549477,0.5615490078091361,-2.9549123406499436,0.003127579013366811,0.015515203477310445
NUTM2G,8.65289948183177,-2.823672299816107,0.9556058615446712,-2.954850334689068,0.0031282076369189677,0.015515203477310445
UVSSA,264.7080770708152,-1.352049807393854,0.4575827812246572,-2.954765482598098,0.0031290680638303638,0.015515203477310445
DLEC1,6.947114038919939,-3.5673224129785637,1.2076953188195432,-2.9538264803952607,0.003138604257155119,0.015551708002435662
SNHG31,26.308208433642115,-1.959147899056956,0.6633964270983685,-2.9532083970154592,0.00314489575709852,0.01557209574234754
KRIT1,617.7183841199271,-1.0358528753239737,0.3508460374990552,-2.952442851308427,0.003152704220325229,0.015603559171628095
TTBK2,177.80235346405763,-1.2512955868088151,0.4242145058481877,-2.9496765658848365,0.003181067493220415,0.015711325294478735
SLC6A1,3.800097790484202,-3.8547875037673043,1.3070561021932372,-2.949213501470197,0.0031858380445536237,0.015724030459089412
GOLM2,863.1200453120026,-1.3567556415879645,0.4600546234155412,-2.9491185883865887,0.0031868166566232804,0.015725243837924948
KLHDC1,27.816528598370063,-1.9239318971485657,0.6525224881584448,-2.948453014360171,0.0031936868331701586,0.015755521710306118
FRS2,634.9401009410819,-1.1021228831826169,0.3739209906262426,-2.947475297754165,0.0032038034821455018,0.01578043089490347
NCOR2,927.7950951480254,-1.7469396532262054,0.5927290503260202,-2.947281987048436,0.0032058071651657285,0.015786283103363132
ZNF513,137.15892907937916,-1.0807978520129742,0.36678822263266564,-2.9466536418629268,0.0032123279112400553,0.01581106925165137
NKAP,314.51229078550966,-1.216812882246163,0.41306436374000655,-2.945819075818549,0.0032210074328369747,0.015846588608134222
FAM76B,314.75701544142316,-2.0235123536625808,0.687268081257588,-2.9442839102317753,0.003237029048363253,0.015914465836855764
MXD1,109.04031197150576,-1.242275281035416,0.42226621421256466,-2.941924405086472,0.003261795415653247,0.016031988954902942
RNF113B,2.168181901191556,-5.953299654611959,2.024019311788845,-2.94132551993804,0.0032681089768608973,0.016041541318260487
ASZ1,2.0448716482209504,-5.126261529790548,1.7434423930430134,-2.9403102449764025,0.0032788376385192693,0.016079491709923108
FER,215.45338569849122,-1.4816518573228838,0.5039600394145077,-2.940018536081238,0.003281926126743675,0.016090960630550436
CACNA1C,42.862566636017654,-1.9466656286671402,0.6622136106728846,-2.9396339750388183,0.0032860017432382884,0.016103584701962475
INTU,293.1438103763962,-1.413613588582747,0.4809788100053771,-2.939035065945927,0.0032923582239161855,0.01612736988934977
SLC2A11,130.0323296941323,-1.0743167245883332,0.36586572678675167,-2.9363688531954484,0.0033207920303506932,0.016247867452008537
SLC68A2P,4.676007591011183,-2.7656809365969246,0.9423324386009788,-2.9349312655552384,0.003336215809293082,0.016304985485636424
APLF,34.33841936227198,-2.521621500269495,0.8593769294474741,-2.93424388514914,0.003343613697175294,0.016327420993206342
LENG8,738.5574559438751,-1.0787211447550633,0.36763447121021176,-2.9342219765302024,0.003343849732765232,0.016327420993206342
PSD,6.608221501593804,-2.6459583099657165,0.9017231392747175,-2.934335601162391,0.003342625746501557,0.016327420993206342
CD93,2.787512634729501,-4.852189908312396,1.653777625793855,-2.9340038422537145,0.003346200660897945,0.016333748315754102
DDX12P,4.791351189410701,-3.6235552016355195,1.2350388443835891,-2.933960513156203,0.0033466678166062806,0.016333748315754102
CCDC9,381.8039024043194,-1.39174665068904,0.4744035416278118,-2.933676772128569,0.0033497284586327877,0.016334145366385715
TPM2,22.574412813221493,-2.7368300698741206,0.9329253769420328,-2.9336001973115726,0.0033505548882958956,0.016334145366385715
CTCFL,5.073297042977956,-3.270669496958748,1.115008287836859,-2.9333140682782908,0.0033536445641157027,0.016343361754610992
MNS1,158.89904720343753,-1.6317960051421532,0.5563203699288573,-2.9331947801063416,0.0033549334266487784,0.01634435217613684
SLC2A3,5.7904052541325175,-4.630769062231414,1.5803533792832805,-2.930211130583688,0.0033873176981525197,0.01647237023933671
ARHGEF38,454.20152194115917,-2.244431568372605,0.7662476660430275,-2.9291202672930194,0.003399228707659971,0.01651889675416281
CCDC102B,8.522303249154401,-2.3431086655581583,0.8001928295215743,-2.9281800325042586,0.003409525605770443,0.016565184401139618
C8orf44-SGK3,8.681832548217022,-2.2398779146736727,0.7653247079326875,-2.926702733437265,0.003425761484912391,0.01663276956249319
C6orf163,13.400846233962563,-2.111107557969342,0.7214037185448874,-2.926388516859279,0.0034292238659632945,0.016642049788234352
ARID3B,58.46193419569742,-1.2503320861083231,0.42766157312896075,-2.9236484282661683,0.0034595524310564187,0.01676648490751372
ZNF8-ERVK3-1,26.12572487425556,-1.9953657697267684,0.6828403448381569,-2.922155647085702,0.003476177760624247,0.016839452537922427
DNAJC2,290.64072029952206,-1.2084743141642134,0.4140809004368846,-2.9184497833374774,0.0035177653014035683,0.017017863698854954
NKAIN3,34.982271079622606,-1.4207602142277043,0.48696185500150385,-2.9176006285406415,0.003527358120617234,0.017052738289805327
MS4A4E,8.379699907898463,-2.54216596220452,0.8716293998755119,-2.9165674799032684,0.0035390615936649415,0.017105464369380548
CYP2W1,2.3155407867909688,-4.914368648562608,1.6855885733861296,-2.9155208608766707,0.003550953671629895,0.01715135399351284
WDFY3,845.2606188332329,-1.4578757380765517,0.5000870054740879,-2.9152441917471332,0.0035541033594649286,0.017157448017246557
PPP1R12C,204.12811060410104,-1.2663821823455315,0.43453184375121995,-2.914359903783176,0.0035641874215231943,0.017194263261827044
OPN1SW,2.0459217978744118,-5.085048487965873,1.7453172657603035,-2.9135381788311703,0.003573581364160217,0.017225391007375815
OR7D4,3.4403473542933547,-4.478144723955015,1.5371800838091583,-2.9132206246506245,0.003577217666631347,0.017235539094276765
CADM2,11.504040866633591,-2.891481270741269,0.992893653800707,-2.9121762030333667,0.0035892010563088636,0.017281636676775455
LETM1,606.8459555274775,-1.0224110802446513,0.35107764388992363,-2.912207877768533,0.0035888370933679532,0.017281636676775455
TMPRSS11CP,2.0279368230000863,-5.090662540114253,1.7480121595829317,-2.912258082534657,0.003588260277309209,0.017281636676775455
PNPLA7,171.4530298217532,-1.8129777217002891,0.6225958350847619,-2.91196570798368,0.0035916206319554075,0.017286160636163644
BAIAP2L2,37.429704603258806,-1.5713390433113439,0.5400613551781729,-2.9095565313925116,0.003619419230608028,0.017403705285424217
VPS53,504.5878403217821,-1.1264571708870323,0.3872604791585604,-2.908784220209092,0.0036283719761638473,0.01743893899405961
UQCC5,51.654631243246236,-1.455503361421827,0.5004266912177969,-2.9085246390032364,0.0036313855990104294,0.0174456088996561
SNORA65,2.088621494252094,-5.904678629054252,2.0306702960943546,-2.907748559877439,0.0036404091151606907,0.01748113215738385
C1orf159,56.285043827195395,-1.1766122958979535,0.40472545982576436,-2.9071862600501803,0.0036469597409382326,0.017504840209656845
KCNK12,18.63233314821088,-2.912035688617569,1.0022956698664112,-2.9053659276066646,0.0036682396572840182,0.017587225881437674
RNVU1-14,2.675879773032886,-5.284997640408363,1.8191287774201026,-2.9052355754074615,0.0036697678142868823,0.017590622580879272
CYP4Z2P,90.77431029410457,-1.5926928619421281,0.5483839905423699,-2.9043387287198197,0.003680297512098596,0.01763321826515648
MROH7,7.415021969251313,-2.517563569451168,0.8669435228030756,-2.9039533755453495,0.003684830298261239,0.0176431187417863
PCDHGC4,16.9031428462381,-2.8841092125746526,0.9931416225652304,-2.9040261197845645,0.0036839742425839642,0.0176431187417863
ZMAT2,1541.6290408693899,-1.2551388438031061,0.4324146799069275,-2.902627737044591,0.0037004621509866675,0.01770216624167942
PDGFA,35.373303199839576,-1.1692261460748241,0.40291785941458713,-2.901897046146408,0.003709104166564481,0.01773560058254763
SOCS1,11.117156073677403,-2.0641515447373933,0.7113697444807668,-2.901657767640976,0.0037119381428508203,0.017743065720709734
ABHD8,23.46249161011311,-1.5850714847333716,0.5467748500988764,-2.8989473170661273,0.003744178005629323,0.01786164079304038
JHY,109.1161690960099,-1.1337556178094572,0.3915622184004426,-2.8954673472862718,0.003785944151508228,0.01800273908516875
HCG18,590.6286782961048,-1.1532792279537762,0.3983641556423674,-2.8950376473859665,0.003791130616008664,0.018023407846598567
IL18BP,82.62003555000798,-1.294055947536724,0.4473742814379634,-2.892557755839991,0.003821189193915783,0.01813818184061772
PRR34,6.469446098909095,-3.7669387293190355,1.302727577537668,-2.8915782503346255,0.0038331212448154926,0.01817873633452828
SLC14A2,4.320104569428601,-3.8197148682494886,1.3213114042544278,-2.8908513586960427,0.0038419978989560227,0.01820876212711931
SSR1,2031.2743658674449,-1.0141726998388902,0.35094420628455697,-2.8898402699845858,0.003854376168248209,0.01825533272359447
MYO5A,487.64251661329473,-1.3185866712487553,0.4563703457266966,-2.889290865621686,0.0038611174418536976,0.018283226015485515
NPAS1,6.810283629499813,-2.6562226765148744,0.9194734911072503,-2.8888518290137895,0.0038665121844190025,0.018304732291557862
TCP10L,16.335354152786365,-2.5317600600131396,0.8764154610349514,-2.88876699758743,0.003867555355097346,0.018305632536477514
MUC20,78.87749562742998,-1.3863471860790133,0.4799223045201391,-2.888690883965443,0.0038684915406824076,0.01830602612195027
GPR151,2.326475118445513,-4.563238375838216,1.5798452583031608,-2.8884084386463145,0.003871967373361151,0.018314397141796408
TEKT5,9.975935471527912,-2.2021955658225996,0.7625135292807098,-2.8880740882066225,0.0038760856284323383,0.018329836400651826
NCOA7,217.31181404733735,-1.6564097380706115,0.5736573644731363,-2.8874548478810285,0.0038837234345047065,0.018357864516403304
APP,8659.841133781305,-1.235692766865097,0.42801793383620823,-2.8870116627822555,0.003889198138913657,0.018363518605299688
EFCAB3,4.2471335014567035,-4.473441680305905,1.550250461468944,-2.885625124128061,0.0039063714765556895,0.01843243884935908
PCDHGA6,88.71574105584367,-1.4895025019214096,0.5163889106914438,-2.8844587307790337,0.003920871456409231,0.018476482532837527
DPYD,12.535232941275819,-2.143611610234475,0.7439284050529087,-2.8814756845882497,0.003958177736034436,0.018619573479898947
SNORA71B,7.873849529495255,-3.017589491926406,1.0475453222183824,-2.880629055300509,0.003968824334074213,0.018665564367572343
CGN,516.072503312614,-1.496135014851198,0.5200437593795466,-2.876940618682177,0.004015511517212447,0.018847960883503743
ABCC13,5.74347711528731,-3.7454377757267454,1.302003104683119,-2.8766734597290444,0.004018912427440504,0.01885979897066985
METRN,109.76652169989983,-1.5836699800047895,0.5505610089489121,-2.8764659216027813,0.004021556174182849,0.01886807947047747
CTR9,569.0415789410681,-1.0621346028174812,0.36952808677947446,-2.874300062207011,0.004049240569376671,0.018985515101337853
WASIR1,2.2141091707510543,-5.976675133016847,2.079432011015587,-2.8741863650054422,0.004050698634667724,0.018986382809168187
ZNF883,88.44079320408186,-1.9857301423150413,0.6908935716881185,-2.8741476599111198,0.004051195101732578,0.018986382809168187
KLF15,25.74973475346113,-1.5519115492082027,0.5400673091014413,-2.8735520981454292,0.004058841290284543,0.019009763005130135
ZNFX1,1121.4356489639983,-1.6131084345437474,0.561350342132764,-2.8736215398301725,0.004057949081064601,0.019009763005130135
MOSMO,98.49421067026661,-1.1289317853955083,0.3931535307794529,-2.8714781809470877,0.004085569854056669,0.01912304196346104
RN7SL173P,1.6536726054003448,-5.541797510285645,1.9299527172910658,-2.871468021280989,0.004085701183712436,0.01912304196346104
TAS2R13,3.1317308092018363,-5.736442422866428,1.9978062224385218,-2.871370785833537,0.004086958298551852,0.019124754707135358
CSMD1,5.745911786669763,-4.003538719694846,1.3955795772982722,-2.868728365490536,0.004121255681152419,0.019254497279923132
CFHR4,3.930735544106639,-4.30956274834084,1.5027140077062455,-2.867852915618315,0.0041326760804994925,0.01928402450261342
C19orf73,8.491822599589602,-2.582179829362318,0.9006133717301724,-2.8671346777826323,0.004142067056490357,0.019315245335133215
HK3,6.036937441214819,-3.5534160323476573,1.2401850199225357,-2.8652305706527645,0.0041670570828356585,0.019406476779004606
SLCO1C1,3.321256636116324,-4.9444503708665435,1.7269935297367152,-2.8630393141196877,0.004195984968218834,0.019503105353687714
PITPNA,617.2924931609926,-1.0752618358060975,0.3757166510572384,-2.861895614102786,0.004211155774815294,0.019569381318219187
FAM204BP,2.114321143524422,-5.8832208287603995,2.05632543690103,-2.861035866787051,0.004222592781565731,0.019604584101496944
EIF2S3B,6.067599122061723,-3.2700830488983974,1.143500250021603,-2.8597134533522133,0.004240239525356152,0.019665537055181807
MRLN,2.8973849781369774,-4.449891396087117,1.556236371058568,-2.8593930066422075,0.004244525732951536,0.019669082752999344
FHIP1A,246.5284002084993,-1.3356282566188205,0.4671612433502173,-2.859030528817945,0.004249378873437363,0.019683071578667347
DCUN1D4,275.44780530927596,-1.050806615753462,0.3678859537095963,-2.8563379633215162,0.004285586903576821,0.019825112082508856
OR5A2,12.297725872188426,-1.8336133509775614,0.6419350409937639,-2.856384577696506,0.004284957688556564,0.019825112082508856
ZNF396,67.5396490236718,-1.2921059759259543,0.45247684724104265,-2.855628931744271,0.00429516796263015,0.019861439841684262
SLC25A12,194.27821287374493,-1.1537563255876557,0.4041207322659804,-2.8549793006617814,0.00430396339564769,0.019884403545877165
ADRA1A,2.3220987791408927,-5.396272802662231,1.8908604743896178,-2.85387149171024,0.004318999830825765,0.0199452843489393
RPSA2,566.337361951347,-1.289232782598353,0.4519268812808324,-2.852746397701466,0.004334319612781343,0.020007420712042936
BANP,112.23081104951278,-1.142445882012964,0.4005337746997067,-2.8523084797767506,0.004340295806218602,0.02002706060238936
RGPD6,932.9026830378765,-1.8472360291291423,0.6476749666144216,-2.8521034845381816,0.004343095908456074,0.02003500391132144
FAM192BP,3.3862934719516304,-4.500316977357225,1.5783310174740113,-2.851313778626496,0.004353898092991012,0.02006758012791819
TMEM94,353.7112930022929,-1.266129177954469,0.44413143280467166,-2.8507983998315893,0.004360960955816494,0.02009150324427264
RN7SL474P,2.591074283725124,-4.560111624643545,1.6000789568065514,-2.8499291270879827,0.0043728971941970896,0.020142170806497006
PCDHGA3,10.92632243089337,-2.994586262832227,1.0508419319598672,-2.849701912110787,0.004376022027754777,0.020147915193224095
MITA1,3.6397716550226473,-3.2926580907833185,1.1557085697947849,-2.849038396736977,0.004385158786173375,0.020185651555401248
PUM3,256.50552701302024,-1.0226869781174952,0.35916964297707793,-2.8473647428570756,0.004408282250038032,0.02027469718941624
PEG13,13.598227146802914,-3.249713513642639,1.1414134017097777,-2.8470959853588,0.0044120057265392455,0.020286941833132573
PCDHGA9,60.73191613960167,-1.8260532114486003,0.6428974056367559,-2.8403493239173847,0.004506415620799455,0.020664034021871003
RCAN3,429.5823554473492,-1.6131248552486075,0.5679285628743308,-2.8403657796051966,0.00450618313721999,0.020664034021871003
DRC2,21.72167008029939,-1.5369244690682509,0.541401307582972,-2.8387897250002685,0.004528498790885639,0.020738707650961547
ERVH48-1,7.777435123705445,-2.1224645009077467,0.7477885587091878,-2.838321710312721,0.004535144750609578,0.020757092949301385
AATF,616.3728345956406,-1.4353205519593735,0.5058143338030396,-2.8376430955756122,0.004544796993305251,0.020786731346191533
ORAI2,148.74790366176342,-1.5252132107598964,0.5374839037224278,-2.8376909525974576,0.004544115691960639,0.020786731346191533
KIF27,130.16368055596266,-1.394204835421975,0.49148821255892267,-2.8367004534311775,0.0045582354942720294,0.020838358881823518
PCDHA8,22.472281353787608,-3.032676554403148,1.0691810212053003,-2.8364481731862172,0.004561838153695076,0.0208469009323459
MKNK1,274.23447039560085,-1.1679259160573565,0.4118162566863104,-2.836036453381178,0.004567723211131176,0.02086935067295615
DPM3,43.72061692726063,-2.013071222702231,0.7099044799548565,-2.8356930820189272,0.0045726365648243,0.02088379959698965
OR13K1P,2.915230491798052,-6.34897104443701,2.2393034616100542,-2.8352437055905386,0.004579073992992172,0.020903409463861312
ABCC9,28.940308952083736,-1.6921399617411388,0.5972508301408457,-2.833214917997004,0.004608239175169355,0.021021855538523735
NPFFR1,4.956090671096355,-2.663909401739285,0.9403125614632833,-2.833004163630226,0.00461127853570168,0.02102805724100256
PANCR,3.717326031577678,-3.7534766301019142,1.3251608130764323,-2.832468778931076,0.004619007665840491,0.02105435524828737
CLOCK,1100.4045287786457,-1.154334267455877,0.40766492579551955,-2.831576116594536,0.004631920758027481,0.021095292756211744
ADAM32,52.395785129252374,-2.0938500078388445,0.7396712187367085,-2.830784752467388,0.004643395814801531,0.021134098448704317
TBC1D3B,10.379911626642485,-2.812162737762814,0.9935129213217905,-2.830524573370876,0.004647174121641691,0.021146810146401757
HOXC8,53.082277962193935,-2.6061332332795604,0.9208184472068389,-2.8302356899830414,0.004651372531847561,0.02115865946536955
DOCK5,574.6102363962771,-1.60847936656118,0.5686295769803996,-2.8286945169168076,0.004673828851905899,0.021236579962291044
KIF26B,43.08297329902208,-1.693086570073903,0.5987363986456496,-2.827766232191143,0.00468740214168893,0.021280230581900667
TBC1D8B,218.8988629758246,-1.2170045311475588,0.430423748389858,-2.8274567462882003,0.004691935340599156,0.021291802158861894
IDO1,2.223240048117084,-4.981136806836075,1.7626994750837581,-2.825857088656242,0.0047154296827680575,0.021375817700085026
DNM3OS,2.292057272035335,-5.385329953779748,1.9083314284411164,-2.822009779600461,0.004772372192919732,0.02157061073033715
EVC,210.81989461264277,-1.0893737280400735,0.38603760159708506,-2.821936836031517,0.004773457787772257,0.02157061073033715
SMC5,876.2084863539316,-1.0875704175065108,0.38539875092234543,-2.821935501616732,0.004773477649504712,0.02157061073033715
CC2D2B,9.75820063872039,-3.378638351826843,1.1988545060918985,-2.8182221734651867,0.004829038240026762,0.02178573515856469
MSH6,1573.145827323849,-1.1311322968976463,0.4013557134222481,-2.8182787962647824,0.004828186647844128,0.02178573515856469
ODAD1,12.058025257692876,-1.9471619218699177,0.6909377958826911,-2.818143591902318,0.004830220311484193,0.02178573515856469
BBOF1,102.33508529667043,-1.6062070664336574,0.5706030806502009,-2.814928837403731,0.004878803608109864,0.021967923925731783
PRH2,3.527839204326397,-3.8228569779018353,1.3582570900142674,-2.814531215045363,0.00488484333527273,0.021990505134246444
ABCB1,4.047827171515626,-4.3613423220038445,1.5514649318801566,-2.8111124089144015,0.004937053407204969,0.02218098520006121
LIX1,2.1449982784565083,-5.195959214055562,1.8485173451904122,-2.810879339366078,0.004940631023218009,0.022185800744561304
FAM153A,5.081329987394481,-3.1599595474967965,1.1245928553224003,-2.809869840930915,0.004956153904690833,0.022240141636019176
KLHL24,264.7385882709438,-1.3442041240884597,0.478417529954492,-2.809688274207517,0.004958950499923195,0.022240141636019176
PPP1R9A,258.3830729698935,-1.147262661320392,0.4085110634793934,-2.808400466682253,0.004978827045940417,0.022311418805629417
RN7SL128P,2.3562182060016092,-4.421282622159801,1.5743126721769463,-2.8083891467671975,0.004979002081088504,0.022311418805629417
TEDC1,57.67251417870816,-1.9625900324474916,0.6992645206223733,-2.80664894981474,0.005005976298236933,0.022413572159433463
LATS1,629.5142969767467,-1.1078543356991704,0.39541167290672546,-2.8017744836797083,0.005082238668319916,0.022717109315172963
ANKRD62,2.65465266838343,-4.759540666239705,1.6991643442211888,-2.8011067219170243,0.005092767375211859,0.022740488529348
GPR79,2.922010760351253,-4.339397874507994,1.5492321221208432,-2.8009991611634764,0.005094465145334055,0.022743337220484463
PWAR1,2.691497947712908,-6.266044435770689,2.2379891961242286,-2.799854640327257,0.005112562304111978,0.022809893356807286
VWA5B1,3.3433999455693124,-3.8808812508693107,1.3861941085569347,-2.79966653076416,0.005115542245299993,0.02281844451967114
DNLZ,41.43538684859556,-1.976683903674375,0.7064698600577712,-2.79797343868673,0.005142434130559474,0.022914583978780382
ELOA3BP,2.6831906337540783,-6.262138953366159,2.238876588558487,-2.797000507025745,0.005157945233392108,0.022969392967128997
PPP2R3B,59.68520880627098,-1.2406093608933162,0.44358245127797896,-2.7967954036934297,0.005161220513796831,0.022974443523351998
RNF217,120.35553767076328,-1.6560581023360434,0.5921555335751306,-2.7966606886836236,0.00516337279064066,0.022979257587546365
PROKR2,3.3359152524731304,-5.82459855358978,2.0831544972630542,-2.796047322098486,0.0051731825100228635,0.02299906705305379
ZNG1C,1079.590277787459,-2.605804218214203,0.9331233679198299,-2.7925613137555496,0.005229255621614447,0.023200294736375034
ZC3H14,628.7310111400608,-1.2561179269023401,0.44991534899365077,-2.7918983642411064,0.0052399812266314336,0.02323827177588563
RN7SL230P,1.8391937544042536,-5.719958525080759,2.049009063212938,-2.7915730719666065,0.00524525127005239,0.0232568372428356
CHST6,2.343075811625645,-4.5362941424133885,1.625154866893731,-2.791299607700721,0.005249685354725226,0.02326688304675823
ARMCX3,640.0359308160184,-1.0617077274572118,0.38056432672950746,-2.78982461803846,0.005273660005869174,0.023353847240188293
TMEM236,7.166928099023904,-2.2587222183727214,0.809716518022674,-2.7895222193175906,0.005278587429178556,0.023370845106286734
GPR37L1,8.467394316445302,-2.675168109054435,0.9596465587603642,-2.7876597739381443,0.005309026754752557,0.02348623256173776
CYP3A5,53.64016232466638,-1.3386451862674433,0.4803363193757463,-2.7868914597321535,0.00532163000710181,0.023527437155419214
ZNF528,294.3452177788845,-1.2545589289837678,0.4504965684114177,-2.7848357056474558,0.005355485115407199,0.023647882834699274
ITGB7,6.670400985243872,-2.604111086912862,0.9356556066542525,-2.783194017534642,0.005382660738432589,0.023758103547256965
MAGI2,28.86138898351456,-1.7187260332074532,0.6176212719886804,-2.782815474721786,0.005388944571513757,0.023772881813222877
CTSW,2.268783953015788,-4.682517375504922,1.682962807579472,-2.7823059157436587,0.0053974137398272665,0.023795512026691525
ZNF575,11.913201170074283,-1.7885493864157682,0.6429500766560708,-2.78178578921378,0.0054060709391752755,0.023812455327319668
ZNHIT6,289.4896228786432,-1.117488751167564,0.40169938414121575,-2.78190307300724,0.0054041177255780126,0.023812455327319668
PTPRE,23.864063381051725,-1.7383388311639298,0.6250765527352764,-2.7810015006275983,0.005419148666293848,0.023850477928356435
RPS6KA2,90.42321205281047,-1.378049426354066,0.4955672567298394,-2.780751568308952,0.005423322194082727,0.02386306332012984
PCDHA9,18.442650991495622,-2.5693271870716963,0.9241174424886721,-2.7803037459745723,0.005430807472817179,0.02387241465929059
APOBEC2,4.909907094893797,-2.65089253123153,0.9542015062147179,-2.7781265424192454,0.005467332150246193,0.024008378953198954
NVL,882.8704719049615,-1.4781918107896013,0.5321147181844614,-2.777957008656121,0.005470185525809334,0.024015994554801207
RN7SL328P,2.0801510372523917,-5.865758537665072,2.111722260143508,-2.7777130773184386,0.005474293424719548,0.024019287854116028
DSTN,4116.677298245373,-1.0837603058507188,0.39034390069093283,-2.7764243374429474,0.005496042559756379,0.0240900885074289
PLAC4,42.01146941727737,-3.133269038052368,1.129442895154727,-2.774172161774614,0.005534238218679747,0.02422287419393583
TTYH1,31.31593806986299,-2.4964842765933604,0.9002267584643702,-2.77317270689879,0.0055512650352347445,0.024277592756498396
HTR3B,4.409661355401438,-3.138533320611998,1.1320647916169952,-2.772397254868288,0.005564508267696007,0.024325595319771097
CCDC34,221.1626518776004,-1.0453476493957103,0.3771110720061318,-2.771988750780335,0.005571496192230139,0.02433865479886339
KLK2,2.616242380125743,-4.556492294512433,1.643987840396721,-2.7716094867300702,0.005577991020277051,0.024345253625340804
ZNF546,47.7009627535492,-1.617581180170201,0.5838372507632159,-2.770602900132927,0.005595261772381311,0.024407175269697177
LNCPTCTS,2.0621185418960875,-5.855336351134185,2.1138232794343588,-2.770021698645037,0.005605255834364577,0.02443900654316616
KCNMB3,61.024723782754975,-1.1101226352644535,0.40096580746222055,-2.7686216994177255,0.005629395704097075,0.024524326392595053
OXLD1,146.7196831574806,-1.6462897313040166,0.5947891806797149,-2.7678541990670795,0.005642669303768406,0.024560847038686953
DPPA4,2.7055948144771014,-4.75505378183054,1.718355007857281,-2.7672126889308513,0.005653785610047223,0.02459064434365898
LIG1,919.5031681528787,-1.0041409143508497,0.36291811253732253,-2.7668525754486386,0.005660034432882583,0.024605218509338382
PDLIM7,136.01793881444053,-1.1335284566563735,0.40970572522774895,-2.766689325677016,0.0056628692552480086,0.024605218509338382
ALG1L2,3.005798627656411,-3.9652371808027866,1.4345796287959656,-2.764041187543411,0.005709033250437563,0.024766602166823977
TRMT11,193.0232605913113,-1.269226323061545,0.4592293053427887,-2.763818223913518,0.005712935540653018,0.024772599859045015
YLPM1,1066.034262425815,-1.1134407879542614,0.4029421145874093,-2.7632772739438365,0.005722413200602868,0.02480868429998738
CNIH3,44.76460570350586,-1.4930911460945435,0.5406045665687114,-2.7618914793328337,0.005746757602936177,0.024899135505554282
LPIN2,254.3484432721376,-1.0748103515300698,0.38926351417908084,-2.7611381811540725,0.005760030018481744,0.024942933745433094
ATXN8OS,5.4122371423499755,-2.7188414499644344,0.9852739644326584,-2.7594776154772354,0.005789385319785707,0.025014758505200893
KLRD1,14.622918696099187,-1.8838764818823386,0.6832205265645017,-2.7573476039357327,0.005827236891779725,0.025156407905369726
SYT2,15.061704196017542,-1.803189333560202,0.6550110313089285,-2.752914450855635,0.005906732908903303,0.025392325365597934
SNORA72,5.578144713195304,-3.3931392692730222,1.2327105450714935,-2.752583956419575,0.0059126983584242105,0.02540779070320055
LNCOG,1.8857391235239893,-5.736737120411653,2.084468137025729,-2.7521347141325205,0.005920815922385794,0.02543248792922321
PROCA1,26.543324637833262,-1.3153731929101353,0.478154635809692,-2.750936819179268,0.005942510353401081,0.025520566776863554
CDKL4,4.19703037440293,-3.993337487441138,1.4525853375273319,-2.7491241886268862,0.0059754741561361124,0.025636480485941818
SNORA38B,1.916448204273552,-5.803576502322403,2.1126096364902263,-2.747112576824248,0.006012249367020843,0.025778795487765693
TRPM3,3.3177868389637872,-4.391837663753761,1.5989497608263643,-2.746701473274548,0.0060197899893815465,0.025800817489939683
SNAPC4,197.7440225749979,-1.318150552086153,0.4799408078763126,-2.746485671678618,0.006023751716146888,0.025808076451525146
PRKN,18.485922324971625,-2.401070443389882,0.8742593817604631,-2.746405121275264,0.006025231077695041,0.025808674436593928
DEF8,201.0011728190816,-1.335488463795812,0.4864665937260098,-2.7452829876083795,0.006045873874106567,0.025860963392132136
GOLGA8IP,4.87029372398662,-3.2958511558172185,1.200530661500028,-2.7453285963551726,0.006045033613999711,0.025860963392132136
DNAJC24,62.01033304667365,-1.0294407561009946,0.37508304554395616,-2.744567551988574,0.006059068281189571,0.02590707418097792
WFDC1,7.103266259960054,-2.401667429427436,0.8752725150092904,-2.743908198010701,0.006071251366534854,0.02594365876659458
TMEM272,3.9586739944857285,-3.873953604117477,1.4119175030225855,-2.7437535095529646,0.006074112786294043,0.0259507187724209
PHF11,126.17353373660251,-1.9135790785529527,0.6975752954368867,-2.7431864216958703,0.006084613143237232,0.02598006328170931
POU2F2,19.008235519961868,-2.9400403346252117,1.0718752071601205,-2.742894242711986,0.006090029590486761,0.025988346051323226
RUBCNL,7.803652377386219,-2.701907913597352,0.9851442286310984,-2.7426521265335664,0.006094521257832063,0.02599650689586088
PLXDC1,17.22294679211585,-2.808536418429739,1.0244972411650326,-2.741380167345245,0.006118167317019058,0.02606943440626516
SFSWAP,351.6319910039455,-1.2930353486497799,0.47173526920384756,-2.741019027116732,0.006124896053584951,0.02607771632713087
PHF14,673.2510086606234,-1.1264738389276454,0.41102514876222396,-2.7406445623095075,0.006131880090106163,0.02609879943151096
PTMA,9827.875715316004,-1.2159280445768241,0.4439627136973993,-2.7388066769174424,0.006166262059241832,0.02621472883161941
RPL23A,4359.240600676034,-1.1418001135948421,0.41689843709262986,-2.7387968195744223,0.006166446931128368,0.02621472883161941
WDR72,28.588306250060405,-2.684844974917665,0.981672090861114,-2.7349712800356207,0.006238571896616427,0.026468911210238935
DLX6,2.156540412603351,-5.159653964297007,1.888671959353508,-2.7318952551522795,0.0062971157383381665,0.026692857630025577
MAILR,41.36519327591878,-1.4361159050518688,0.5256999533132469,-2.731816687448202,0.0062986175180065815,0.026692857630025577
SIGLEC9,3.364736448385664,-3.4617692257501864,1.2673838663703263,-2.731429141246987,0.006306029974428649,0.026711883015161413
OTUD7A,14.831982379198793,-1.640686044504428,0.6008021359394017,-2.7308259181520476,0.006317583227596586,0.0267512502099887
HEMGN,2.5284481767948774,-4.655392890457254,1.7047977087883277,-2.730759706244584,0.006318852513262922,0.02675134640651456
AGT,10.4280142644169,-2.103504038054538,0.7706329543448772,-2.7295796607124694,0.0063415125771455,0.026826110763954747
SCARNA8,3.4414709633343517,-3.8763012424963983,1.4210949332513605,-2.727686343675652,0.006378022212037994,0.026944182906914606
CTB-1I21.1,4.914417877303602,-4.326196311253802,1.5861820437657814,-2.7274273645053415,0.006383030895528194,0.02694862148692407
CIRSR,330.01089078036387,-1.0809473244249002,0.3964141081790487,-2.7268134562372026,0.006394918086110091,0.026988189209030983
SNTG1,3.1655278734525507,-3.3285115929785536,1.221138609928159,-2.7257442897283988,0.006415668067862499,0.02704384929018449
SYNPO2,383.66409387873256,-4.3657285886078885,1.6021497552907196,-2.724919174497331,0.006431722988032653,0.02710087872043604
C11orf58,1325.1733175641823,-1.2653287784333664,0.4645975474249317,-2.7234943134042577,0.006459532763879914,0.027202035540200734
COL16A1,17.684876040729787,-1.7598831038626197,0.64622757858479,-2.7233178560975166,0.00646298429268022,0.027203471951583385
G2E3,256.39634780182075,-1.02104239209486,0.37499156653235816,-2.7228409468956785,0.006472321004296949,0.027234511520041672
MSANTD1,9.377780779793037,-2.5747816033981676,0.9460278131747097,-2.7216764322791263,0.006495170349579716,0.027314590574560198
TBC1D5,345.79193547278305,-1.0805603573610594,0.397092860915181,-2.721178000709177,0.0065049724037644,0.02734509457096651
MAP2K7,258.97081750901043,-1.3984562212924825,0.5140584896863755,-2.7204223825690996,0.006519857613743356,0.027396934480307895
PRORSD1P,13.066934562969221,-2.1761099074444905,0.8004224381218262,-2.7187017802133147,0.0065538667837525206,0.027512907116457177
SEZ6,5.876668364494174,-3.544286642856932,1.3041409014332805,-2.7177175709784738,0.006573392170365278,0.027578689340379055
LILRB3,4.134805956063311,-3.590509992662868,1.3220712776654795,-2.7158217966908786,0.006611149267986353,0.027715425530569864
NRXN2,4.412303255236705,-2.97632709034115,1.0969513187296294,-2.7132718102641156,0.006662243494872424,0.027880605577215722
TMC2,5.845049262798407,-2.1997538982721982,0.810992496030112,-2.7124220125836054,0.0066793496432738875,0.02793584941427746
PTGER1,2.205755756643916,-4.622176671939113,1.704156405398227,-2.712296041195235,0.006681888763646166,0.027941023551801773
KIF16B,511.01261674670866,-1.2305890434724698,0.4538593207249242,-2.71138872174514,0.006700202637516898,0.0280066904170457
ZNF91,1422.2849624495657,-1.2029474896977372,0.44421532710461575,-2.7080278781430582,0.00676843366367944,0.028264367858058144
FRRS1L,14.927428845026235,-2.3248257476916843,0.8590263438196655,-2.7063497696174643,0.006802735410698754,0.028357945204661086
ZNF430,134.40595185951625,-1.4934536787800243,0.5518767539046074,-2.7061362309856767,0.006807111479697228,0.02836354437368553
FBXO32,227.29467542567699,-1.628274232838413,0.6018158927438624,-2.705601916583847,0.0068180723253155355,0.02838868718407158
IQCF1,1.9149840463021732,-5.76710627924446,2.131568674803131,-2.7055690709927998,0.006818746631991147,0.02838868718407158
TPM1,1329.1698103015988,-1.0909109706389384,0.40321395844825075,-2.705538704159092,0.0068193701040954804,0.02838868718407158
NPHP3-ACAD11,11.341049721585996,-2.3146766159698013,0.8555933766313306,-2.705346580735839,0.006823315844846399,0.02839409696148996
HSPB2-C11orf52,10.802711723892209,-3.706105926676129,1.370298131097419,-2.7045982495123537,0.0068387042852368855,0.028447100981039652
CCNYL7,2.2645820038111166,-4.54343511917337,1.6800787431992932,-2.7042989131101827,0.006844868468438716,0.02846722428928195
PYDC5,1.7760108875732978,-4.852326623649931,1.794707875128245,-2.703686037652895,0.006857504884875604,0.028503806236688967
ZNF628,19.015264156689952,-1.9291134241449495,0.7135142124071074,-2.7036790446498653,0.006857649189190361,0.028503806236688967
BRD9,679.2561123558727,-1.0725944241433252,0.3967360233536509,-2.703546844767392,0.006860377717035716,0.028509625446860278
MRPL41,171.0674161706293,-1.5385387091774871,0.569608541084905,-2.701045715092525,0.006912183691334489,0.028669397374572504
OR2G6,3.0529338537934843,-3.642399525224174,1.3486167939634417,-2.7008409961435733,0.006916439561353721,0.028681505891140262
DEFB105A,1.7547977675690642,-4.8532744661269565,1.7980401751666126,-2.6992024611892975,0.006950587713832779,0.028797002022454596
GPR82,2.081697583285402,-5.2136047196372495,1.9315493986645327,-2.6991826992578702,0.006951000488178695,0.028797002022454596
SNED1,249.97427866857225,-1.4627311596598853,0.54190442719113,-2.699241944269961,0.006949763082910416,0.028797002022454596
CCDC160,96.18050584969225,-1.0692518313740225,0.39618007845601233,-2.698903578244258,0.006956832938245438,0.028815602172311737
SCARNA18,2.3866493869733314,-5.0358469439890285,1.8663994026746402,-2.6981614636033515,0.0069723613853993555,0.028863208975823722
DAPK3,357.1708968403105,-1.3504242093075423,0.5005707073678886,-2.697769145159075,0.0069805830620770426,0.028874963861251608
BAHCC1,133.0655865519767,-1.5016635395579347,0.5567294738456199,-2.6972948444514064,0.006990534437744001,0.028893849968025093
L1TD1,2.7812761043854444,-4.24701894160566,1.5759458252757936,-2.6949016098712804,0.007040941859883964,0.02905742544482882
VSIG8,2.589834377125456,-4.021477854117162,1.4926201676390447,-2.694240598717183,0.007054921790274504,0.02909833204291579
LALTOP,54.2246546999785,-1.2508698255373365,0.4647077712551805,-2.691734253031156,0.007108155972610731,0.029294325431544373
PLAC8,36.34858392510159,-1.8377262598379505,0.682754875606478,-2.69163403367209,0.007110292086546567,0.029294325431544373
MAFK,117.99846369963109,-1.7176434812484511,0.6386580438554202,-2.6894572107468706,0.007156832159509637,0.029445095502890494
TCF21,4.301166918926151,-6.928374122527071,2.5768373008418517,-2.688712290940361,0.007172821095191306,0.029488264502453142
NLRC3,13.546570244090532,-2.418735207198184,0.8998415166225088,-2.687956892983483,0.007189067669289596,0.02953242576243391
SLC39A4,46.829169688036174,-1.4730703047276268,0.5484173999557997,-2.6860385991515776,0.007230473536800187,0.029668443996124668
GNL3L,366.5617110971978,-1.0413803444190337,0.38779722159493774,-2.685373402460261,0.007244881530546931,0.029721880643383127
NPY6R,3.499809281546718,-4.030223041792969,1.5010776929934533,-2.6848863723741623,0.007255446812648048,0.02975953528276512
PNCRNA-D,3.252012819757185,-3.9594389229181273,1.4751505700690721,-2.6840913756571516,0.007272722610233976,0.029813300327721323
MAOB,33.70735782521541,-2.142047886876412,0.7982946850809739,-2.6832796546292133,0.007290399914377482,0.029874352141023634
ELOA3P,4.271978570781846,-6.919094882598337,2.57893291076425,-2.682929382815123,0.007298039880848932,0.0298999495691138
ASH1L,2362.1953965079506,-1.0801129476962796,0.4026385701402608,-2.6825868851064563,0.00730551722779439,0.029919160249707564
TTC34,10.51344474355849,-1.7726256047909084,0.6609158374773855,-2.6820746368505084,0.007316713366292128,0.029959295714678317
ADAM10,833.391671714558,-1.0887005483083434,0.4059328654910482,-2.681971924080022,0.0073189601970434035,0.029962778677709166
TTC5,147.13809065536313,-1.0928865336527747,0.4075525456362039,-2.68158436342666,0.007327443620190034,0.029975939816463328
NNAT,8.948543398499247,-2.042775839471887,0.7620799163473745,-2.6805270623884807,0.007350632058769809,0.030058034295198186
DNAH7,42.0365522864972,-1.5035650537109113,0.5610224072005077,-2.6800445658020604,0.007361235902280001,0.03008014922644801
POC1B-GALNT4,26.453352530095145,-1.4264853123063614,0.53289666624166,-2.6768516349837204,0.007431753598079402,0.030334966030645283
CATSPERT,5.584047120125525,-3.1575767355138433,1.1797536836833262,-2.6764711813872255,0.007440196404379404,0.030354869741061215
GPR174,5.383815152943831,-3.5040696684588206,1.3096678596758256,-2.6755407048976236,0.007460881259071496,0.030419245671367744
GOLGA8B,130.9525891256982,-1.8680451443823407,0.69867491862206,-2.6736971581383444,0.007502016404915457,0.030543212303070708
MOGAT3,2.834443283133868,-4.182773945886453,1.5648077258199038,-2.673027412166455,0.007517010767495436,0.030586850790756934
CCSER2,294.3043853436066,-1.1406848420409579,0.4268791284607255,-2.672149482112488,0.0075367066827352934,0.030643752446286355
CHAD,9.702968546548892,-2.398717487026203,0.8988294842009532,-2.6687125079776717,0.007614259371996089,0.030883010040263857
TSR3,196.86637245579166,-1.1744584131383506,0.44008118747965386,-2.668731239943423,0.007613834767911482,0.030883010040263857
GARRE1,139.69622604899263,-1.0247330352372137,0.38416622046665605,-2.6674209772854196,0.007643586189720476,0.030984389805704837
FAM95B1,40.17200835122551,-2.3022114935656464,0.863117419329061,-2.6673213192189493,0.0076458533299353605,0.030987726621418854
THOC2,2241.0200779286824,-1.2271402036085046,0.4601971405821641,-2.6665532994319197,0.007663345388625944,0.031046892965813245
PROX1,4.583473565455852,-5.336256564421547,2.002124406853319,-2.6652971943978185,0.007692031162246022,0.03111025042250276
FAM138C,2.435117424752956,-6.1192634128502,2.296248340900277,-2.664896171661927,0.007701209596660316,0.031141503287041718
LTC4S,5.749046804427594,-2.6177140565156973,0.9823825479490963,-2.664658550765845,0.007706652790543062,0.03115764297005541
RNVU1-34,2.5256819812558566,-6.143084816259115,2.3056776250789937,-2.6643294576138543,0.007714197038200099,0.031170526913909646
SCX,3.106087281850248,-3.485230280454653,1.3082219615120358,-2.6640970592073248,0.007719528607839677,0.03117446065567171
ANKRD24,6.767318686784118,-2.599621490553881,0.9759574670763094,-2.663662688438264,0.007729502582635989,0.03120299575307907
CBY3,6.222618771359187,-2.9630950615130125,1.1128646301869083,-2.6625835534150757,0.007754331566106765,0.03129733974208222
NEB,336.6100786407045,-1.8720124878234223,0.703194519583181,-2.662154547127385,0.007764222076878423,0.03132418492951618
SAMMSON,5.042626775417418,-2.999987453474808,1.1269229771125628,-2.6621051433004492,0.0077653617812220915,0.03132418492951618
RN7SL558P,3.1150668521476117,-4.8714084159538364,1.8321119097366854,-2.658903307196974,0.00783954586212147,0.03158760743074989
RN7SL118P,2.0374510687878478,-4.9737323684623,1.8709014742243948,-2.6584683570919854,0.007849672150392093,0.03160487135974002
LIAT1,32.4663916484869,-1.264324070627722,0.47587924328514825,-2.6568170149630483,0.00788822463928657,0.031730328164777846
CATSPER2,62.753572853599,-1.4949935937427257,0.5635789490087935,-2.6526782030664515,0.00798559623803541,0.032049914955720946
RNF113A,178.3204215731742,-1.185943453886666,0.44777288040726904,-2.648537921296168,0.008084077916605406,0.03238460184624828
CCDC122,65.68582905088763,-2.4572229084694985,0.9279910996440499,-2.6478949091343837,0.008099469907436417,0.03242120905561785
SPDYE17,4.8762554365306165,-3.174652296125474,1.198918631293913,-2.6479297370658785,0.008098635548419851,0.03242120905561785
PRKY,5.439901383159299,-4.262337753250282,1.6107405637327106,-2.646197562301897,0.008140225949717902,0.032554835795927356
RASEF,612.8959573164317,-1.0120765818129305,0.38282153348207315,-2.643729501335181,0.008199815618377406,0.032756523300517336
RN7SL743P,2.3554820291946603,-6.076871778086857,2.2987606847626436,-2.643542591609234,0.008204344289899778,0.032762046830794214
SPATA21,3.102333648918466,-4.685124992646284,1.772859337043526,-2.6426941465414515,0.00822492958133195,0.03282629511165774
HAMP,2.34370540123283,-4.511422137938792,1.7072993975363528,-2.642431751834981,0.008231305250656771,0.032839720397424076
CGNL1,469.2289982252727,-1.1550921344850975,0.437319818922871,-2.6412983919414326,0.008258894475589144,0.03293122917988536
NAA16,110.68556263454906,-1.119402114261552,0.4239007635087646,-2.6407173815774625,0.008273069987991632,0.03298162399076731
TRIM72,9.408200623084372,-2.0792973551852354,0.7882536090165769,-2.6378532637222696,0.00834326749916824,0.03322444248137881
PPP2R2B,9.220884462422084,-3.119319590093121,1.1825533416675946,-2.6377834133844376,0.008344986117679882,0.033225120980595595
FBXL14,91.25981637125768,-1.3734565835231487,0.521289485337401,-2.6347291133911677,0.008420445394245439,0.03347587220461414
ZNF780B,213.35701774105877,-1.0057647027193402,0.3817974523416802,-2.6342886694258394,0.008431377165858274,0.033492808164415085
MYT1,50.50521078049764,-1.6526149199782993,0.6274281379551228,-2.6339509180515965,0.008439768715272453,0.03351543979084878
TCAF2C,3.4933915882677726,-5.232802953423383,1.9868969743017528,-2.6336559072280665,0.008447104471510853,0.033538364839708214
STON1-GTF2A1L,8.392828355252663,-3.228213307637237,1.2265131062006682,-2.6320251217185713,0.008487758657324129,0.0336624100510397
EGR4,3.792869446050415,-4.6937391450992365,1.7841178982852144,-2.630845836819738,0.008517266207409474,0.03377319527180475
CYP2C9,3.9254566173188463,-3.164947599138207,1.2032660260181225,-2.6302974826038503,0.008531018101278775,0.03381522875017409
RN7SL672P,1.773798476430491,-5.6266388998616454,2.139278672119582,-2.630157058634541,0.00853454291328495,0.03382295307831856
SEMA3D,2.7987653433134656,-4.305290187584107,1.6392329516684816,-2.626405345989414,0.008629198868410697,0.03413504289697577
HEATR4,5.713465084322629,-3.0462888747215455,1.159958826743866,-2.6262043138831217,0.008634297309149606,0.03414891637566357
CHRNA1,3.012351529120912,-3.825521646115079,1.457270210434258,-2.6251285579872627,0.008661625687643882,0.0342191618661336
C7orf25,39.529632553906794,-1.5625231292376356,0.5953375341476718,-2.6246003982844064,0.008675071270729962,0.03426002608574414
CCDC170,93.2555365551742,-1.1670319232010762,0.44477732854529944,-2.623856586885851,0.008694038423823413,0.03429670304692104
GALNT15,3.9283971653253067,-3.7331184664308776,1.4228296529514644,-2.6237283280447783,0.008697312761588078,0.03430331407161922
CELF3,5.4916464585396465,-2.718201620832296,1.0365574753732396,-2.622335649891036,0.008732937653932326,0.03440622669780693
SOX6,23.589474421148957,-2.6326955829511585,1.0039170224534848,-2.622423491253373,0.008730686813144015,0.03440622669780693
ATG9B,8.64955998886889,-2.101457367394033,0.8017517612565016,-2.6210823211671386,0.008765109389810894,0.0345133693457816
OR6J1,4.095351183967797,-4.377462702623658,1.6701356295510867,-2.621022284160401,0.008766653136246761,0.0345133693457816
CPVL,53.73724700596708,-2.642142513915005,1.0082807893412062,-2.6204431759939975,0.008781556366487378,0.03455936175037945
SNHG19,48.02446870052097,-1.55844052722476,0.5950002023768158,-2.6192268859730468,0.008812931063867786,0.03465741261326785
NAMA,25.06041310903208,-1.4784617783383012,0.5646732453070689,-2.6182607209135877,0.008837925019221423,0.03473660639422926
NTRK2,9.336771148110586,-1.8957585861399728,0.7240424154138744,-2.618297693314454,0.008836967407269549,0.03473660639422926
CETP,2.4257851932901255,-5.380135309557217,2.055041075292314,-2.6180183813561655,0.008844204084821462,0.03474855724281739
SNORA55,1.839951734171841,-5.669886561156441,2.166323359447657,-2.6172854280637403,0.008863219310504208,0.03480415121746026
TRMT10A,103.59503200278678,-1.1427274118734274,0.43679204949591344,-2.6161818036573914,0.008891919866441814,0.03487855973932395
PURPL,29.376351333283615,-1.7243203784822816,0.6595424804542491,-2.614418979190975,0.008937935626463134,0.03500147783647789
JAK2,79.09956047201564,-1.0244713715068179,0.3918980737850054,-2.614127090782388,0.008945575403997305,0.03502500422729104
PHACTR2,249.60600546137556,-1.6507481534356114,0.6315682315098339,-2.6137289228264615,0.008956006306445956,0.03505944825544148
ZC3H11B,2.3059936011286344,-4.599666119558736,1.7601649768524639,-2.6132017055491485,0.008969834658692147,0.03510077530553127
IKZF3,15.279335738727212,-2.1532075089801697,0.8246878052368631,-2.6109365208349784,0.00902946526389077,0.03530193560996465
ICA1L,54.1323855032619,-1.4824587020099333,0.5680574414141555,-2.609698586677104,0.009062203032685954,0.03539768421577003
PPARA,72.65659577465385,-1.3554922132857714,0.5196282674710835,-2.608580591434438,0.009091859987175644,0.0354941450472602
C1QB,2.863323874615644,-3.5714203158277247,1.3693513344576662,-2.6081110274319714,0.009104341884489234,0.03552994668869594
TGILR,8.174313772646935,-2.389646049937191,0.9168631258581783,-2.6063280140102667,0.00915187719177232,0.03568634186654032
CSDC2,1.9479795821821593,-4.7792367515643654,1.8344631026563454,-2.6052509557940517,0.00918069888201657,0.03578238249329379
NBPF19,470.82207934695816,-1.2517676214039712,0.4807173472727012,-2.60395766557155,0.009215413888366173,0.035878588904996025
CYP2C19,3.2134178747372903,-4.24957646242116,1.6335169785794534,-2.601489006938083,0.009282003990491948,0.03608547203549949
IQCM,3.33063356320927,-3.440602562303283,1.3229099262382076,-2.6007836921194563,0.009301107992968244,0.03613278732212846
NTRK1,2.3338391479436655,-4.867524626007725,1.8724997513892705,-2.599479451143502,0.009336526818861697,0.036231802085492225
PCA3,4.961069904962997,-2.7902021392907215,1.0738033945366214,-2.5984292408525844,0.009365134428842696,0.03632967911116491
TENT5A,220.081325128259,-1.6790995986086055,0.6466141465366219,-2.596756671041232,0.009410856505850053,0.03646749379117771
MAPK15,69.91557648384483,-1.4386492702762137,0.5541703752695132,-2.5960414603118154,0.009430468512077616,0.03652751891806886
NUBPL,153.55446080876217,-1.3682153213212047,0.5271648992582033,-2.5954218940723863,0.009447487282688516,0.03656322400117143
STX1B,22.07922077685159,-2.3597534265300513,0.9095578884073708,-2.594396086940615,0.009475725254534688,0.036652679156869934
SLK,1002.4753802616731,-1.0243188886642294,0.3948780011356505,-2.5940135579048125,0.009486274601014163,0.03667650666025743
SNORC,7.3101263092814595,-2.362863959238062,0.9108582225725658,-2.5941072942884023,0.009483688580236672,0.03667650666025743
RN7SL163P,1.7027649290886606,-5.576588877881089,2.1502218345819193,-2.593494674918218,0.00950060104274322,0.036722424059306466
TBCEL-TECTA,7.25227346584955,-2.453938445665542,0.9469105256259035,-2.591520929650138,0.009555272916796392,0.03689387491803717
ETS1,2.8241061697928718,-6.242893568189334,2.4097303397512757,-2.5907021483713835,0.00957803500360137,0.03696181103709502
KCTD19,5.348944555838184,-3.3246863144522325,1.2832954689819878,-2.5907410996234863,0.009576951066041884,0.03696181103709502
RGL4,4.810690749108933,-3.3583337705553102,1.2967191187589981,-2.5898698661660386,0.009601221952776767,0.03703599865046232
RPS15,745.8663768937494,-1.0170319920547484,0.39285816782393657,-2.5888019528476285,0.009631046761241385,0.0371196593922845
LANCL3,2.687000529947348,-3.701267291452147,1.4298032129336795,-2.5886550386593847,0.009635156254404817,0.03712882981137141
VASN,81.94867648091399,-1.8877086259646974,0.7297054788285309,-2.586945940155506,0.009683078268053634,0.037286714450463124
XNDC1N,69.68663354169269,-1.632391631122543,0.6312556369293538,-2.58594384845902,0.009711274971743783,0.03737517232668967
HRNR,2.573751177423587,-4.78344157804991,1.8503081722730181,-2.5852134524021873,0.009731872832540251,0.03743430560787126
RN7SL835P,2.584470415602267,-5.333890702346052,2.0631972497188524,-2.585254852909914,0.009730704258799234,0.03743430560787126
RNF207,34.66465121295176,-2.2299435307512865,0.8645832091054106,-2.5792121651987925,0.009902594561820875,0.038022844748018605
RGR,2.6196495846239465,-3.5299172494620312,1.368770953440657,-2.578895497883657,0.00991167662220747,0.038050908821569286
CTTNBP2NL,207.3420599484718,-1.355752310458028,0.5260133034859291,-2.577410688044118,0.009954360209318704,0.0381942732150866
RNPC3,113.98805174502877,-1.2043992556206635,0.4673510434013822,-2.5770762098979008,0.00996399796550503,0.03821602593725648
PDF,35.46212136875754,-1.6172535760899982,0.6276806855013236,-2.5765546295220325,0.009979043530222617,0.03825478280789164
SNORA66,5.265210083445866,-2.6582721664363858,1.0321719036100239,-2.5754161270415055,0.010011955212574803,0.03835354495927441
PRSS27,13.356597323575905,-1.6690533522416222,0.6482367276390536,-2.5747590055881133,0.010030995166768017,0.03841962453664852
CD247,2.5161176914870333,-4.168615612012669,1.6199615019604698,-2.5732806656008984,0.01007394768204454,0.03855661088936612
SACS,292.68749587045573,-1.732919094419489,0.6736668975261603,-2.572367888021684,0.010100549743160735,0.038637753562964235
ZNF534,9.530918177993154,-2.1236412527836186,0.8255937756136694,-2.5722592823632926,0.010103719115503089,0.03864298916747394
CDH6,4.902653650496795,-2.9448302256152,1.1450633629876543,-2.57176180882398,0.010118247901895212,0.03869166072250022
KCNJ5,2.380850865806477,-3.480001747539082,1.3537829910189343,-2.5705757648202052,0.010152961559228358,0.03880366074105798
MAMDC2,8.479804875448513,-2.776560324398199,1.0801877694067543,-2.5704422907168283,0.010156874768400225,0.038804794824616136
TACR2,12.19965055513034,-1.6732277340915744,0.6511397365775519,-2.5696907132195737,0.010178934684141966,0.03886831642734637
CFH,3.190726402165402,-3.331627282432381,1.298138091316648,-2.5664660059803412,0.010274069527372094,0.03918066648343033
GPR179,5.800897623847486,-2.3370337010009252,0.9115539987975324,-2.5637907398615996,0.010353594624944526,0.039430016087188914
SNW1,518.1504828422361,-1.1116152951702514,0.4336975656068565,-2.5631116780994847,0.010373867418897455,0.039479197518981976
ZNF454,4.433789398076664,-2.7947973902733194,1.0907426828993256,-2.5622884609635066,0.010398491207252147,0.03956589030277147
AKR7L,16.402984617287,-1.751026490477459,0.6836674943012073,-2.561225310656644,0.010430368741477205,0.0396660842091265
RN7SL444P,1.9547823058840272,-4.905874099477758,1.91610318482592,-2.5603392021518205,0.010457004253286961,0.03974624712637942
MYL7,1.6410077888727552,-5.5302396650267385,2.160790282182189,-2.5593597447327148,0.010486516135535714,0.03983020110948609
TNNC2,2.4555861700132096,-3.8985404679453612,1.5233722808352859,-2.559151506818634,0.010492800063280766,0.039842912459340005
OR2L2,5.2717591880695744,-2.2084061789275045,0.8630214840906523,-2.55892375756376,0.010499676613622028,0.03985319411280773
REDIC1,1.7206162080035665,-5.591987761310602,2.1854171281613124,-2.558773649777051,0.010504211086862312,0.03985319411280773
PRAM1,1.8915863563482083,-4.536634579963466,1.774186426975054,-2.557022481396344,0.010557239432231948,0.04002090765159823
GPR85,9.805066570997969,-2.6893962986270283,1.0520609997476074,-2.5563121333004672,0.010578817772134964,0.04008146705332209
CALML4,23.82839190599284,-1.2042879687081376,0.47117222323328556,-2.555940077375643,0.010590135411615778,0.0401172649485039
POTEM,26.705083884837233,-1.9441521459074642,0.7609295121756746,-2.5549700922345364,0.010619692224503851,0.04021503355176507
RNF152,207.967733992507,-1.2612860070334537,0.49365296972935996,-2.555005407391635,0.010618614836390873,0.04021503355176507
SKI,215.53269058768342,-1.1581318519932824,0.45359784842311307,-2.553212842652165,0.010673424984665223,0.04039000179349598
MPHOSPH9,325.08891473605064,-1.7004555476955048,0.6660526280749441,-2.553034814396333,0.010678882154396252,0.04039640596392448
TRIM23,114.46023203336172,-1.0201131788701414,0.39975560396755794,-2.5518420973854026,0.010715507009997958,0.040504436599736106
HSPB9,2.0635824383480164,-4.420685930030986,1.732916475043051,-2.5510092342570423,0.010741147985039484,0.04056758813075454
LGALS12,3.1000835778269202,-2.978098408994439,1.1676844930903458,-2.550430725608701,0.010758990355866986,0.0406063899115205
HSP90B2P,3.439356480074432,-3.0952151545358144,1.2138801319297106,-2.5498523891443363,0.010776853749318893,0.040659507992331825
EMX1,5.607879551580716,-2.68202580065846,1.0519435433784148,-2.549591009461291,0.010784935773556518,0.040668550641455435
FBXO4,166.9920900676073,-1.1767427859325816,0.46153518776134583,-2.549627454496624,0.01078380854696275,0.040668550641455435
ITIH2,11.431137777596511,-2.5351968898831974,0.9944764960284801,-2.5492778361356,0.010794626385008289,0.04069079259130123
OR51L1,2.646374422586447,-4.130368166965758,1.6203554122202402,-2.549050742704808,0.010801658242497476,0.04071014855707689
GPR135,21.361199058710792,-1.275453519301274,0.5005825171046687,-2.5479386029668,0.010836154040251594,0.04080432807576754
CAPN15,114.83322129367632,-1.2358558237751989,0.48522595156966486,-2.5469697566202094,0.010866285008648587,0.040903433833642984
FLACC1,12.517093871716014,-1.889138801859374,0.742108267341352,-2.5456377256479414,0.010907832526678814,0.04100074569554521
PPWD1,229.34999407561298,-1.4812396346339807,0.5828879775128973,-2.5412080738982232,0.011047015488997019,0.04142389522870453
PGM2L1,137.748655698079,-1.012496797329785,0.39859021009675616,-2.5401948459396566,0.011079072741296308,0.041507838866658306
RGS13,1.3174020375861901,-5.212829932261524,2.0539596553503814,-2.5379417354584195,0.011150654686748787,0.04171775620251551
PRB2,2.505570361878407,-6.102623285657621,2.4050022898258843,-2.5374708836969275,0.011165665567984219,0.04174560028806293
OR6C74,9.133418897629063,-1.75020498127787,0.6900909821106957,-2.536194540500638,0.011206446038462504,0.04183895824380747
PCDHAC1,32.906796110675245,-1.1001401806275788,0.4342031139229446,-2.533699426261632,0.011286549714400698,0.04208676922172702
LRP2BP,13.608326937388982,-1.3829392757807972,0.5459434275949332,-2.533118279073559,0.011305279827910074,0.04214196718897867
MYSM1,473.76155151757393,-1.3409123293720007,0.5296474535989835,-2.531707308815379,0.011350869659034988,0.0422605244418617
LRRC4C,5.4249243279959245,-2.763611170809784,1.0916856226346834,-2.5315082598047427,0.01135731424729069,0.042265962039813844
ACSM6,2.7522473948514383,-3.3270521752185265,1.3144552498358923,-2.5311262408012016,0.011369691935628194,0.04230124634857508
HHLA2,5.844525598705212,-3.5369967429331517,1.3976938024243553,-2.5305948533205846,0.01138692918374361,0.04234335475361945
LRRD1,2.0804640666519565,-4.431383124769672,1.752704088804089,-2.528312196608903,0.011461238588351436,0.04260491600658615
HPAT5,3.2316713225036606,-4.125879153626842,1.6336671308815334,-2.5255323288536147,0.011552315192472441,0.04287970865482364
CDC37,894.7641452316226,-1.0384105550339282,0.41128146029231577,-2.5248173216849703,0.011575844514318825,0.042956531778883277
RNASEH2C,139.49222197647993,-1.0960226352188043,0.4346355129027885,-2.521705205124237,0.01167875355020671,0.04322629375430079
RAB11B,209.969486303788,-1.223307820789525,0.485522951021399,-2.5195674441672455,0.011749912791781615,0.043452202052668185
SAGE1,1.6463852843115077,-5.538227575379468,2.19839738078703,-2.5192113235673403,0.01176180420640004,0.04348119177766492
SKOR1,3.9897470187851285,-2.6843545431967373,1.0657788986278371,-2.518678636490903,0.011779611372345391,0.043532023428712256
OR6C4,2.1375822632838672,-4.41351669625487,1.7528919708690025,-2.51784865787642,0.011807404334731998,0.04359719494551766
SPDYE1,15.511175405698264,-2.6480364861583903,1.0520204753546167,-2.517095957914494,0.011832659786759788,0.04366959401119863
KHDC4,624.2166759497945,-1.1190693128628775,0.44465315088166585,-2.5167241267580533,0.01184515356110909,0.043706498525000186
HSP90AA6P,1.8103639818175503,-4.937084706618628,1.9624261645490082,-2.5158066050109134,0.011876032964997825,0.04380461947123865
KCNJ9,3.120071601714455,-3.3004809144896368,1.3129094203554148,-2.5138679510702047,0.011941513660882247,0.04398642004162942
AFF4,3065.576789353204,-1.103648503374185,0.4393544483420069,-2.5119775332627823,0.012005673164727677,0.044147890441078246
ZNF624,40.745379753688965,-1.3287337507556751,0.5290905401624248,-2.511354201017786,0.01202689553218872,0.04419472228095375
PCGF3,580.400344935575,-1.0080716377839767,0.4015563789603959,-2.5104112164618337,0.012059064194557281,0.044297760632522984
SLC24A2,1.755241703615372,-4.88646249817711,1.9465957151226965,-2.5102605847815247,0.012064209851975762,0.04430907811456441
TFAP2A,2187.966838551743,-1.2125104945003573,0.48322718222563554,-2.5091934789674024,0.012100718509599545,0.044414945464069544
TMEM184A,305.94552712762595,-1.2750440711702353,0.508225673044418,-2.5088147624112622,0.012113698979240155,0.04443200677618315
GABPB2,398.31977214714016,-1.2298597776749975,0.4902572495747733,-2.50860090032676,0.012121034530094277,0.04444172236730278
MUC4,18.773700930185008,-2.0075201410091057,0.8002831644933925,-2.5085122742522477,0.012124075591746964,0.04444527881771265
MECOM,131.99824186218933,-1.74215158837777,0.6947815306884884,-2.507481145406094,0.012159506855302687,0.04454472808378212
TAS2R64P,2.114952811900109,-5.924795180252654,2.3633341031002404,-2.506964704008824,0.012177287084662763,0.044602249673470366
ASB14,10.119347693615898,-2.110970766054354,0.8421224782759462,-2.5067265397974956,0.012185494446800449,0.04461708084428214
ZNF865,71.35862888686948,-1.0036755328544256,0.4005782769674823,-2.505566553565012,0.012225538777269979,0.044725547589535244
CCDC50,543.4564339505113,-1.0755697154845902,0.42951241642440574,-2.5041644300727466,0.012274097636766386,0.04485731186733764
DNASE1L2,11.97802670825802,-1.9126123176854368,0.7640177801118243,-2.5033610047733448,0.012301999099866913,0.044951626201795325
MGC16275,5.444002821493216,-2.476374061209923,0.9895701556839145,-2.5024744804459513,0.012332851630394858,0.04504738389139134
TSNAX-DISC1,7.573550888674701,-2.73520110908958,1.093019299461896,-2.5024270938638926,0.012334502690858132,0.04504738389139134
ZNF469,70.07281313582043,-1.8150233829574134,0.7256537619952498,-2.501225071812271,0.012376449507702654,0.045172109261692954
HLMR1,1.8536541306564547,-4.473889531156781,1.7897102392598772,-2.4997842851963163,0.012426894918765563,0.045300011033923726
GPM6B,23.682626964701758,-1.8849813755529166,0.7541135844411773,-2.4995987533492707,0.01243340405235784,0.04531604126419825
PAG1,88.7517028819057,-2.2911594736216236,0.9172619454794317,-2.4978246235039077,0.012495799644731204,0.045527989877068194
ARID1A,1859.3057505982401,-1.233904866393617,0.4942800914888137,-2.496367722756121,0.012547245563987282,0.045699913408548384
TMEM266,8.884365922597535,-1.9708626137723917,0.7899928957044348,-2.4947852372963153,0.012603338516158266,0.045880855734818725
LAMB1,147.80470884447092,-1.1246987513702813,0.4509106401934963,-2.494283015560792,0.012621186671749834,0.0459380369701071
SLC7A6OS,90.40912941900007,-1.0299012907875194,0.41304844843109967,-2.493415226953253,0.012652079227375773,0.04603486270252358
SNORA70I,2.185277674248372,-5.930786499023449,2.379176058382691,-2.4927900892946364,0.01267437506883839,0.046092541768729345
AP1AR,318.81385527202997,-1.33483159487774,0.5356877988050389,-2.4918088443592605,0.01270944179288501,0.046195069870764216
IYD,145.29983554581793,-1.7610372704217816,0.7070675354752776,-2.490621025667718,0.012752005710879024,0.04632775394539764
PWRN1,2.7187509785206405,-3.938663425615974,1.5828110874017047,-2.488397672322075,0.012832015834329105,0.046571124607593876
CFB,13.3252216173546,-2.4503427268213227,0.9848258282411554,-2.48809754634228,0.01284285019799021,0.04660256429639329
AICDA,3.3945172126677536,-3.2928395155682866,1.323559540517529,-2.487866555879113,0.012851194323339308,0.04661707744740729
BMAL1,126.17772839532772,-1.0272127784891172,0.4130226822400602,-2.4870614197698533,0.01288031596463918,0.04669114537181703
NFILZ,7.224265792504893,-2.4693043417384772,0.9928320411375042,-2.4871320016116263,0.012877760698104672,0.04669114537181703
TAF1D,817.218888892676,-1.7175985705246715,0.6906902961216635,-2.486785437944129,0.012890311610737675,0.04671159864343642
A2M,11.241140590716565,-3.3660967368743386,1.3537736359317567,-2.48645463874584,0.012902301702269628,0.04674715423445994
PPL,912.5563849357281,-1.57622001230218,0.6341269897404488,-2.4856535643552,0.012931378196894317,0.04683075878563103
PKMYT1AR,1.5084510894823029,-5.438639789253165,2.188510461563969,-2.4850874075176073,0.012951962866983906,0.04688660498041587
RN7SL405P,2.484408824748716,-3.7678744653659,1.51685869190685,-2.4839983351575667,0.012991641539625676,0.046989532059559344
RNF19A,631.1795557436296,-1.1469565411360363,0.46174641774651903,-2.4839533065217436,0.012993284400811982,0.046989532059559344
SIRPB1,4.094166060824647,-3.4869678820056578,1.404852056713874,-2.482089032322816,0.013061463592994161,0.04716456481670111
MROH1,162.1126065010847,-1.0796969384236765,0.4350338595723201,-2.4818687434700415,0.013069540739945772,0.047185791433249705
CCNYL1B,2.497618050333342,-3.585284915453631,1.445096848514265,-2.480999746930276,0.013101446609658845,0.04727712195111465
ZNF19,20.81506916690192,-1.465306618455039,0.5907473336335846,-2.480428662186576,0.013122451910911576,0.04732904504338864
PDE1C,2.1148957923639586,-4.836320875394102,1.949847987094501,-2.4803579086187018,0.01312505639911234,0.047330484006881335
C9orf163,24.25840272702421,-1.9640326780217914,0.7918559489733757,-2.480290361609479,0.013127543278158325,0.04733061547378888
LNCEGFL7OS,1.783688904300128,-4.973795170435396,2.0070475161698114,-2.478165130802302,0.013206001023010257,0.047550466770771835
GRASLND,2.0873293377518536,-3.896185343074968,1.5734517326645638,-2.4762026455536503,0.013278818529256345,0.04776457352293684
PLCB1,327.37466276873795,-2.41892429906104,0.9770263697274398,-2.475802469626122,0.013293710446787965,0.04778610153904015
CLNK,2.1656541911265887,-4.80473059145494,1.9431853122542622,-2.4726054489785327,0.013413213607427697,0.04813504414973217
DDX27,1768.9533464808665,-1.3828520121123837,0.5596178893629276,-2.4710647003916026,0.013471144367600388,0.048292655364312986
MDM4,661.4551820728129,-1.5197947754590626,0.6150968114300749,-2.4708220677093125,0.013480287259725686,0.04831111633161544
ZNF326,479.5723972309902,-1.1413013835614298,0.4619874573891712,-2.4704163831876826,0.01349558652523022,0.04835787056794799
UCA1,36.17994303397344,-1.9492617224632263,0.7891797545625098,-2.469984450556287,0.013511892527337881,0.048400135809826564
SPATA17,43.26658690023906,-1.3330760597958056,0.5397876584580564,-2.4696304906337363,0.013525267936671099,0.04843060453348367
ZNF670-ZNF695,18.675754861030693,-1.790398705542997,0.7253155227871015,-2.468441180830104,0.013570295210422042,0.048552606738188904
ZFP91-CNTF,13.625145859889127,-2.878217643066365,1.1675585487226168,-2.465159153016624,0.013695240523232266,0.048926229670145566
MAPK4,4.874460654073822,-4.1381110766093725,1.6787745632662625,-2.4649593621183823,0.01370287917712016,0.04894537069590523
ZNF622,324.14998572114774,-1.0415456980867508,0.422651665007595,-2.464312303295988,0.01372764416924186,0.049017511459555796
ANXA13,1.9957862173676328,-4.20285106367904,1.7059175413689867,-2.4636894584636733,0.013751519744515304,0.04907856359361068
MYO7A,9.023758917280041,-2.299632430768794,0.9337326033605852,-2.462838314194252,0.013784206042132388,0.04915404813296129
FAM245A,3.8064283754133608,-3.485633697440753,1.4154208732018532,-2.4626128972902794,0.013792874158839567,0.04917678675007428
ZMAT1,164.76364409267728,-1.0420282210806124,0.42328969936921074,-2.4617377239121345,0.013826573463099035,0.04928056245110534
SNORA63B,2.0234997525836422,-5.860752609654978,2.380970714235679,-2.461497142578821,0.013835849985008995,0.04930543684461857
FADS6,3.038297478249876,-3.2961818725329572,1.339721142316222,-2.460349223745355,0.013880188040116818,0.04940601017430866
ZNF407,197.08714440546345,-1.3501942078280262,0.5496750410701422,-2.4563498557245436,0.014035643990105779,0.04984360748430746
